-- phpMyAdmin SQL Dump
-- version 5.2.1
-- https://www.phpmyadmin.net/
--
-- Host: localhost:3306
-- Generation Time: Oct 07, 2025 at 08:52 PM
-- Server version: 8.0.40
-- PHP Version: 8.3.13

SET SQL_MODE = "NO_AUTO_VALUE_ON_ZERO";
START TRANSACTION;
SET time_zone = "+00:00";


/*!40101 SET @OLD_CHARACTER_SET_CLIENT=@@CHARACTER_SET_CLIENT */;
/*!40101 SET @OLD_CHARACTER_SET_RESULTS=@@CHARACTER_SET_RESULTS */;
/*!40101 SET @OLD_COLLATION_CONNECTION=@@COLLATION_CONNECTION */;
/*!40101 SET NAMES utf8mb4 */;

--
-- Database: `jorepuku_career`
--

-- --------------------------------------------------------

--
-- Table structure for table `academic_years`
--

CREATE TABLE `academic_years` (
  `id` int NOT NULL,
  `year` varchar(20) CHARACTER SET utf8mb4 COLLATE utf8mb4_general_ci NOT NULL,
  `start_date` date NOT NULL,
  `end_date` date NOT NULL,
  `is_current` tinyint(1) DEFAULT '0',
  `created_at` timestamp NOT NULL DEFAULT CURRENT_TIMESTAMP,
  `updated_at` timestamp NOT NULL DEFAULT CURRENT_TIMESTAMP ON UPDATE CURRENT_TIMESTAMP
) ENGINE=InnoDB DEFAULT CHARSET=utf8mb4 COLLATE=utf8mb4_general_ci;

--
-- Dumping data for table `academic_years`
--

INSERT INTO `academic_years` (`id`, `year`, `start_date`, `end_date`, `is_current`, `created_at`, `updated_at`) VALUES
(1, '২০২৫', '2025-01-01', '2025-12-31', 1, '2025-09-07 18:32:53', '2025-09-08 13:53:24');

-- --------------------------------------------------------

--
-- Table structure for table `attendance`
--

CREATE TABLE `attendance` (
  `id` int NOT NULL,
  `student_id` int NOT NULL,
  `class_id` int NOT NULL,
  `section_id` int NOT NULL,
  `date` date NOT NULL,
  `status` enum('present','absent','late','half_day') CHARACTER SET utf8mb4 COLLATE utf8mb4_general_ci NOT NULL,
  `remarks` text CHARACTER SET utf8mb4 COLLATE utf8mb4_general_ci,
  `recorded_by` int NOT NULL,
  `created_at` timestamp NOT NULL DEFAULT CURRENT_TIMESTAMP,
  `updated_at` timestamp NOT NULL DEFAULT CURRENT_TIMESTAMP ON UPDATE CURRENT_TIMESTAMP
) ENGINE=InnoDB DEFAULT CHARSET=utf8mb4 COLLATE=utf8mb4_general_ci;

--
-- Dumping data for table `attendance`
--

INSERT INTO `attendance` (`id`, `student_id`, `class_id`, `section_id`, `date`, `status`, `remarks`, `recorded_by`, `created_at`, `updated_at`) VALUES
(1, 79, 7, 14, '2025-09-12', 'present', '', 1, '2025-09-12 01:31:58', '2025-09-12 01:31:58'),
(2, 80, 7, 14, '2025-09-12', 'present', '', 1, '2025-09-12 01:31:58', '2025-09-12 01:31:58'),
(3, 81, 7, 14, '2025-09-12', 'present', '', 1, '2025-09-12 01:31:58', '2025-09-12 01:31:58'),
(4, 82, 7, 14, '2025-09-12', 'absent', '', 1, '2025-09-12 01:31:58', '2025-09-12 01:31:58'),
(5, 83, 7, 14, '2025-09-12', 'present', '', 1, '2025-09-12 01:31:58', '2025-09-12 01:31:58'),
(6, 84, 7, 14, '2025-09-12', 'present', '', 1, '2025-09-12 01:31:58', '2025-09-12 01:31:58'),
(7, 85, 7, 14, '2025-09-12', 'present', '', 1, '2025-09-12 01:31:58', '2025-09-12 01:31:58'),
(8, 86, 7, 14, '2025-09-12', 'present', '', 1, '2025-09-12 01:31:58', '2025-09-12 01:31:58'),
(9, 87, 7, 14, '2025-09-12', 'present', '', 1, '2025-09-12 01:31:58', '2025-09-12 01:31:58'),
(10, 88, 7, 14, '2025-09-12', 'present', '', 1, '2025-09-12 01:31:58', '2025-09-12 01:31:58'),
(11, 89, 7, 14, '2025-09-12', 'present', '', 1, '2025-09-12 01:31:58', '2025-09-12 01:31:58'),
(12, 90, 7, 14, '2025-09-12', 'present', '', 1, '2025-09-12 01:31:58', '2025-09-12 01:31:58'),
(13, 91, 7, 14, '2025-09-12', 'present', '', 1, '2025-09-12 01:31:58', '2025-09-12 01:31:58'),
(14, 92, 7, 14, '2025-09-12', 'present', '', 1, '2025-09-12 01:31:58', '2025-09-12 01:31:58'),
(15, 93, 7, 14, '2025-09-12', 'present', '', 1, '2025-09-12 01:31:58', '2025-09-12 01:31:58'),
(16, 94, 7, 14, '2025-09-12', 'present', '', 1, '2025-09-12 01:31:58', '2025-09-12 01:31:58'),
(17, 95, 7, 14, '2025-09-12', 'late', '', 1, '2025-09-12 01:31:58', '2025-09-12 01:31:58'),
(18, 96, 7, 14, '2025-09-12', 'present', '', 1, '2025-09-12 01:31:58', '2025-09-12 01:31:58'),
(19, 97, 7, 14, '2025-09-12', 'present', '', 1, '2025-09-12 01:31:58', '2025-09-12 01:31:58'),
(20, 98, 7, 14, '2025-09-12', 'absent', 'মায়ের অসুস্থতার জন্য ছুটি ', 1, '2025-09-12 01:31:58', '2025-09-12 01:31:58'),
(21, 99, 7, 14, '2025-09-12', 'present', '', 1, '2025-09-12 01:31:58', '2025-09-12 01:31:58'),
(22, 79, 7, 14, '2025-09-18', 'present', '', 1, '2025-09-12 02:13:26', '2025-09-12 02:17:19'),
(23, 80, 7, 14, '2025-09-18', 'present', '', 1, '2025-09-12 02:13:26', '2025-09-12 02:17:19'),
(24, 81, 7, 14, '2025-09-18', 'present', '', 1, '2025-09-12 02:13:26', '2025-09-12 02:17:19'),
(25, 82, 7, 14, '2025-09-18', 'present', '', 1, '2025-09-12 02:13:26', '2025-09-12 02:17:19'),
(26, 83, 7, 14, '2025-09-18', 'absent', 'প্রধান শিক্ষক ছুটি দিয়েছে', 1, '2025-09-12 02:13:26', '2025-09-12 02:17:19'),
(27, 84, 7, 14, '2025-09-18', 'present', '', 1, '2025-09-12 02:13:26', '2025-09-12 02:17:19'),
(28, 85, 7, 14, '2025-09-18', 'present', '', 1, '2025-09-12 02:13:26', '2025-09-12 02:17:19'),
(29, 86, 7, 14, '2025-09-18', 'present', '', 1, '2025-09-12 02:13:26', '2025-09-12 02:17:19'),
(30, 87, 7, 14, '2025-09-18', 'present', '', 1, '2025-09-12 02:13:26', '2025-09-12 02:17:19'),
(31, 88, 7, 14, '2025-09-18', 'present', '', 1, '2025-09-12 02:13:26', '2025-09-12 02:17:19'),
(32, 89, 7, 14, '2025-09-18', 'present', '', 1, '2025-09-12 02:13:26', '2025-09-12 02:17:19'),
(33, 90, 7, 14, '2025-09-18', 'present', '', 1, '2025-09-12 02:13:26', '2025-09-12 02:17:19'),
(34, 91, 7, 14, '2025-09-18', 'present', '', 1, '2025-09-12 02:13:26', '2025-09-12 02:17:19'),
(35, 92, 7, 14, '2025-09-18', 'present', '', 1, '2025-09-12 02:13:26', '2025-09-12 02:17:19'),
(36, 93, 7, 14, '2025-09-18', 'present', '', 1, '2025-09-12 02:13:26', '2025-09-12 02:17:19'),
(37, 94, 7, 14, '2025-09-18', 'present', '', 1, '2025-09-12 02:13:26', '2025-09-12 02:17:19'),
(38, 95, 7, 14, '2025-09-18', 'present', '', 1, '2025-09-12 02:13:26', '2025-09-12 02:17:19'),
(39, 96, 7, 14, '2025-09-18', 'present', '', 1, '2025-09-12 02:13:26', '2025-09-12 02:17:19'),
(40, 97, 7, 14, '2025-09-18', 'present', '', 1, '2025-09-12 02:13:26', '2025-09-12 02:17:19'),
(41, 98, 7, 14, '2025-09-18', 'present', '', 1, '2025-09-12 02:13:26', '2025-09-12 02:17:19'),
(42, 99, 7, 14, '2025-09-18', 'present', '', 1, '2025-09-12 02:13:26', '2025-09-12 02:17:19'),
(43, 79, 7, 14, '2025-09-14', 'present', '', 1, '2025-09-12 02:28:50', '2025-09-12 02:28:50'),
(44, 80, 7, 14, '2025-09-14', 'present', '', 1, '2025-09-12 02:28:50', '2025-09-12 02:28:50'),
(45, 81, 7, 14, '2025-09-14', 'present', '', 1, '2025-09-12 02:28:50', '2025-09-12 02:28:50'),
(46, 82, 7, 14, '2025-09-14', 'present', '', 1, '2025-09-12 02:28:50', '2025-09-12 02:28:50'),
(47, 83, 7, 14, '2025-09-14', 'absent', '', 1, '2025-09-12 02:28:50', '2025-09-12 02:28:50'),
(48, 84, 7, 14, '2025-09-14', 'present', '', 1, '2025-09-12 02:28:50', '2025-09-12 02:28:50'),
(49, 85, 7, 14, '2025-09-14', 'present', '', 1, '2025-09-12 02:28:50', '2025-09-12 02:28:50'),
(50, 86, 7, 14, '2025-09-14', 'present', '', 1, '2025-09-12 02:28:50', '2025-09-12 02:28:50'),
(51, 87, 7, 14, '2025-09-14', 'present', '', 1, '2025-09-12 02:28:50', '2025-09-12 02:28:50'),
(52, 88, 7, 14, '2025-09-14', 'present', '', 1, '2025-09-12 02:28:50', '2025-09-12 02:28:50'),
(53, 89, 7, 14, '2025-09-14', 'present', '', 1, '2025-09-12 02:28:50', '2025-09-12 02:28:50'),
(54, 90, 7, 14, '2025-09-14', 'present', '', 1, '2025-09-12 02:28:50', '2025-09-12 02:28:50'),
(55, 91, 7, 14, '2025-09-14', 'present', '', 1, '2025-09-12 02:28:50', '2025-09-12 02:28:50'),
(56, 92, 7, 14, '2025-09-14', 'present', '', 1, '2025-09-12 02:28:50', '2025-09-12 02:28:50'),
(57, 93, 7, 14, '2025-09-14', 'present', '', 1, '2025-09-12 02:28:50', '2025-09-12 02:28:50'),
(58, 94, 7, 14, '2025-09-14', 'present', '', 1, '2025-09-12 02:28:50', '2025-09-12 02:28:50'),
(59, 95, 7, 14, '2025-09-14', 'present', '', 1, '2025-09-12 02:28:50', '2025-09-12 02:28:50'),
(60, 96, 7, 14, '2025-09-14', 'present', '', 1, '2025-09-12 02:28:50', '2025-09-12 02:28:50'),
(61, 97, 7, 14, '2025-09-14', 'present', '', 1, '2025-09-12 02:28:50', '2025-09-12 02:28:50'),
(62, 98, 7, 14, '2025-09-14', 'present', '', 1, '2025-09-12 02:28:50', '2025-09-12 02:28:50'),
(63, 99, 7, 14, '2025-09-14', 'present', '', 1, '2025-09-12 02:28:50', '2025-09-12 02:28:50'),
(64, 79, 7, 14, '2025-09-15', 'present', '', 1, '2025-09-12 02:29:04', '2025-09-12 02:29:04'),
(65, 80, 7, 14, '2025-09-15', 'present', '', 1, '2025-09-12 02:29:04', '2025-09-12 02:29:04'),
(66, 81, 7, 14, '2025-09-15', 'present', '', 1, '2025-09-12 02:29:04', '2025-09-12 02:29:04'),
(67, 82, 7, 14, '2025-09-15', 'present', '', 1, '2025-09-12 02:29:04', '2025-09-12 02:29:04'),
(68, 83, 7, 14, '2025-09-15', 'absent', '', 1, '2025-09-12 02:29:04', '2025-09-12 02:29:04'),
(69, 84, 7, 14, '2025-09-15', 'present', '', 1, '2025-09-12 02:29:04', '2025-09-12 02:29:04'),
(70, 85, 7, 14, '2025-09-15', 'present', '', 1, '2025-09-12 02:29:04', '2025-09-12 02:29:04'),
(71, 86, 7, 14, '2025-09-15', 'present', '', 1, '2025-09-12 02:29:04', '2025-09-12 02:29:04'),
(72, 87, 7, 14, '2025-09-15', 'present', '', 1, '2025-09-12 02:29:04', '2025-09-12 02:29:04'),
(73, 88, 7, 14, '2025-09-15', 'present', '', 1, '2025-09-12 02:29:04', '2025-09-12 02:29:04'),
(74, 89, 7, 14, '2025-09-15', 'present', '', 1, '2025-09-12 02:29:04', '2025-09-12 02:29:04'),
(75, 90, 7, 14, '2025-09-15', 'present', '', 1, '2025-09-12 02:29:04', '2025-09-12 02:29:04'),
(76, 91, 7, 14, '2025-09-15', 'present', '', 1, '2025-09-12 02:29:04', '2025-09-12 02:29:04'),
(77, 92, 7, 14, '2025-09-15', 'present', '', 1, '2025-09-12 02:29:04', '2025-09-12 02:29:04'),
(78, 93, 7, 14, '2025-09-15', 'present', '', 1, '2025-09-12 02:29:04', '2025-09-12 02:29:04'),
(79, 94, 7, 14, '2025-09-15', 'present', '', 1, '2025-09-12 02:29:04', '2025-09-12 02:29:04'),
(80, 95, 7, 14, '2025-09-15', 'present', '', 1, '2025-09-12 02:29:04', '2025-09-12 02:29:04'),
(81, 96, 7, 14, '2025-09-15', 'present', '', 1, '2025-09-12 02:29:04', '2025-09-12 02:29:04'),
(82, 97, 7, 14, '2025-09-15', 'present', '', 1, '2025-09-12 02:29:04', '2025-09-12 02:29:04'),
(83, 98, 7, 14, '2025-09-15', 'present', '', 1, '2025-09-12 02:29:04', '2025-09-12 02:29:04'),
(84, 99, 7, 14, '2025-09-15', 'present', '', 1, '2025-09-12 02:29:04', '2025-09-12 02:29:04'),
(85, 79, 7, 14, '2025-09-16', 'present', '', 1, '2025-09-12 02:29:16', '2025-09-12 04:03:03'),
(86, 80, 7, 14, '2025-09-16', 'present', '', 1, '2025-09-12 02:29:16', '2025-09-12 04:03:03'),
(87, 81, 7, 14, '2025-09-16', 'present', '', 1, '2025-09-12 02:29:16', '2025-09-12 04:03:03'),
(88, 82, 7, 14, '2025-09-16', 'present', '', 1, '2025-09-12 02:29:16', '2025-09-12 04:03:03'),
(89, 83, 7, 14, '2025-09-16', 'present', '', 1, '2025-09-12 02:29:16', '2025-09-12 04:03:03'),
(90, 84, 7, 14, '2025-09-16', 'present', '', 1, '2025-09-12 02:29:16', '2025-09-12 04:03:03'),
(91, 85, 7, 14, '2025-09-16', 'present', '', 1, '2025-09-12 02:29:16', '2025-09-12 04:03:03'),
(92, 86, 7, 14, '2025-09-16', 'present', '', 1, '2025-09-12 02:29:16', '2025-09-12 04:03:03'),
(93, 87, 7, 14, '2025-09-16', 'present', '', 1, '2025-09-12 02:29:16', '2025-09-12 04:03:03'),
(94, 88, 7, 14, '2025-09-16', 'present', '', 1, '2025-09-12 02:29:16', '2025-09-12 04:03:03'),
(95, 89, 7, 14, '2025-09-16', 'present', '', 1, '2025-09-12 02:29:16', '2025-09-12 04:03:03'),
(96, 90, 7, 14, '2025-09-16', 'present', '', 1, '2025-09-12 02:29:16', '2025-09-12 04:03:03'),
(97, 91, 7, 14, '2025-09-16', 'present', '', 1, '2025-09-12 02:29:16', '2025-09-12 04:03:03'),
(98, 92, 7, 14, '2025-09-16', 'present', '', 1, '2025-09-12 02:29:16', '2025-09-12 04:03:03'),
(99, 93, 7, 14, '2025-09-16', 'present', '', 1, '2025-09-12 02:29:16', '2025-09-12 04:03:03'),
(100, 94, 7, 14, '2025-09-16', 'present', '', 1, '2025-09-12 02:29:16', '2025-09-12 04:03:03'),
(101, 95, 7, 14, '2025-09-16', 'present', '', 1, '2025-09-12 02:29:16', '2025-09-12 04:03:03'),
(102, 96, 7, 14, '2025-09-16', 'present', '', 1, '2025-09-12 02:29:16', '2025-09-12 04:03:03'),
(103, 97, 7, 14, '2025-09-16', 'present', '', 1, '2025-09-12 02:29:16', '2025-09-12 04:03:03'),
(104, 98, 7, 14, '2025-09-16', 'present', '', 1, '2025-09-12 02:29:16', '2025-09-12 04:03:03'),
(105, 99, 7, 14, '2025-09-16', 'present', '', 1, '2025-09-12 02:29:16', '2025-09-12 04:03:03'),
(106, 79, 7, 14, '2025-09-17', 'present', '', 1, '2025-09-12 02:30:19', '2025-09-17 13:27:58'),
(107, 80, 7, 14, '2025-09-17', 'present', '', 1, '2025-09-12 02:30:19', '2025-09-17 13:27:58'),
(108, 81, 7, 14, '2025-09-17', 'present', '', 1, '2025-09-12 02:30:19', '2025-09-17 13:27:58'),
(109, 82, 7, 14, '2025-09-17', 'absent', '', 1, '2025-09-12 02:30:19', '2025-09-17 13:27:58'),
(110, 83, 7, 14, '2025-09-17', 'present', 'যোগাযোগ করা সম্ভব হয় নি', 1, '2025-09-12 02:30:19', '2025-09-17 13:27:58'),
(111, 84, 7, 14, '2025-09-17', 'present', '', 1, '2025-09-12 02:30:19', '2025-09-17 13:27:58'),
(112, 85, 7, 14, '2025-09-17', 'present', '', 1, '2025-09-12 02:30:19', '2025-09-17 13:27:58'),
(113, 86, 7, 14, '2025-09-17', 'present', '', 1, '2025-09-12 02:30:19', '2025-09-17 13:27:58'),
(114, 87, 7, 14, '2025-09-17', 'present', '', 1, '2025-09-12 02:30:19', '2025-09-17 13:27:58'),
(115, 88, 7, 14, '2025-09-17', 'present', '', 1, '2025-09-12 02:30:19', '2025-09-17 13:27:58'),
(116, 89, 7, 14, '2025-09-17', 'present', '', 1, '2025-09-12 02:30:19', '2025-09-17 13:27:58'),
(117, 90, 7, 14, '2025-09-17', 'present', '', 1, '2025-09-12 02:30:19', '2025-09-17 13:27:58'),
(118, 91, 7, 14, '2025-09-17', 'present', '', 1, '2025-09-12 02:30:19', '2025-09-17 13:27:58'),
(119, 92, 7, 14, '2025-09-17', 'present', '', 1, '2025-09-12 02:30:19', '2025-09-17 13:27:58'),
(120, 93, 7, 14, '2025-09-17', 'present', '', 1, '2025-09-12 02:30:19', '2025-09-17 13:27:58'),
(121, 94, 7, 14, '2025-09-17', 'present', '', 1, '2025-09-12 02:30:19', '2025-09-17 13:27:58'),
(122, 95, 7, 14, '2025-09-17', 'absent', '', 1, '2025-09-12 02:30:19', '2025-09-17 13:27:58'),
(123, 96, 7, 14, '2025-09-17', 'present', '', 1, '2025-09-12 02:30:19', '2025-09-17 13:27:58'),
(124, 97, 7, 14, '2025-09-17', 'present', '', 1, '2025-09-12 02:30:19', '2025-09-17 13:27:58'),
(125, 98, 7, 14, '2025-09-17', 'present', '', 1, '2025-09-12 02:30:19', '2025-09-17 13:27:58'),
(126, 99, 7, 14, '2025-09-17', 'absent', '', 1, '2025-09-12 02:30:19', '2025-09-17 13:27:58'),
(148, 100, 8, 15, '2025-09-12', 'present', '', 1, '2025-09-12 04:06:12', '2025-09-12 04:06:12'),
(149, 101, 8, 15, '2025-09-12', 'present', '', 1, '2025-09-12 04:06:12', '2025-09-12 04:06:12'),
(150, 102, 8, 15, '2025-09-12', 'present', '', 1, '2025-09-12 04:06:12', '2025-09-12 04:06:12'),
(151, 103, 8, 15, '2025-09-12', 'present', '', 1, '2025-09-12 04:06:12', '2025-09-12 04:06:12'),
(152, 104, 8, 15, '2025-09-12', 'present', '', 1, '2025-09-12 04:06:12', '2025-09-12 04:06:12'),
(153, 105, 8, 15, '2025-09-12', 'present', '', 1, '2025-09-12 04:06:12', '2025-09-12 04:06:12'),
(154, 106, 8, 15, '2025-09-12', 'present', '', 1, '2025-09-12 04:06:12', '2025-09-12 04:06:12'),
(155, 107, 8, 15, '2025-09-12', 'present', '', 1, '2025-09-12 04:06:12', '2025-09-12 04:06:12'),
(156, 108, 8, 15, '2025-09-12', 'present', '', 1, '2025-09-12 04:06:12', '2025-09-12 04:06:12'),
(157, 109, 8, 15, '2025-09-12', 'present', '', 1, '2025-09-12 04:06:12', '2025-09-12 04:06:12'),
(158, 110, 8, 15, '2025-09-12', 'absent', '', 1, '2025-09-12 04:06:12', '2025-09-12 04:06:12'),
(159, 111, 8, 15, '2025-09-12', 'present', '', 1, '2025-09-12 04:06:12', '2025-09-12 04:06:12'),
(160, 112, 8, 15, '2025-09-12', 'present', '', 1, '2025-09-12 04:06:12', '2025-09-12 04:06:12'),
(161, 113, 8, 15, '2025-09-12', 'present', '', 1, '2025-09-12 04:06:12', '2025-09-12 04:06:12'),
(162, 114, 8, 15, '2025-09-12', 'present', '', 1, '2025-09-12 04:06:12', '2025-09-12 04:06:12'),
(163, 115, 8, 15, '2025-09-12', 'present', '', 1, '2025-09-12 04:06:12', '2025-09-12 04:06:12'),
(164, 116, 8, 15, '2025-09-12', 'present', '', 1, '2025-09-12 04:06:12', '2025-09-12 04:06:12'),
(165, 117, 8, 15, '2025-09-12', 'present', '', 1, '2025-09-12 04:06:12', '2025-09-12 04:06:12'),
(166, 118, 8, 15, '2025-09-12', 'present', '', 1, '2025-09-12 04:06:12', '2025-09-12 04:06:12'),
(167, 119, 8, 15, '2025-09-12', 'present', '', 1, '2025-09-12 04:06:12', '2025-09-12 04:06:12'),
(168, 120, 8, 15, '2025-09-12', 'present', '', 1, '2025-09-12 04:06:12', '2025-09-12 04:06:12'),
(169, 121, 8, 15, '2025-09-12', 'absent', '', 1, '2025-09-12 04:06:12', '2025-09-12 04:06:12'),
(170, 122, 8, 15, '2025-09-12', 'present', '', 1, '2025-09-12 04:06:12', '2025-09-12 04:06:12'),
(171, 123, 8, 15, '2025-09-12', 'present', '', 1, '2025-09-12 04:06:12', '2025-09-12 04:06:12'),
(172, 36, 2, 3, '2025-09-12', 'present', '', 1, '2025-09-12 04:06:25', '2025-09-12 04:06:25'),
(173, 37, 2, 3, '2025-09-12', 'present', '', 1, '2025-09-12 04:06:25', '2025-09-12 04:06:25'),
(174, 3, 2, 3, '2025-09-12', 'present', '', 1, '2025-09-12 04:06:25', '2025-09-12 04:06:25'),
(175, 38, 2, 3, '2025-09-12', 'present', '', 1, '2025-09-12 04:06:25', '2025-09-12 04:06:25'),
(176, 39, 2, 3, '2025-09-12', 'present', '', 1, '2025-09-12 04:06:25', '2025-09-12 04:06:25'),
(177, 40, 2, 3, '2025-09-12', 'present', '', 1, '2025-09-12 04:06:25', '2025-09-12 04:06:25'),
(178, 41, 2, 3, '2025-09-12', 'present', '', 1, '2025-09-12 04:06:25', '2025-09-12 04:06:25'),
(179, 42, 2, 3, '2025-09-12', 'present', '', 1, '2025-09-12 04:06:25', '2025-09-12 04:06:25'),
(180, 43, 2, 3, '2025-09-12', 'absent', '', 1, '2025-09-12 04:06:25', '2025-09-12 04:06:25'),
(181, 44, 2, 3, '2025-09-12', 'present', '', 1, '2025-09-12 04:06:25', '2025-09-12 04:06:25'),
(182, 45, 2, 3, '2025-09-12', 'present', '', 1, '2025-09-12 04:06:25', '2025-09-12 04:06:25'),
(183, 46, 2, 3, '2025-09-12', 'present', '', 1, '2025-09-12 04:06:25', '2025-09-12 04:06:25'),
(184, 47, 2, 3, '2025-09-12', 'present', '', 1, '2025-09-12 04:06:25', '2025-09-12 04:06:25'),
(185, 48, 2, 3, '2025-09-12', 'present', '', 1, '2025-09-12 04:06:25', '2025-09-12 04:06:25'),
(186, 49, 2, 3, '2025-09-12', 'present', '', 1, '2025-09-12 04:06:25', '2025-09-12 04:06:25'),
(187, 50, 2, 3, '2025-09-12', 'present', '', 1, '2025-09-12 04:06:25', '2025-09-12 04:06:25'),
(188, 51, 2, 3, '2025-09-12', 'present', '', 1, '2025-09-12 04:06:25', '2025-09-12 04:06:25'),
(189, 52, 2, 3, '2025-09-12', 'present', '', 1, '2025-09-12 04:06:25', '2025-09-12 04:06:25'),
(190, 53, 2, 3, '2025-09-12', 'present', '', 1, '2025-09-12 04:06:25', '2025-09-12 04:06:25'),
(191, 54, 2, 3, '2025-09-12', 'present', '', 1, '2025-09-12 04:06:25', '2025-09-12 04:06:25'),
(192, 55, 2, 3, '2025-09-12', 'absent', '', 1, '2025-09-12 04:06:25', '2025-09-12 04:06:25'),
(193, 1, 1, 1, '2025-09-12', 'present', '', 1, '2025-09-12 04:06:40', '2025-09-12 18:02:26'),
(194, 6, 1, 1, '2025-09-12', 'present', '', 1, '2025-09-12 04:06:40', '2025-09-12 18:02:26'),
(195, 7, 1, 1, '2025-09-12', 'present', '', 1, '2025-09-12 04:06:40', '2025-09-12 18:02:26'),
(196, 8, 1, 1, '2025-09-12', 'present', '', 1, '2025-09-12 04:06:40', '2025-09-12 18:02:26'),
(197, 9, 1, 1, '2025-09-12', 'present', '', 1, '2025-09-12 04:06:40', '2025-09-12 18:02:26'),
(198, 10, 1, 1, '2025-09-12', 'present', '', 1, '2025-09-12 04:06:40', '2025-09-12 18:02:26'),
(199, 11, 1, 1, '2025-09-12', 'present', '', 1, '2025-09-12 04:06:40', '2025-09-12 18:02:26'),
(200, 12, 1, 1, '2025-09-12', 'present', '', 1, '2025-09-12 04:06:40', '2025-09-12 18:02:26'),
(201, 13, 1, 1, '2025-09-12', 'present', '', 1, '2025-09-12 04:06:40', '2025-09-12 18:02:26'),
(202, 14, 1, 1, '2025-09-12', 'present', '', 1, '2025-09-12 04:06:40', '2025-09-12 18:02:26'),
(203, 15, 1, 1, '2025-09-12', 'present', '', 1, '2025-09-12 04:06:40', '2025-09-12 18:02:26'),
(204, 16, 1, 1, '2025-09-12', 'present', '', 1, '2025-09-12 04:06:40', '2025-09-12 18:02:26'),
(205, 17, 1, 1, '2025-09-12', 'present', '', 1, '2025-09-12 04:06:40', '2025-09-12 18:02:26'),
(206, 18, 1, 1, '2025-09-12', 'present', '', 1, '2025-09-12 04:06:40', '2025-09-12 18:02:26'),
(207, 19, 1, 1, '2025-09-12', 'present', '', 1, '2025-09-12 04:06:40', '2025-09-12 18:02:26'),
(208, 5, 1, 1, '2025-09-12', 'present', '', 1, '2025-09-12 04:06:40', '2025-09-12 18:02:26'),
(209, 20, 1, 1, '2025-09-12', 'present', '', 1, '2025-09-12 04:06:40', '2025-09-12 18:02:26'),
(210, 21, 1, 1, '2025-09-12', 'present', '', 1, '2025-09-12 04:06:40', '2025-09-12 18:02:26'),
(211, 22, 1, 1, '2025-09-12', 'present', '', 1, '2025-09-12 04:06:40', '2025-09-12 18:02:26'),
(212, 23, 1, 1, '2025-09-12', 'present', '', 1, '2025-09-12 04:06:40', '2025-09-12 18:02:26'),
(213, 24, 1, 1, '2025-09-12', 'present', '', 1, '2025-09-12 04:06:40', '2025-09-12 18:02:26'),
(214, 25, 1, 1, '2025-09-12', 'present', '', 1, '2025-09-12 04:06:40', '2025-09-12 18:02:26'),
(215, 26, 1, 1, '2025-09-12', 'present', '', 1, '2025-09-12 04:06:40', '2025-09-12 18:02:26'),
(216, 27, 1, 1, '2025-09-12', 'present', '', 1, '2025-09-12 04:06:40', '2025-09-12 18:02:26'),
(217, 28, 1, 1, '2025-09-12', 'present', '', 1, '2025-09-12 04:06:40', '2025-09-12 18:02:26'),
(218, 29, 1, 1, '2025-09-12', 'present', '', 1, '2025-09-12 04:06:40', '2025-09-12 18:02:26'),
(219, 30, 1, 1, '2025-09-12', 'present', '', 1, '2025-09-12 04:06:40', '2025-09-12 18:02:26'),
(220, 31, 1, 1, '2025-09-12', 'present', '', 1, '2025-09-12 04:06:40', '2025-09-12 18:02:26'),
(221, 32, 1, 1, '2025-09-12', 'present', '', 1, '2025-09-12 04:06:40', '2025-09-12 18:02:26'),
(222, 33, 1, 1, '2025-09-12', 'present', '', 1, '2025-09-12 04:06:40', '2025-09-12 18:02:26'),
(223, 34, 1, 1, '2025-09-12', 'present', '', 1, '2025-09-12 04:06:40', '2025-09-12 18:02:26'),
(224, 35, 1, 1, '2025-09-12', 'present', '', 1, '2025-09-12 04:06:40', '2025-09-12 18:02:26'),
(225, 173, 1, 1, '2025-09-12', 'present', '', 1, '2025-09-12 04:06:40', '2025-09-12 18:02:26'),
(226, 56, 6, 13, '2025-09-12', 'present', '', 1, '2025-09-12 04:06:50', '2025-09-12 04:06:50'),
(227, 57, 6, 13, '2025-09-12', 'present', '', 1, '2025-09-12 04:06:50', '2025-09-12 04:06:50'),
(228, 58, 6, 13, '2025-09-12', 'present', '', 1, '2025-09-12 04:06:50', '2025-09-12 04:06:50'),
(229, 59, 6, 13, '2025-09-12', 'present', '', 1, '2025-09-12 04:06:50', '2025-09-12 04:06:50'),
(230, 60, 6, 13, '2025-09-12', 'present', '', 1, '2025-09-12 04:06:50', '2025-09-12 04:06:50'),
(231, 61, 6, 13, '2025-09-12', 'present', '', 1, '2025-09-12 04:06:50', '2025-09-12 04:06:50'),
(232, 62, 6, 13, '2025-09-12', 'present', '', 1, '2025-09-12 04:06:50', '2025-09-12 04:06:50'),
(233, 63, 6, 13, '2025-09-12', 'present', '', 1, '2025-09-12 04:06:50', '2025-09-12 04:06:50'),
(234, 64, 6, 13, '2025-09-12', 'present', '', 1, '2025-09-12 04:06:50', '2025-09-12 04:06:50'),
(235, 65, 6, 13, '2025-09-12', 'present', '', 1, '2025-09-12 04:06:50', '2025-09-12 04:06:50'),
(236, 66, 6, 13, '2025-09-12', 'present', '', 1, '2025-09-12 04:06:50', '2025-09-12 04:06:50'),
(237, 67, 6, 13, '2025-09-12', 'present', '', 1, '2025-09-12 04:06:50', '2025-09-12 04:06:50'),
(238, 68, 6, 13, '2025-09-12', 'present', '', 1, '2025-09-12 04:06:50', '2025-09-12 04:06:50'),
(239, 69, 6, 13, '2025-09-12', 'present', '', 1, '2025-09-12 04:06:50', '2025-09-12 04:06:50'),
(240, 70, 6, 13, '2025-09-12', 'present', '', 1, '2025-09-12 04:06:50', '2025-09-12 04:06:50'),
(241, 71, 6, 13, '2025-09-12', 'present', '', 1, '2025-09-12 04:06:50', '2025-09-12 04:06:50'),
(242, 72, 6, 13, '2025-09-12', 'present', '', 1, '2025-09-12 04:06:50', '2025-09-12 04:06:50'),
(243, 73, 6, 13, '2025-09-12', 'present', '', 1, '2025-09-12 04:06:50', '2025-09-12 04:06:50'),
(244, 74, 6, 13, '2025-09-12', 'present', '', 1, '2025-09-12 04:06:50', '2025-09-12 04:06:50'),
(245, 75, 6, 13, '2025-09-12', 'present', '', 1, '2025-09-12 04:06:50', '2025-09-12 04:06:50'),
(246, 76, 6, 13, '2025-09-12', 'present', '', 1, '2025-09-12 04:06:50', '2025-09-12 04:06:50'),
(247, 77, 6, 13, '2025-09-12', 'present', '', 1, '2025-09-12 04:06:50', '2025-09-12 04:06:50'),
(248, 78, 6, 13, '2025-09-12', 'present', '', 1, '2025-09-12 04:06:50', '2025-09-12 04:06:50'),
(249, 124, 9, 12, '2025-09-12', 'present', '', 1, '2025-09-12 04:07:00', '2025-09-12 04:07:00'),
(250, 125, 9, 12, '2025-09-12', 'absent', '', 1, '2025-09-12 04:07:00', '2025-09-12 04:07:00'),
(251, 126, 9, 12, '2025-09-12', 'present', '', 1, '2025-09-12 04:07:00', '2025-09-12 04:07:00'),
(252, 127, 9, 12, '2025-09-12', 'present', '', 1, '2025-09-12 04:07:00', '2025-09-12 04:07:00'),
(253, 128, 9, 12, '2025-09-12', 'present', '', 1, '2025-09-12 04:07:00', '2025-09-12 04:07:00'),
(254, 4, 9, 12, '2025-09-12', 'present', '', 1, '2025-09-12 04:07:00', '2025-09-12 04:07:00'),
(255, 129, 9, 12, '2025-09-12', 'present', '', 1, '2025-09-12 04:07:00', '2025-09-12 04:07:00'),
(256, 130, 9, 12, '2025-09-12', 'present', '', 1, '2025-09-12 04:07:00', '2025-09-12 04:07:00'),
(257, 131, 9, 12, '2025-09-12', 'present', '', 1, '2025-09-12 04:07:00', '2025-09-12 04:07:00'),
(258, 132, 9, 12, '2025-09-12', 'present', '', 1, '2025-09-12 04:07:00', '2025-09-12 04:07:00'),
(259, 133, 9, 12, '2025-09-12', 'present', '', 1, '2025-09-12 04:07:00', '2025-09-12 04:07:00'),
(260, 134, 9, 12, '2025-09-12', 'present', '', 1, '2025-09-12 04:07:00', '2025-09-12 04:07:00'),
(261, 135, 9, 12, '2025-09-12', 'present', '', 1, '2025-09-12 04:07:00', '2025-09-12 04:07:00'),
(262, 136, 9, 12, '2025-09-12', 'present', '', 1, '2025-09-12 04:07:00', '2025-09-12 04:07:00'),
(263, 137, 9, 12, '2025-09-12', 'present', '', 1, '2025-09-12 04:07:00', '2025-09-12 04:07:00'),
(264, 138, 9, 12, '2025-09-12', 'present', '', 1, '2025-09-12 04:07:00', '2025-09-12 04:07:00'),
(265, 139, 9, 12, '2025-09-12', 'present', '', 1, '2025-09-12 04:07:00', '2025-09-12 04:07:00'),
(266, 140, 9, 12, '2025-09-12', 'present', '', 1, '2025-09-12 04:07:00', '2025-09-12 04:07:00'),
(267, 141, 9, 12, '2025-09-12', 'present', '', 1, '2025-09-12 04:07:00', '2025-09-12 04:07:00'),
(268, 142, 9, 12, '2025-09-12', 'present', '', 1, '2025-09-12 04:07:00', '2025-09-12 04:07:00'),
(269, 143, 9, 12, '2025-09-12', 'present', '', 1, '2025-09-12 04:07:00', '2025-09-12 04:07:00'),
(270, 144, 10, 16, '2025-09-12', 'present', '', 1, '2025-09-12 04:07:12', '2025-09-12 04:07:12'),
(271, 145, 10, 16, '2025-09-12', 'present', '', 1, '2025-09-12 04:07:12', '2025-09-12 04:07:12'),
(272, 146, 10, 16, '2025-09-12', 'present', '', 1, '2025-09-12 04:07:12', '2025-09-12 04:07:12'),
(273, 147, 10, 16, '2025-09-12', 'present', '', 1, '2025-09-12 04:07:12', '2025-09-12 04:07:12'),
(274, 148, 10, 16, '2025-09-12', 'absent', '', 1, '2025-09-12 04:07:12', '2025-09-12 04:07:12'),
(275, 149, 10, 16, '2025-09-12', 'present', '', 1, '2025-09-12 04:07:12', '2025-09-12 04:07:12'),
(276, 150, 10, 16, '2025-09-12', 'present', '', 1, '2025-09-12 04:07:12', '2025-09-12 04:07:12'),
(277, 151, 10, 16, '2025-09-12', 'present', '', 1, '2025-09-12 04:07:12', '2025-09-12 04:07:12'),
(278, 152, 10, 16, '2025-09-12', 'present', '', 1, '2025-09-12 04:07:12', '2025-09-12 04:07:12'),
(279, 153, 10, 16, '2025-09-12', 'present', '', 1, '2025-09-12 04:07:12', '2025-09-12 04:07:12'),
(280, 154, 10, 16, '2025-09-12', 'present', '', 1, '2025-09-12 04:07:12', '2025-09-12 04:07:12'),
(281, 155, 10, 16, '2025-09-12', 'present', '', 1, '2025-09-12 04:07:12', '2025-09-12 04:07:12'),
(282, 156, 10, 16, '2025-09-12', 'present', '', 1, '2025-09-12 04:07:12', '2025-09-12 04:07:12'),
(283, 157, 10, 16, '2025-09-12', 'present', '', 1, '2025-09-12 04:07:12', '2025-09-12 04:07:12'),
(284, 158, 10, 16, '2025-09-12', 'present', '', 1, '2025-09-12 04:07:12', '2025-09-12 04:07:12'),
(285, 159, 10, 16, '2025-09-12', 'present', '', 1, '2025-09-12 04:07:12', '2025-09-12 04:07:12'),
(286, 160, 10, 16, '2025-09-12', 'present', '', 1, '2025-09-12 04:07:12', '2025-09-12 04:07:12'),
(287, 161, 10, 16, '2025-09-12', 'present', '', 1, '2025-09-12 04:07:12', '2025-09-12 04:07:12'),
(288, 162, 10, 16, '2025-09-12', 'present', '', 1, '2025-09-12 04:07:12', '2025-09-12 04:07:12'),
(289, 163, 10, 16, '2025-09-12', 'present', '', 1, '2025-09-12 04:07:12', '2025-09-12 04:07:12'),
(290, 164, 10, 16, '2025-09-12', 'present', '', 1, '2025-09-12 04:07:12', '2025-09-12 04:07:12'),
(291, 165, 10, 16, '2025-09-12', 'present', '', 1, '2025-09-12 04:07:12', '2025-09-12 04:07:12'),
(292, 166, 10, 16, '2025-09-12', 'present', '', 1, '2025-09-12 04:07:12', '2025-09-12 04:07:12'),
(293, 167, 10, 16, '2025-09-12', 'present', '', 1, '2025-09-12 04:07:12', '2025-09-12 04:07:12'),
(294, 168, 10, 16, '2025-09-12', 'present', '', 1, '2025-09-12 04:07:12', '2025-09-12 04:07:12'),
(295, 169, 10, 16, '2025-09-12', 'present', '', 1, '2025-09-12 04:07:12', '2025-09-12 04:07:12'),
(296, 170, 10, 16, '2025-09-12', 'present', '', 1, '2025-09-12 04:07:12', '2025-09-12 04:07:12'),
(297, 171, 10, 16, '2025-09-12', 'present', '', 1, '2025-09-12 04:07:12', '2025-09-12 04:07:12'),
(298, 100, 8, 15, '2025-09-10', 'present', '', 17, '2025-09-12 17:20:00', '2025-09-12 17:20:00'),
(299, 101, 8, 15, '2025-09-10', 'present', '', 17, '2025-09-12 17:20:00', '2025-09-12 17:20:00'),
(300, 102, 8, 15, '2025-09-10', 'present', '', 17, '2025-09-12 17:20:00', '2025-09-12 17:20:00'),
(301, 103, 8, 15, '2025-09-10', 'absent', '', 17, '2025-09-12 17:20:00', '2025-09-12 17:20:00'),
(302, 104, 8, 15, '2025-09-10', 'present', '', 17, '2025-09-12 17:20:00', '2025-09-12 17:20:00'),
(303, 105, 8, 15, '2025-09-10', 'present', '', 17, '2025-09-12 17:20:00', '2025-09-12 17:20:00'),
(304, 106, 8, 15, '2025-09-10', 'present', '', 17, '2025-09-12 17:20:00', '2025-09-12 17:20:00'),
(305, 107, 8, 15, '2025-09-10', 'present', '', 17, '2025-09-12 17:20:00', '2025-09-12 17:20:00'),
(306, 108, 8, 15, '2025-09-10', 'present', '', 17, '2025-09-12 17:20:00', '2025-09-12 17:20:00'),
(307, 109, 8, 15, '2025-09-10', 'present', '', 17, '2025-09-12 17:20:00', '2025-09-12 17:20:00'),
(308, 110, 8, 15, '2025-09-10', 'present', '', 17, '2025-09-12 17:20:00', '2025-09-12 17:20:00'),
(309, 111, 8, 15, '2025-09-10', 'present', '', 17, '2025-09-12 17:20:00', '2025-09-12 17:20:00'),
(310, 112, 8, 15, '2025-09-10', 'present', '', 17, '2025-09-12 17:20:00', '2025-09-12 17:20:00'),
(311, 113, 8, 15, '2025-09-10', 'present', '', 17, '2025-09-12 17:20:00', '2025-09-12 17:20:00'),
(312, 114, 8, 15, '2025-09-10', 'present', '', 17, '2025-09-12 17:20:00', '2025-09-12 17:20:00'),
(313, 115, 8, 15, '2025-09-10', 'absent', '', 17, '2025-09-12 17:20:00', '2025-09-12 17:20:00'),
(314, 116, 8, 15, '2025-09-10', 'present', '', 17, '2025-09-12 17:20:00', '2025-09-12 17:20:00'),
(315, 117, 8, 15, '2025-09-10', 'present', '', 17, '2025-09-12 17:20:00', '2025-09-12 17:20:00'),
(316, 118, 8, 15, '2025-09-10', 'present', '', 17, '2025-09-12 17:20:00', '2025-09-12 17:20:00'),
(317, 119, 8, 15, '2025-09-10', 'present', '', 17, '2025-09-12 17:20:00', '2025-09-12 17:20:00'),
(318, 120, 8, 15, '2025-09-10', 'present', '', 17, '2025-09-12 17:20:00', '2025-09-12 17:20:00'),
(319, 121, 8, 15, '2025-09-10', 'present', '', 17, '2025-09-12 17:20:00', '2025-09-12 17:20:00'),
(320, 122, 8, 15, '2025-09-10', 'present', '', 17, '2025-09-12 17:20:00', '2025-09-12 17:20:00'),
(321, 123, 8, 15, '2025-09-10', 'late', '', 17, '2025-09-12 17:20:00', '2025-09-12 17:20:00'),
(322, 79, 7, 14, '2025-09-13', 'present', '', 1, '2025-09-13 01:32:47', '2025-09-13 01:32:47'),
(323, 80, 7, 14, '2025-09-13', 'present', '', 1, '2025-09-13 01:32:47', '2025-09-13 01:32:47'),
(324, 81, 7, 14, '2025-09-13', 'present', '', 1, '2025-09-13 01:32:47', '2025-09-13 01:32:47'),
(325, 82, 7, 14, '2025-09-13', 'present', '', 1, '2025-09-13 01:32:47', '2025-09-13 01:32:47'),
(326, 83, 7, 14, '2025-09-13', 'absent', '', 1, '2025-09-13 01:32:47', '2025-09-13 01:32:47'),
(327, 84, 7, 14, '2025-09-13', 'present', '', 1, '2025-09-13 01:32:47', '2025-09-13 01:32:47'),
(328, 85, 7, 14, '2025-09-13', 'present', '', 1, '2025-09-13 01:32:47', '2025-09-13 01:32:47'),
(329, 86, 7, 14, '2025-09-13', 'present', '', 1, '2025-09-13 01:32:47', '2025-09-13 01:32:47'),
(330, 87, 7, 14, '2025-09-13', 'present', '', 1, '2025-09-13 01:32:47', '2025-09-13 01:32:47'),
(331, 88, 7, 14, '2025-09-13', 'present', '', 1, '2025-09-13 01:32:47', '2025-09-13 01:32:47'),
(332, 89, 7, 14, '2025-09-13', 'present', '', 1, '2025-09-13 01:32:47', '2025-09-13 01:32:47'),
(333, 90, 7, 14, '2025-09-13', 'present', '', 1, '2025-09-13 01:32:47', '2025-09-13 01:32:47'),
(334, 91, 7, 14, '2025-09-13', 'present', '', 1, '2025-09-13 01:32:47', '2025-09-13 01:32:47'),
(335, 92, 7, 14, '2025-09-13', 'present', '', 1, '2025-09-13 01:32:47', '2025-09-13 01:32:47'),
(336, 93, 7, 14, '2025-09-13', 'present', '', 1, '2025-09-13 01:32:47', '2025-09-13 01:32:47'),
(337, 94, 7, 14, '2025-09-13', 'present', '', 1, '2025-09-13 01:32:47', '2025-09-13 01:32:47'),
(338, 95, 7, 14, '2025-09-13', 'present', '', 1, '2025-09-13 01:32:47', '2025-09-13 01:32:47'),
(339, 96, 7, 14, '2025-09-13', 'absent', '', 1, '2025-09-13 01:32:47', '2025-09-13 01:32:47'),
(340, 97, 7, 14, '2025-09-13', 'present', '', 1, '2025-09-13 01:32:47', '2025-09-13 01:32:47'),
(341, 98, 7, 14, '2025-09-13', 'present', '', 1, '2025-09-13 01:32:47', '2025-09-13 01:32:47'),
(342, 99, 7, 14, '2025-09-13', 'present', '', 1, '2025-09-13 01:32:47', '2025-09-13 01:32:47'),
(343, 100, 8, 15, '2025-09-13', 'present', '', 1, '2025-09-13 01:33:22', '2025-09-13 01:33:22'),
(344, 101, 8, 15, '2025-09-13', 'present', '', 1, '2025-09-13 01:33:22', '2025-09-13 01:33:22'),
(345, 102, 8, 15, '2025-09-13', 'present', '', 1, '2025-09-13 01:33:22', '2025-09-13 01:33:22'),
(346, 103, 8, 15, '2025-09-13', 'present', '', 1, '2025-09-13 01:33:22', '2025-09-13 01:33:22'),
(347, 104, 8, 15, '2025-09-13', 'present', '', 1, '2025-09-13 01:33:22', '2025-09-13 01:33:22'),
(348, 105, 8, 15, '2025-09-13', 'present', '', 1, '2025-09-13 01:33:22', '2025-09-13 01:33:22'),
(349, 106, 8, 15, '2025-09-13', 'absent', '', 1, '2025-09-13 01:33:22', '2025-09-13 01:33:22'),
(350, 107, 8, 15, '2025-09-13', 'present', '', 1, '2025-09-13 01:33:22', '2025-09-13 01:33:22'),
(351, 108, 8, 15, '2025-09-13', 'present', '', 1, '2025-09-13 01:33:22', '2025-09-13 01:33:22'),
(352, 109, 8, 15, '2025-09-13', 'present', '', 1, '2025-09-13 01:33:22', '2025-09-13 01:33:22'),
(353, 110, 8, 15, '2025-09-13', 'present', '', 1, '2025-09-13 01:33:22', '2025-09-13 01:33:22'),
(354, 111, 8, 15, '2025-09-13', 'present', '', 1, '2025-09-13 01:33:22', '2025-09-13 01:33:22'),
(355, 112, 8, 15, '2025-09-13', 'present', '', 1, '2025-09-13 01:33:22', '2025-09-13 01:33:22'),
(356, 113, 8, 15, '2025-09-13', 'present', '', 1, '2025-09-13 01:33:22', '2025-09-13 01:33:22'),
(357, 114, 8, 15, '2025-09-13', 'present', '', 1, '2025-09-13 01:33:22', '2025-09-13 01:33:22'),
(358, 115, 8, 15, '2025-09-13', 'present', '', 1, '2025-09-13 01:33:22', '2025-09-13 01:33:22'),
(359, 116, 8, 15, '2025-09-13', 'present', '', 1, '2025-09-13 01:33:22', '2025-09-13 01:33:22'),
(360, 117, 8, 15, '2025-09-13', 'present', '', 1, '2025-09-13 01:33:22', '2025-09-13 01:33:22'),
(361, 118, 8, 15, '2025-09-13', 'present', '', 1, '2025-09-13 01:33:22', '2025-09-13 01:33:22'),
(362, 119, 8, 15, '2025-09-13', 'present', '', 1, '2025-09-13 01:33:22', '2025-09-13 01:33:22'),
(363, 120, 8, 15, '2025-09-13', 'present', '', 1, '2025-09-13 01:33:22', '2025-09-13 01:33:22'),
(364, 121, 8, 15, '2025-09-13', 'absent', '', 1, '2025-09-13 01:33:22', '2025-09-13 01:33:22'),
(365, 122, 8, 15, '2025-09-13', 'present', '', 1, '2025-09-13 01:33:22', '2025-09-13 01:33:22'),
(366, 123, 8, 15, '2025-09-13', 'present', '', 1, '2025-09-13 01:33:22', '2025-09-13 01:33:22'),
(367, 36, 2, 3, '2025-09-13', 'absent', '', 1, '2025-09-13 01:33:40', '2025-09-13 01:44:16'),
(368, 37, 2, 3, '2025-09-13', 'present', '', 1, '2025-09-13 01:33:40', '2025-09-13 01:44:16'),
(369, 3, 2, 3, '2025-09-13', 'present', '', 1, '2025-09-13 01:33:40', '2025-09-13 01:44:16'),
(370, 38, 2, 3, '2025-09-13', 'present', '', 1, '2025-09-13 01:33:40', '2025-09-13 01:44:16'),
(371, 39, 2, 3, '2025-09-13', 'present', '', 1, '2025-09-13 01:33:40', '2025-09-13 01:44:16'),
(372, 40, 2, 3, '2025-09-13', 'present', '', 1, '2025-09-13 01:33:40', '2025-09-13 01:44:16'),
(373, 41, 2, 3, '2025-09-13', 'present', '', 1, '2025-09-13 01:33:40', '2025-09-13 01:44:16'),
(374, 42, 2, 3, '2025-09-13', 'present', '', 1, '2025-09-13 01:33:40', '2025-09-13 01:44:16'),
(375, 43, 2, 3, '2025-09-13', 'present', '', 1, '2025-09-13 01:33:40', '2025-09-13 01:44:16'),
(376, 44, 2, 3, '2025-09-13', 'present', '', 1, '2025-09-13 01:33:40', '2025-09-13 01:44:16'),
(377, 45, 2, 3, '2025-09-13', 'present', '', 1, '2025-09-13 01:33:40', '2025-09-13 01:44:16'),
(378, 46, 2, 3, '2025-09-13', 'present', '', 1, '2025-09-13 01:33:40', '2025-09-13 01:44:16'),
(379, 47, 2, 3, '2025-09-13', 'present', '', 1, '2025-09-13 01:33:40', '2025-09-13 01:44:16'),
(380, 48, 2, 3, '2025-09-13', 'present', '', 1, '2025-09-13 01:33:40', '2025-09-13 01:44:16'),
(381, 49, 2, 3, '2025-09-13', 'present', '', 1, '2025-09-13 01:33:40', '2025-09-13 01:44:16'),
(382, 50, 2, 3, '2025-09-13', 'present', '', 1, '2025-09-13 01:33:40', '2025-09-13 01:44:16'),
(383, 51, 2, 3, '2025-09-13', 'present', '', 1, '2025-09-13 01:33:40', '2025-09-13 01:44:16'),
(384, 52, 2, 3, '2025-09-13', 'present', '', 1, '2025-09-13 01:33:40', '2025-09-13 01:44:16'),
(385, 53, 2, 3, '2025-09-13', 'present', '', 1, '2025-09-13 01:33:40', '2025-09-13 01:44:16'),
(386, 54, 2, 3, '2025-09-13', 'present', '', 1, '2025-09-13 01:33:40', '2025-09-13 01:44:16'),
(387, 55, 2, 3, '2025-09-13', 'absent', '', 1, '2025-09-13 01:33:40', '2025-09-13 01:44:16'),
(388, 1, 1, 1, '2025-09-13', 'present', '', 1, '2025-09-13 01:34:05', '2025-09-13 01:34:05'),
(389, 6, 1, 1, '2025-09-13', 'present', '', 1, '2025-09-13 01:34:05', '2025-09-13 01:34:05'),
(390, 7, 1, 1, '2025-09-13', 'present', '', 1, '2025-09-13 01:34:05', '2025-09-13 01:34:05'),
(391, 8, 1, 1, '2025-09-13', 'present', '', 1, '2025-09-13 01:34:05', '2025-09-13 01:34:05'),
(392, 9, 1, 1, '2025-09-13', 'present', '', 1, '2025-09-13 01:34:05', '2025-09-13 01:34:05'),
(393, 10, 1, 1, '2025-09-13', 'present', '', 1, '2025-09-13 01:34:05', '2025-09-13 01:34:05'),
(394, 11, 1, 1, '2025-09-13', 'present', '', 1, '2025-09-13 01:34:05', '2025-09-13 01:34:05'),
(395, 12, 1, 1, '2025-09-13', 'present', '', 1, '2025-09-13 01:34:05', '2025-09-13 01:34:05'),
(396, 13, 1, 1, '2025-09-13', 'absent', '', 1, '2025-09-13 01:34:05', '2025-09-13 01:34:05'),
(397, 14, 1, 1, '2025-09-13', 'present', '', 1, '2025-09-13 01:34:05', '2025-09-13 01:34:05'),
(398, 15, 1, 1, '2025-09-13', 'present', '', 1, '2025-09-13 01:34:05', '2025-09-13 01:34:05'),
(399, 16, 1, 1, '2025-09-13', 'present', '', 1, '2025-09-13 01:34:05', '2025-09-13 01:34:05'),
(400, 17, 1, 1, '2025-09-13', 'present', '', 1, '2025-09-13 01:34:05', '2025-09-13 01:34:05'),
(401, 18, 1, 1, '2025-09-13', 'present', '', 1, '2025-09-13 01:34:05', '2025-09-13 01:34:05'),
(402, 19, 1, 1, '2025-09-13', 'present', '', 1, '2025-09-13 01:34:05', '2025-09-13 01:34:05'),
(403, 5, 1, 1, '2025-09-13', 'present', '', 1, '2025-09-13 01:34:05', '2025-09-13 01:34:05'),
(404, 20, 1, 1, '2025-09-13', 'present', '', 1, '2025-09-13 01:34:05', '2025-09-13 01:34:05'),
(405, 21, 1, 1, '2025-09-13', 'present', '', 1, '2025-09-13 01:34:05', '2025-09-13 01:34:05'),
(406, 22, 1, 1, '2025-09-13', 'present', '', 1, '2025-09-13 01:34:05', '2025-09-13 01:34:05'),
(407, 23, 1, 1, '2025-09-13', 'present', '', 1, '2025-09-13 01:34:05', '2025-09-13 01:34:05'),
(408, 24, 1, 1, '2025-09-13', 'present', '', 1, '2025-09-13 01:34:05', '2025-09-13 01:34:05'),
(409, 25, 1, 1, '2025-09-13', 'present', '', 1, '2025-09-13 01:34:05', '2025-09-13 01:34:05'),
(410, 26, 1, 1, '2025-09-13', 'present', '', 1, '2025-09-13 01:34:05', '2025-09-13 01:34:05'),
(411, 27, 1, 1, '2025-09-13', 'present', '', 1, '2025-09-13 01:34:05', '2025-09-13 01:34:05'),
(412, 28, 1, 1, '2025-09-13', 'present', '', 1, '2025-09-13 01:34:05', '2025-09-13 01:34:05'),
(413, 29, 1, 1, '2025-09-13', 'present', '', 1, '2025-09-13 01:34:05', '2025-09-13 01:34:05'),
(414, 30, 1, 1, '2025-09-13', 'present', '', 1, '2025-09-13 01:34:05', '2025-09-13 01:34:05'),
(415, 31, 1, 1, '2025-09-13', 'present', '', 1, '2025-09-13 01:34:05', '2025-09-13 01:34:05'),
(416, 32, 1, 1, '2025-09-13', 'present', '', 1, '2025-09-13 01:34:05', '2025-09-13 01:34:05'),
(417, 33, 1, 1, '2025-09-13', 'present', '', 1, '2025-09-13 01:34:05', '2025-09-13 01:34:05'),
(418, 34, 1, 1, '2025-09-13', 'present', '', 1, '2025-09-13 01:34:05', '2025-09-13 01:34:05'),
(419, 35, 1, 1, '2025-09-13', 'present', '', 1, '2025-09-13 01:34:05', '2025-09-13 01:34:05'),
(420, 173, 1, 1, '2025-09-13', 'present', '', 1, '2025-09-13 01:34:05', '2025-09-13 01:34:05'),
(421, 56, 6, 13, '2025-09-13', 'present', '', 1, '2025-09-13 01:34:33', '2025-09-13 01:34:33'),
(422, 57, 6, 13, '2025-09-13', 'present', '', 1, '2025-09-13 01:34:33', '2025-09-13 01:34:33'),
(423, 58, 6, 13, '2025-09-13', 'present', '', 1, '2025-09-13 01:34:33', '2025-09-13 01:34:33'),
(424, 59, 6, 13, '2025-09-13', 'present', '', 1, '2025-09-13 01:34:33', '2025-09-13 01:34:33'),
(425, 60, 6, 13, '2025-09-13', 'present', '', 1, '2025-09-13 01:34:33', '2025-09-13 01:34:33'),
(426, 61, 6, 13, '2025-09-13', 'absent', '', 1, '2025-09-13 01:34:33', '2025-09-13 01:34:33'),
(427, 62, 6, 13, '2025-09-13', 'present', '', 1, '2025-09-13 01:34:33', '2025-09-13 01:34:33'),
(428, 63, 6, 13, '2025-09-13', 'present', '', 1, '2025-09-13 01:34:33', '2025-09-13 01:34:33'),
(429, 64, 6, 13, '2025-09-13', 'present', '', 1, '2025-09-13 01:34:33', '2025-09-13 01:34:33'),
(430, 65, 6, 13, '2025-09-13', 'present', '', 1, '2025-09-13 01:34:33', '2025-09-13 01:34:33'),
(431, 66, 6, 13, '2025-09-13', 'present', '', 1, '2025-09-13 01:34:33', '2025-09-13 01:34:33'),
(432, 67, 6, 13, '2025-09-13', 'present', '', 1, '2025-09-13 01:34:33', '2025-09-13 01:34:33'),
(433, 68, 6, 13, '2025-09-13', 'present', '', 1, '2025-09-13 01:34:33', '2025-09-13 01:34:33'),
(434, 69, 6, 13, '2025-09-13', 'present', '', 1, '2025-09-13 01:34:33', '2025-09-13 01:34:33'),
(435, 70, 6, 13, '2025-09-13', 'present', '', 1, '2025-09-13 01:34:33', '2025-09-13 01:34:33'),
(436, 71, 6, 13, '2025-09-13', 'present', '', 1, '2025-09-13 01:34:33', '2025-09-13 01:34:33'),
(437, 72, 6, 13, '2025-09-13', 'present', '', 1, '2025-09-13 01:34:33', '2025-09-13 01:34:33'),
(438, 73, 6, 13, '2025-09-13', 'absent', '', 1, '2025-09-13 01:34:33', '2025-09-13 01:34:33'),
(439, 74, 6, 13, '2025-09-13', 'present', '', 1, '2025-09-13 01:34:33', '2025-09-13 01:34:33'),
(440, 75, 6, 13, '2025-09-13', 'present', '', 1, '2025-09-13 01:34:33', '2025-09-13 01:34:33'),
(441, 76, 6, 13, '2025-09-13', 'present', '', 1, '2025-09-13 01:34:33', '2025-09-13 01:34:33'),
(442, 77, 6, 13, '2025-09-13', 'present', '', 1, '2025-09-13 01:34:33', '2025-09-13 01:34:33'),
(443, 78, 6, 13, '2025-09-13', 'present', '', 1, '2025-09-13 01:34:33', '2025-09-13 01:34:33'),
(444, 124, 9, 12, '2025-09-13', 'present', '', 1, '2025-09-13 01:34:58', '2025-09-13 01:34:58'),
(445, 125, 9, 12, '2025-09-13', 'present', '', 1, '2025-09-13 01:34:58', '2025-09-13 01:34:58'),
(446, 126, 9, 12, '2025-09-13', 'absent', '', 1, '2025-09-13 01:34:58', '2025-09-13 01:34:58'),
(447, 127, 9, 12, '2025-09-13', 'present', '', 1, '2025-09-13 01:34:58', '2025-09-13 01:34:58'),
(448, 128, 9, 12, '2025-09-13', 'present', '', 1, '2025-09-13 01:34:58', '2025-09-13 01:34:58'),
(449, 4, 9, 12, '2025-09-13', 'present', '', 1, '2025-09-13 01:34:58', '2025-09-13 01:34:58'),
(450, 129, 9, 12, '2025-09-13', 'present', '', 1, '2025-09-13 01:34:58', '2025-09-13 01:34:58'),
(451, 130, 9, 12, '2025-09-13', 'present', '', 1, '2025-09-13 01:34:58', '2025-09-13 01:34:58'),
(452, 131, 9, 12, '2025-09-13', 'present', '', 1, '2025-09-13 01:34:58', '2025-09-13 01:34:58'),
(453, 132, 9, 12, '2025-09-13', 'present', '', 1, '2025-09-13 01:34:58', '2025-09-13 01:34:58'),
(454, 133, 9, 12, '2025-09-13', 'absent', '', 1, '2025-09-13 01:34:58', '2025-09-13 01:34:58'),
(455, 134, 9, 12, '2025-09-13', 'present', '', 1, '2025-09-13 01:34:58', '2025-09-13 01:34:58'),
(456, 135, 9, 12, '2025-09-13', 'absent', '', 1, '2025-09-13 01:34:58', '2025-09-13 01:34:58'),
(457, 136, 9, 12, '2025-09-13', 'present', '', 1, '2025-09-13 01:34:58', '2025-09-13 01:34:58'),
(458, 137, 9, 12, '2025-09-13', 'present', '', 1, '2025-09-13 01:34:58', '2025-09-13 01:34:58'),
(459, 138, 9, 12, '2025-09-13', 'present', '', 1, '2025-09-13 01:34:58', '2025-09-13 01:34:58'),
(460, 139, 9, 12, '2025-09-13', 'present', '', 1, '2025-09-13 01:34:58', '2025-09-13 01:34:58'),
(461, 140, 9, 12, '2025-09-13', 'present', '', 1, '2025-09-13 01:34:58', '2025-09-13 01:34:58'),
(462, 141, 9, 12, '2025-09-13', 'present', '', 1, '2025-09-13 01:34:58', '2025-09-13 01:34:58'),
(463, 142, 9, 12, '2025-09-13', 'absent', '', 1, '2025-09-13 01:34:58', '2025-09-13 01:34:58'),
(464, 143, 9, 12, '2025-09-13', 'present', '', 1, '2025-09-13 01:34:58', '2025-09-13 01:34:58'),
(465, 144, 10, 16, '2025-09-13', 'present', '', 1, '2025-09-13 01:35:11', '2025-09-13 01:35:11'),
(466, 145, 10, 16, '2025-09-13', 'present', '', 1, '2025-09-13 01:35:11', '2025-09-13 01:35:11'),
(467, 146, 10, 16, '2025-09-13', 'present', '', 1, '2025-09-13 01:35:11', '2025-09-13 01:35:11'),
(468, 147, 10, 16, '2025-09-13', 'present', '', 1, '2025-09-13 01:35:11', '2025-09-13 01:35:11'),
(469, 148, 10, 16, '2025-09-13', 'present', '', 1, '2025-09-13 01:35:11', '2025-09-13 01:35:11'),
(470, 149, 10, 16, '2025-09-13', 'present', '', 1, '2025-09-13 01:35:11', '2025-09-13 01:35:11'),
(471, 150, 10, 16, '2025-09-13', 'present', '', 1, '2025-09-13 01:35:11', '2025-09-13 01:35:11'),
(472, 151, 10, 16, '2025-09-13', 'present', '', 1, '2025-09-13 01:35:11', '2025-09-13 01:35:11'),
(473, 152, 10, 16, '2025-09-13', 'present', '', 1, '2025-09-13 01:35:11', '2025-09-13 01:35:11'),
(474, 153, 10, 16, '2025-09-13', 'present', '', 1, '2025-09-13 01:35:11', '2025-09-13 01:35:11'),
(475, 154, 10, 16, '2025-09-13', 'present', '', 1, '2025-09-13 01:35:11', '2025-09-13 01:35:11'),
(476, 155, 10, 16, '2025-09-13', 'present', '', 1, '2025-09-13 01:35:11', '2025-09-13 01:35:11'),
(477, 156, 10, 16, '2025-09-13', 'present', '', 1, '2025-09-13 01:35:11', '2025-09-13 01:35:11'),
(478, 157, 10, 16, '2025-09-13', 'present', '', 1, '2025-09-13 01:35:11', '2025-09-13 01:35:11'),
(479, 158, 10, 16, '2025-09-13', 'present', '', 1, '2025-09-13 01:35:11', '2025-09-13 01:35:11'),
(480, 159, 10, 16, '2025-09-13', 'present', '', 1, '2025-09-13 01:35:11', '2025-09-13 01:35:11'),
(481, 160, 10, 16, '2025-09-13', 'present', '', 1, '2025-09-13 01:35:11', '2025-09-13 01:35:11'),
(482, 161, 10, 16, '2025-09-13', 'present', '', 1, '2025-09-13 01:35:11', '2025-09-13 01:35:11'),
(483, 162, 10, 16, '2025-09-13', 'present', '', 1, '2025-09-13 01:35:11', '2025-09-13 01:35:11'),
(484, 163, 10, 16, '2025-09-13', 'present', '', 1, '2025-09-13 01:35:11', '2025-09-13 01:35:11'),
(485, 164, 10, 16, '2025-09-13', 'present', '', 1, '2025-09-13 01:35:11', '2025-09-13 01:35:11'),
(486, 165, 10, 16, '2025-09-13', 'present', '', 1, '2025-09-13 01:35:11', '2025-09-13 01:35:11'),
(487, 166, 10, 16, '2025-09-13', 'present', '', 1, '2025-09-13 01:35:11', '2025-09-13 01:35:11'),
(488, 167, 10, 16, '2025-09-13', 'present', '', 1, '2025-09-13 01:35:11', '2025-09-13 01:35:11'),
(489, 168, 10, 16, '2025-09-13', 'present', '', 1, '2025-09-13 01:35:11', '2025-09-13 01:35:11'),
(490, 169, 10, 16, '2025-09-13', 'present', '', 1, '2025-09-13 01:35:11', '2025-09-13 01:35:11'),
(491, 170, 10, 16, '2025-09-13', 'present', '', 1, '2025-09-13 01:35:11', '2025-09-13 01:35:11'),
(492, 171, 10, 16, '2025-09-13', 'present', '', 1, '2025-09-13 01:35:11', '2025-09-13 01:35:11'),
(493, 100, 8, 15, '2025-09-14', 'present', '', 17, '2025-09-14 02:30:51', '2025-09-14 02:30:51'),
(494, 101, 8, 15, '2025-09-14', 'present', '', 17, '2025-09-14 02:30:51', '2025-09-14 02:30:51'),
(495, 102, 8, 15, '2025-09-14', 'present', '', 17, '2025-09-14 02:30:51', '2025-09-14 02:30:51'),
(496, 103, 8, 15, '2025-09-14', 'present', '', 17, '2025-09-14 02:30:51', '2025-09-14 02:30:51'),
(497, 104, 8, 15, '2025-09-14', 'present', '', 17, '2025-09-14 02:30:51', '2025-09-14 02:30:51'),
(498, 105, 8, 15, '2025-09-14', 'present', '', 17, '2025-09-14 02:30:51', '2025-09-14 02:30:51'),
(499, 106, 8, 15, '2025-09-14', 'present', '', 17, '2025-09-14 02:30:51', '2025-09-14 02:30:51'),
(500, 107, 8, 15, '2025-09-14', 'present', '', 17, '2025-09-14 02:30:51', '2025-09-14 02:30:51'),
(501, 108, 8, 15, '2025-09-14', 'present', '', 17, '2025-09-14 02:30:51', '2025-09-14 02:30:51'),
(502, 109, 8, 15, '2025-09-14', 'present', '', 17, '2025-09-14 02:30:51', '2025-09-14 02:30:51'),
(503, 110, 8, 15, '2025-09-14', 'present', '', 17, '2025-09-14 02:30:51', '2025-09-14 02:30:51'),
(504, 111, 8, 15, '2025-09-14', 'present', '', 17, '2025-09-14 02:30:51', '2025-09-14 02:30:51'),
(505, 112, 8, 15, '2025-09-14', 'absent', '', 17, '2025-09-14 02:30:51', '2025-09-14 02:30:51'),
(506, 113, 8, 15, '2025-09-14', 'present', '', 17, '2025-09-14 02:30:51', '2025-09-14 02:30:51'),
(507, 114, 8, 15, '2025-09-14', 'present', '', 17, '2025-09-14 02:30:51', '2025-09-14 02:30:51'),
(508, 115, 8, 15, '2025-09-14', 'present', '', 17, '2025-09-14 02:30:51', '2025-09-14 02:30:51'),
(509, 116, 8, 15, '2025-09-14', 'present', '', 17, '2025-09-14 02:30:51', '2025-09-14 02:30:51'),
(510, 117, 8, 15, '2025-09-14', 'present', '', 17, '2025-09-14 02:30:51', '2025-09-14 02:30:51'),
(511, 118, 8, 15, '2025-09-14', 'present', '', 17, '2025-09-14 02:30:51', '2025-09-14 02:30:51'),
(512, 119, 8, 15, '2025-09-14', 'present', '', 17, '2025-09-14 02:30:51', '2025-09-14 02:30:51'),
(513, 120, 8, 15, '2025-09-14', 'present', '', 17, '2025-09-14 02:30:51', '2025-09-14 02:30:51'),
(514, 121, 8, 15, '2025-09-14', 'present', '', 17, '2025-09-14 02:30:51', '2025-09-14 02:30:51'),
(515, 122, 8, 15, '2025-09-14', 'present', '', 17, '2025-09-14 02:30:51', '2025-09-14 02:30:51'),
(516, 123, 8, 15, '2025-09-14', 'late', '', 17, '2025-09-14 02:30:51', '2025-09-14 02:30:51'),
(538, 56, 6, 13, '2025-09-14', 'present', '', 18, '2025-09-14 19:05:05', '2025-09-14 19:05:05'),
(539, 57, 6, 13, '2025-09-14', 'present', '', 18, '2025-09-14 19:05:05', '2025-09-14 19:05:05'),
(540, 58, 6, 13, '2025-09-14', 'present', '', 18, '2025-09-14 19:05:05', '2025-09-14 19:05:05'),
(541, 59, 6, 13, '2025-09-14', 'present', '', 18, '2025-09-14 19:05:05', '2025-09-14 19:05:05'),
(542, 60, 6, 13, '2025-09-14', 'present', '', 18, '2025-09-14 19:05:05', '2025-09-14 19:05:05'),
(543, 61, 6, 13, '2025-09-14', 'present', '', 18, '2025-09-14 19:05:05', '2025-09-14 19:05:05'),
(544, 62, 6, 13, '2025-09-14', 'present', '', 18, '2025-09-14 19:05:05', '2025-09-14 19:05:05'),
(545, 63, 6, 13, '2025-09-14', 'present', '', 18, '2025-09-14 19:05:05', '2025-09-14 19:05:05'),
(546, 64, 6, 13, '2025-09-14', 'absent', '', 18, '2025-09-14 19:05:05', '2025-09-14 19:05:05'),
(547, 65, 6, 13, '2025-09-14', 'present', '', 18, '2025-09-14 19:05:05', '2025-09-14 19:05:05'),
(548, 66, 6, 13, '2025-09-14', 'present', '', 18, '2025-09-14 19:05:05', '2025-09-14 19:05:05'),
(549, 67, 6, 13, '2025-09-14', 'present', '', 18, '2025-09-14 19:05:05', '2025-09-14 19:05:05'),
(550, 68, 6, 13, '2025-09-14', 'present', '', 18, '2025-09-14 19:05:05', '2025-09-14 19:05:05'),
(551, 69, 6, 13, '2025-09-14', 'present', '', 18, '2025-09-14 19:05:05', '2025-09-14 19:05:05'),
(552, 70, 6, 13, '2025-09-14', 'present', '', 18, '2025-09-14 19:05:05', '2025-09-14 19:05:05'),
(553, 71, 6, 13, '2025-09-14', 'present', '', 18, '2025-09-14 19:05:05', '2025-09-14 19:05:05'),
(554, 72, 6, 13, '2025-09-14', 'present', '', 18, '2025-09-14 19:05:05', '2025-09-14 19:05:05'),
(555, 73, 6, 13, '2025-09-14', 'present', '', 18, '2025-09-14 19:05:05', '2025-09-14 19:05:05'),
(556, 74, 6, 13, '2025-09-14', 'present', '', 18, '2025-09-14 19:05:05', '2025-09-14 19:05:05'),
(557, 75, 6, 13, '2025-09-14', 'absent', '', 18, '2025-09-14 19:05:05', '2025-09-14 19:05:05'),
(558, 76, 6, 13, '2025-09-14', 'present', '', 18, '2025-09-14 19:05:05', '2025-09-14 19:05:05'),
(559, 77, 6, 13, '2025-09-14', 'present', '', 18, '2025-09-14 19:05:05', '2025-09-14 19:05:05'),
(560, 78, 6, 13, '2025-09-14', 'present', '', 18, '2025-09-14 19:05:05', '2025-09-14 19:05:05'),
(561, 100, 8, 15, '2025-09-17', 'present', '', 1, '2025-09-17 01:18:28', '2025-09-17 01:18:28'),
(562, 101, 8, 15, '2025-09-17', 'present', '', 1, '2025-09-17 01:18:28', '2025-09-17 01:18:28'),
(563, 102, 8, 15, '2025-09-17', 'absent', '', 1, '2025-09-17 01:18:28', '2025-09-17 01:18:28'),
(564, 103, 8, 15, '2025-09-17', 'present', '', 1, '2025-09-17 01:18:28', '2025-09-17 01:18:28'),
(565, 104, 8, 15, '2025-09-17', 'present', '', 1, '2025-09-17 01:18:28', '2025-09-17 01:18:28'),
(566, 105, 8, 15, '2025-09-17', 'absent', '', 1, '2025-09-17 01:18:28', '2025-09-17 01:18:28'),
(567, 106, 8, 15, '2025-09-17', 'present', '', 1, '2025-09-17 01:18:28', '2025-09-17 01:18:28'),
(568, 107, 8, 15, '2025-09-17', 'present', '', 1, '2025-09-17 01:18:28', '2025-09-17 01:18:28'),
(569, 108, 8, 15, '2025-09-17', 'present', '', 1, '2025-09-17 01:18:28', '2025-09-17 01:18:28'),
(570, 109, 8, 15, '2025-09-17', 'present', '', 1, '2025-09-17 01:18:28', '2025-09-17 01:18:28');
INSERT INTO `attendance` (`id`, `student_id`, `class_id`, `section_id`, `date`, `status`, `remarks`, `recorded_by`, `created_at`, `updated_at`) VALUES
(571, 110, 8, 15, '2025-09-17', 'present', '', 1, '2025-09-17 01:18:28', '2025-09-17 01:18:28'),
(572, 111, 8, 15, '2025-09-17', 'present', '', 1, '2025-09-17 01:18:28', '2025-09-17 01:18:28'),
(573, 112, 8, 15, '2025-09-17', 'absent', '', 1, '2025-09-17 01:18:28', '2025-09-17 01:18:28'),
(574, 113, 8, 15, '2025-09-17', 'present', '', 1, '2025-09-17 01:18:28', '2025-09-17 01:18:28'),
(575, 114, 8, 15, '2025-09-17', 'present', '', 1, '2025-09-17 01:18:28', '2025-09-17 01:18:28'),
(576, 115, 8, 15, '2025-09-17', 'present', '', 1, '2025-09-17 01:18:28', '2025-09-17 01:18:28'),
(577, 116, 8, 15, '2025-09-17', 'present', '', 1, '2025-09-17 01:18:28', '2025-09-17 01:18:28'),
(578, 117, 8, 15, '2025-09-17', 'present', '', 1, '2025-09-17 01:18:28', '2025-09-17 01:18:28'),
(579, 118, 8, 15, '2025-09-17', 'absent', '', 1, '2025-09-17 01:18:28', '2025-09-17 01:18:28'),
(580, 119, 8, 15, '2025-09-17', 'present', '', 1, '2025-09-17 01:18:28', '2025-09-17 01:18:28'),
(581, 120, 8, 15, '2025-09-17', 'present', '', 1, '2025-09-17 01:18:28', '2025-09-17 01:18:28'),
(582, 121, 8, 15, '2025-09-17', 'present', '', 1, '2025-09-17 01:18:28', '2025-09-17 01:18:28'),
(583, 122, 8, 15, '2025-09-17', 'late', '', 1, '2025-09-17 01:18:28', '2025-09-17 01:18:28'),
(584, 123, 8, 15, '2025-09-17', 'present', '', 1, '2025-09-17 01:18:28', '2025-09-17 01:18:28'),
(585, 124, 9, 12, '2025-09-17', 'present', '', 17, '2025-09-17 13:00:48', '2025-09-17 13:00:48'),
(586, 125, 9, 12, '2025-09-17', 'present', '', 17, '2025-09-17 13:00:48', '2025-09-17 13:00:48'),
(587, 126, 9, 12, '2025-09-17', 'present', '', 17, '2025-09-17 13:00:48', '2025-09-17 13:00:48'),
(588, 127, 9, 12, '2025-09-17', 'present', '', 17, '2025-09-17 13:00:48', '2025-09-17 13:00:48'),
(589, 128, 9, 12, '2025-09-17', 'present', '', 17, '2025-09-17 13:00:48', '2025-09-17 13:00:48'),
(590, 4, 9, 12, '2025-09-17', 'present', '', 17, '2025-09-17 13:00:48', '2025-09-17 13:00:48'),
(591, 129, 9, 12, '2025-09-17', 'present', '', 17, '2025-09-17 13:00:48', '2025-09-17 13:00:48'),
(592, 130, 9, 12, '2025-09-17', 'present', '', 17, '2025-09-17 13:00:48', '2025-09-17 13:00:48'),
(593, 131, 9, 12, '2025-09-17', 'absent', '', 17, '2025-09-17 13:00:48', '2025-09-17 13:00:48'),
(594, 132, 9, 12, '2025-09-17', 'present', '', 17, '2025-09-17 13:00:48', '2025-09-17 13:00:48'),
(595, 133, 9, 12, '2025-09-17', 'present', '', 17, '2025-09-17 13:00:48', '2025-09-17 13:00:48'),
(596, 134, 9, 12, '2025-09-17', 'present', '', 17, '2025-09-17 13:00:48', '2025-09-17 13:00:48'),
(597, 135, 9, 12, '2025-09-17', 'present', '', 17, '2025-09-17 13:00:48', '2025-09-17 13:00:48'),
(598, 136, 9, 12, '2025-09-17', 'absent', 'জ্বরে আক্রান্ত', 17, '2025-09-17 13:00:48', '2025-09-17 13:00:48'),
(599, 137, 9, 12, '2025-09-17', 'present', '', 17, '2025-09-17 13:00:48', '2025-09-17 13:00:48'),
(600, 138, 9, 12, '2025-09-17', 'present', '', 17, '2025-09-17 13:00:48', '2025-09-17 13:00:48'),
(601, 139, 9, 12, '2025-09-17', 'present', '', 17, '2025-09-17 13:00:48', '2025-09-17 13:00:48'),
(602, 140, 9, 12, '2025-09-17', 'present', '', 17, '2025-09-17 13:00:48', '2025-09-17 13:00:48'),
(603, 141, 9, 12, '2025-09-17', 'absent', '', 17, '2025-09-17 13:00:48', '2025-09-17 13:00:48'),
(604, 142, 9, 12, '2025-09-17', 'present', '', 17, '2025-09-17 13:00:48', '2025-09-17 13:00:48'),
(605, 143, 9, 12, '2025-09-17', 'present', '', 17, '2025-09-17 13:00:48', '2025-09-17 13:00:48'),
(606, 36, 2, 3, '2025-09-18', 'present', '', 1, '2025-09-18 05:35:05', '2025-09-18 05:35:05'),
(607, 37, 2, 3, '2025-09-18', 'present', '', 1, '2025-09-18 05:35:05', '2025-09-18 05:35:05'),
(608, 3, 2, 3, '2025-09-18', 'present', '', 1, '2025-09-18 05:35:05', '2025-09-18 05:35:05'),
(609, 38, 2, 3, '2025-09-18', 'absent', '', 1, '2025-09-18 05:35:05', '2025-09-18 05:35:05'),
(610, 39, 2, 3, '2025-09-18', 'present', '', 1, '2025-09-18 05:35:05', '2025-09-18 05:35:05'),
(611, 40, 2, 3, '2025-09-18', 'present', '', 1, '2025-09-18 05:35:05', '2025-09-18 05:35:05'),
(612, 41, 2, 3, '2025-09-18', 'present', '', 1, '2025-09-18 05:35:05', '2025-09-18 05:35:05'),
(613, 42, 2, 3, '2025-09-18', 'present', '', 1, '2025-09-18 05:35:05', '2025-09-18 05:35:05'),
(614, 43, 2, 3, '2025-09-18', 'present', '', 1, '2025-09-18 05:35:05', '2025-09-18 05:35:05'),
(615, 44, 2, 3, '2025-09-18', 'present', '', 1, '2025-09-18 05:35:05', '2025-09-18 05:35:05'),
(616, 45, 2, 3, '2025-09-18', 'absent', '', 1, '2025-09-18 05:35:05', '2025-09-18 05:35:05'),
(617, 46, 2, 3, '2025-09-18', 'present', '', 1, '2025-09-18 05:35:05', '2025-09-18 05:35:05'),
(618, 47, 2, 3, '2025-09-18', 'present', '', 1, '2025-09-18 05:35:05', '2025-09-18 05:35:05'),
(619, 48, 2, 3, '2025-09-18', 'present', '', 1, '2025-09-18 05:35:05', '2025-09-18 05:35:05'),
(620, 49, 2, 3, '2025-09-18', 'present', '', 1, '2025-09-18 05:35:05', '2025-09-18 05:35:05'),
(621, 50, 2, 3, '2025-09-18', 'present', '', 1, '2025-09-18 05:35:05', '2025-09-18 05:35:05'),
(622, 51, 2, 3, '2025-09-18', 'present', '', 1, '2025-09-18 05:35:05', '2025-09-18 05:35:05'),
(623, 52, 2, 3, '2025-09-18', 'present', '', 1, '2025-09-18 05:35:05', '2025-09-18 05:35:05'),
(624, 53, 2, 3, '2025-09-18', 'absent', '', 1, '2025-09-18 05:35:05', '2025-09-18 05:35:05'),
(625, 54, 2, 3, '2025-09-18', 'present', '', 1, '2025-09-18 05:35:05', '2025-09-18 05:35:05'),
(626, 55, 2, 3, '2025-09-18', 'present', '', 1, '2025-09-18 05:35:05', '2025-09-18 05:35:05'),
(627, 124, 9, 12, '2025-09-18', 'present', '', 17, '2025-09-18 20:08:16', '2025-09-18 20:08:16'),
(628, 125, 9, 12, '2025-09-18', 'absent', '', 17, '2025-09-18 20:08:16', '2025-09-18 20:08:16'),
(629, 126, 9, 12, '2025-09-18', 'present', '', 17, '2025-09-18 20:08:16', '2025-09-18 20:08:16'),
(630, 127, 9, 12, '2025-09-18', 'absent', '', 17, '2025-09-18 20:08:16', '2025-09-18 20:08:16'),
(631, 128, 9, 12, '2025-09-18', 'present', '', 17, '2025-09-18 20:08:16', '2025-09-18 20:08:16'),
(632, 4, 9, 12, '2025-09-18', 'present', '', 17, '2025-09-18 20:08:16', '2025-09-18 20:08:16'),
(633, 129, 9, 12, '2025-09-18', 'present', '', 17, '2025-09-18 20:08:16', '2025-09-18 20:08:16'),
(634, 130, 9, 12, '2025-09-18', 'absent', '', 17, '2025-09-18 20:08:16', '2025-09-18 20:08:16'),
(635, 131, 9, 12, '2025-09-18', 'present', '', 17, '2025-09-18 20:08:16', '2025-09-18 20:08:16'),
(636, 132, 9, 12, '2025-09-18', 'present', '', 17, '2025-09-18 20:08:16', '2025-09-18 20:08:16'),
(637, 133, 9, 12, '2025-09-18', 'present', '', 17, '2025-09-18 20:08:16', '2025-09-18 20:08:16'),
(638, 134, 9, 12, '2025-09-18', 'present', '', 17, '2025-09-18 20:08:16', '2025-09-18 20:08:16'),
(639, 135, 9, 12, '2025-09-18', 'present', '', 17, '2025-09-18 20:08:16', '2025-09-18 20:08:16'),
(640, 136, 9, 12, '2025-09-18', 'present', '', 17, '2025-09-18 20:08:16', '2025-09-18 20:08:16'),
(641, 137, 9, 12, '2025-09-18', 'present', '', 17, '2025-09-18 20:08:16', '2025-09-18 20:08:16'),
(642, 138, 9, 12, '2025-09-18', 'absent', '', 17, '2025-09-18 20:08:16', '2025-09-18 20:08:16'),
(643, 139, 9, 12, '2025-09-18', 'present', '', 17, '2025-09-18 20:08:16', '2025-09-18 20:08:16'),
(644, 140, 9, 12, '2025-09-18', 'present', '', 17, '2025-09-18 20:08:16', '2025-09-18 20:08:16'),
(645, 141, 9, 12, '2025-09-18', 'present', '', 17, '2025-09-18 20:08:16', '2025-09-18 20:08:16'),
(646, 142, 9, 12, '2025-09-18', 'present', '', 17, '2025-09-18 20:08:16', '2025-09-18 20:08:16'),
(647, 143, 9, 12, '2025-09-18', 'present', '', 17, '2025-09-18 20:08:16', '2025-09-18 20:08:16'),
(652, 146, 10, 16, '2025-09-20', 'absent', '', 1, '2025-09-20 19:07:53', '2025-09-20 19:19:06'),
(653, 147, 10, 16, '2025-09-20', 'absent', '', 1, '2025-09-20 19:07:53', '2025-09-20 19:19:06'),
(654, 148, 10, 16, '2025-09-20', 'absent', '', 1, '2025-09-20 19:07:53', '2025-09-20 19:19:06'),
(655, 149, 10, 16, '2025-09-20', 'absent', '', 1, '2025-09-20 19:07:53', '2025-09-20 19:19:06'),
(656, 146, 10, 16, '2025-09-19', 'absent', '', 1, '2025-09-20 19:15:12', '2025-09-20 19:15:12'),
(657, 147, 10, 16, '2025-09-19', 'absent', '', 1, '2025-09-20 19:15:12', '2025-09-20 19:15:12'),
(658, 148, 10, 16, '2025-09-19', 'present', '', 1, '2025-09-20 19:15:12', '2025-09-20 19:15:12'),
(659, 149, 10, 16, '2025-09-19', 'absent', '', 1, '2025-09-20 19:15:12', '2025-09-20 19:15:12'),
(661, 146, 10, 16, '2025-09-21', 'present', '', 1, '2025-09-20 19:39:28', '2025-09-21 17:24:14'),
(662, 147, 10, 16, '2025-09-21', 'absent', '', 1, '2025-09-20 19:39:28', '2025-09-21 17:24:14'),
(663, 148, 10, 16, '2025-09-21', 'absent', '', 1, '2025-09-20 19:39:28', '2025-09-21 17:24:14'),
(664, 149, 10, 16, '2025-09-21', 'present', '', 1, '2025-09-20 19:39:28', '2025-09-21 17:24:14'),
(665, 146, 10, 16, '2025-09-22', 'absent', '', 1, '2025-09-20 19:40:37', '2025-09-22 10:13:34'),
(666, 147, 10, 16, '2025-09-22', 'absent', '', 1, '2025-09-20 19:40:37', '2025-09-22 10:13:34'),
(667, 148, 10, 16, '2025-09-22', 'absent', '', 1, '2025-09-20 19:40:37', '2025-09-22 10:13:34'),
(668, 149, 10, 16, '2025-09-22', 'absent', '', 1, '2025-09-20 19:40:37', '2025-09-22 10:13:34'),
(671, 146, 10, 16, '2025-09-26', 'present', '', 1, '2025-09-21 15:58:11', '2025-09-21 15:58:11'),
(672, 147, 10, 16, '2025-09-26', 'absent', '', 1, '2025-09-21 15:58:11', '2025-09-21 15:58:11'),
(673, 148, 10, 16, '2025-09-26', 'present', '', 1, '2025-09-21 15:58:11', '2025-09-21 15:58:11'),
(674, 149, 10, 16, '2025-09-26', 'late', '', 1, '2025-09-21 15:58:11', '2025-09-21 15:58:11'),
(675, 146, 10, 16, '2025-09-25', 'present', '', 1, '2025-09-21 17:24:43', '2025-09-21 17:24:43'),
(676, 147, 10, 16, '2025-09-25', 'absent', '', 1, '2025-09-21 17:24:43', '2025-09-21 17:24:43'),
(677, 148, 10, 16, '2025-09-25', 'absent', '', 1, '2025-09-21 17:24:43', '2025-09-21 17:24:43'),
(678, 149, 10, 16, '2025-09-25', 'absent', '', 1, '2025-09-21 17:24:43', '2025-09-21 17:24:43'),
(679, 146, 10, 16, '2025-09-08', 'present', '', 1, '2025-09-21 18:51:15', '2025-09-21 18:51:15'),
(680, 147, 10, 16, '2025-09-08', 'absent', '', 1, '2025-09-21 18:51:15', '2025-09-21 18:51:15'),
(681, 148, 10, 16, '2025-09-08', 'absent', '', 1, '2025-09-21 18:51:15', '2025-09-21 18:51:15'),
(682, 149, 10, 16, '2025-09-08', 'late', '', 1, '2025-09-21 18:51:15', '2025-09-21 18:51:15'),
(683, 146, 10, 16, '2025-09-14', 'present', '', 1, '2025-09-21 19:15:22', '2025-09-21 19:15:22'),
(684, 147, 10, 16, '2025-09-14', 'absent', '', 1, '2025-09-21 19:15:22', '2025-09-21 19:15:22'),
(685, 148, 10, 16, '2025-09-14', 'present', '', 1, '2025-09-21 19:15:22', '2025-09-21 19:15:22'),
(686, 149, 10, 16, '2025-09-14', 'late', '', 1, '2025-09-21 19:15:22', '2025-09-21 19:15:22'),
(687, 146, 10, 16, '2025-09-15', 'late', '', 1, '2025-09-21 19:23:59', '2025-09-21 19:38:40'),
(688, 147, 10, 16, '2025-09-15', 'absent', '', 1, '2025-09-21 19:23:59', '2025-09-21 19:38:40'),
(689, 148, 10, 16, '2025-09-15', 'present', '', 1, '2025-09-21 19:23:59', '2025-09-21 19:38:40'),
(690, 149, 10, 16, '2025-09-15', 'absent', '', 1, '2025-09-21 19:23:59', '2025-09-21 19:38:40'),
(691, 146, 10, 16, '2025-09-16', 'present', '', 1, '2025-09-21 19:43:00', '2025-09-21 19:43:00'),
(692, 147, 10, 16, '2025-09-16', 'present', '', 1, '2025-09-21 19:43:00', '2025-09-21 19:43:00'),
(693, 148, 10, 16, '2025-09-16', 'present', '', 1, '2025-09-21 19:43:00', '2025-09-21 19:43:00'),
(694, 149, 10, 16, '2025-09-16', 'absent', '', 1, '2025-09-21 19:43:00', '2025-09-21 19:43:00'),
(695, 146, 10, 16, '2025-09-17', 'absent', '', 1, '2025-09-21 19:46:27', '2025-09-21 19:46:27'),
(696, 147, 10, 16, '2025-09-17', 'absent', '', 1, '2025-09-21 19:46:27', '2025-09-21 19:46:27'),
(697, 148, 10, 16, '2025-09-17', 'absent', '', 1, '2025-09-21 19:46:27', '2025-09-21 19:46:27'),
(698, 149, 10, 16, '2025-09-17', 'absent', '', 1, '2025-09-21 19:46:27', '2025-09-21 19:46:27'),
(699, 146, 10, 16, '2025-09-18', 'present', '', 1, '2025-09-21 19:47:28', '2025-09-21 19:47:28'),
(700, 147, 10, 16, '2025-09-18', 'absent', '', 1, '2025-09-21 19:47:28', '2025-09-21 19:47:28'),
(701, 148, 10, 16, '2025-09-18', 'absent', '', 1, '2025-09-21 19:47:28', '2025-09-21 19:47:28'),
(702, 149, 10, 16, '2025-09-18', 'late', '', 1, '2025-09-21 19:47:28', '2025-09-21 19:47:28'),
(703, 146, 10, 16, '2025-09-30', 'present', '', 1, '2025-09-22 07:46:11', '2025-09-30 05:27:03'),
(704, 147, 10, 16, '2025-09-30', 'present', '', 1, '2025-09-22 07:46:11', '2025-09-30 05:27:03'),
(705, 148, 10, 16, '2025-09-30', 'absent', '', 1, '2025-09-22 07:46:11', '2025-09-30 05:27:03'),
(706, 149, 10, 16, '2025-09-30', 'present', '', 1, '2025-09-22 07:46:11', '2025-09-30 05:27:03'),
(707, 174, 10, 16, '2025-09-30', 'absent', '', 1, '2025-09-22 07:46:11', '2025-09-30 05:27:03'),
(708, 146, 10, 16, '2025-09-29', 'absent', '', 1, '2025-09-22 07:48:33', '2025-09-22 07:48:33'),
(709, 147, 10, 16, '2025-09-29', 'present', '', 1, '2025-09-22 07:48:33', '2025-09-22 07:48:33'),
(710, 148, 10, 16, '2025-09-29', 'present', '', 1, '2025-09-22 07:48:33', '2025-09-22 07:48:33'),
(711, 149, 10, 16, '2025-09-29', 'present', '', 1, '2025-09-22 07:48:33', '2025-09-22 07:48:33'),
(712, 174, 10, 16, '2025-09-29', 'absent', '', 1, '2025-09-22 07:48:33', '2025-09-22 07:48:33'),
(713, 146, 10, 16, '2025-09-23', 'absent', '', 1, '2025-09-23 06:36:33', '2025-09-23 06:36:33'),
(714, 147, 10, 16, '2025-09-23', 'present', '', 1, '2025-09-23 06:36:33', '2025-09-23 06:36:33'),
(715, 148, 10, 16, '2025-09-23', 'absent', '', 1, '2025-09-23 06:36:33', '2025-09-23 06:36:33'),
(716, 149, 10, 16, '2025-09-23', 'present', '', 1, '2025-09-23 06:36:33', '2025-09-23 06:36:33'),
(717, 174, 10, 16, '2025-09-23', 'present', '', 1, '2025-09-23 06:36:33', '2025-09-23 06:36:33'),
(718, 175, 10, 16, '2025-09-23', 'absent', '', 1, '2025-09-23 06:36:33', '2025-09-23 06:36:33'),
(719, 176, 10, 16, '2025-10-05', 'present', '', 1, '2025-10-05 03:47:57', '2025-10-05 15:41:25'),
(720, 146, 10, 16, '2025-10-05', 'present', '', 1, '2025-10-05 03:47:57', '2025-10-05 15:41:25'),
(721, 147, 10, 16, '2025-10-05', 'present', '', 1, '2025-10-05 03:47:57', '2025-10-05 15:41:25'),
(722, 148, 10, 16, '2025-10-05', 'present', '', 1, '2025-10-05 03:47:57', '2025-10-05 15:41:25'),
(723, 149, 10, 16, '2025-10-05', 'present', '', 1, '2025-10-05 03:47:57', '2025-10-05 15:41:25'),
(724, 174, 10, 16, '2025-10-05', 'present', '', 1, '2025-10-05 03:47:57', '2025-10-05 15:41:25'),
(725, 175, 10, 16, '2025-10-05', 'present', '', 1, '2025-10-05 03:47:57', '2025-10-05 15:41:25'),
(726, 176, 10, 16, '2025-10-06', 'present', '', 1, '2025-10-06 04:43:20', '2025-10-06 11:05:14'),
(727, 146, 10, 16, '2025-10-06', 'present', '', 1, '2025-10-06 04:43:20', '2025-10-06 11:05:14'),
(728, 147, 10, 16, '2025-10-06', 'absent', '', 1, '2025-10-06 04:43:20', '2025-10-06 11:05:14'),
(729, 148, 10, 16, '2025-10-06', 'absent', '', 1, '2025-10-06 04:43:20', '2025-10-06 11:05:14'),
(730, 149, 10, 16, '2025-10-06', 'present', '', 1, '2025-10-06 04:43:20', '2025-10-06 11:05:14'),
(731, 174, 10, 16, '2025-10-06', 'present', '', 1, '2025-10-06 04:43:20', '2025-10-06 11:05:14'),
(732, 175, 10, 16, '2025-10-06', 'present', '', 1, '2025-10-06 04:43:20', '2025-10-06 11:05:14');

-- --------------------------------------------------------

--
-- Table structure for table `classes`
--

CREATE TABLE `classes` (
  `id` int NOT NULL,
  `name` varchar(50) CHARACTER SET utf8mb4 COLLATE utf8mb4_general_ci NOT NULL,
  `numeric_value` int DEFAULT NULL,
  `capacity` int DEFAULT NULL,
  `room_number` varchar(20) CHARACTER SET utf8mb4 COLLATE utf8mb4_general_ci DEFAULT NULL,
  `class_teacher_id` int DEFAULT NULL,
  `monthly_fee` decimal(10,2) DEFAULT '0.00',
  `admission_fee` decimal(10,2) DEFAULT '0.00',
  `status` enum('active','inactive') CHARACTER SET utf8mb4 COLLATE utf8mb4_general_ci DEFAULT 'active',
  `created_at` timestamp NOT NULL DEFAULT CURRENT_TIMESTAMP,
  `updated_at` timestamp NOT NULL DEFAULT CURRENT_TIMESTAMP ON UPDATE CURRENT_TIMESTAMP
) ENGINE=InnoDB DEFAULT CHARSET=utf8mb4 COLLATE=utf8mb4_general_ci;

--
-- Dumping data for table `classes`
--

INSERT INTO `classes` (`id`, `name`, `numeric_value`, `capacity`, `room_number`, `class_teacher_id`, `monthly_fee`, `admission_fee`, `status`, `created_at`, `updated_at`) VALUES
(1, 'দ্বিতীয়', 4, 50, '১০১', NULL, 400.00, 600.00, 'active', '2025-09-07 19:53:37', '2025-09-12 18:04:14'),
(2, 'প্রথম', 3, 50, '১০২', NULL, 350.00, 600.00, 'active', '2025-09-07 19:53:37', '2025-09-07 21:20:01'),
(6, 'তৃতীয়', 4, 50, '103', 20, 350.00, 600.00, 'active', '2025-09-07 20:26:39', '2025-09-21 19:52:08'),
(7, 'নার্সারী', 0, 50, '101', NULL, 500.00, 500.00, 'active', '2025-09-07 21:17:42', '2025-09-07 21:17:42'),
(8, 'নার্সারী আপ', 2, 50, '102', NULL, 500.00, 500.00, 'active', '2025-09-07 21:18:42', '2025-09-07 21:19:42'),
(9, 'চতুর্থ', 5, 50, '', 17, 500.00, 500.00, 'active', '2025-09-07 21:20:56', '2025-09-12 18:00:43'),
(10, 'পঞ্চম', 7, 50, '', 17, 0.00, 0.00, 'active', '2025-09-07 21:21:04', '2025-09-21 19:51:56');

-- --------------------------------------------------------

--
-- Table structure for table `class_periods`
--

CREATE TABLE `class_periods` (
  `id` int NOT NULL,
  `class_id` int NOT NULL,
  `section_id` int NOT NULL,
  `period_count` int NOT NULL DEFAULT '1'
) ENGINE=InnoDB DEFAULT CHARSET=utf8mb4 COLLATE=utf8mb4_general_ci;

--
-- Dumping data for table `class_periods`
--

INSERT INTO `class_periods` (`id`, `class_id`, `section_id`, `period_count`) VALUES
(1, 7, 14, 4),
(5, 10, 16, 2),
(13, 6, 13, 2),
(16, 8, 15, 2);

-- --------------------------------------------------------

--
-- Table structure for table `class_subjects`
--

CREATE TABLE `class_subjects` (
  `id` int NOT NULL,
  `class_id` int NOT NULL,
  `subject_id` int NOT NULL,
  `teacher_id` int DEFAULT NULL,
  `numeric_value` int DEFAULT NULL,
  `created_at` timestamp NOT NULL DEFAULT CURRENT_TIMESTAMP,
  `updated_at` timestamp NOT NULL DEFAULT CURRENT_TIMESTAMP ON UPDATE CURRENT_TIMESTAMP
) ENGINE=InnoDB DEFAULT CHARSET=utf8mb4 COLLATE=utf8mb4_general_ci;

--
-- Dumping data for table `class_subjects`
--

INSERT INTO `class_subjects` (`id`, `class_id`, `subject_id`, `teacher_id`, `numeric_value`, `created_at`, `updated_at`) VALUES
(1, 10, 2, NULL, 2, '2025-09-13 18:59:44', '2025-09-13 18:59:54'),
(2, 10, 3, NULL, 3, '2025-09-13 18:59:44', '2025-09-13 18:59:52'),
(3, 10, 6, NULL, 6, '2025-09-13 18:59:45', '2025-09-13 19:00:06'),
(4, 10, 1, NULL, 1, '2025-09-13 18:59:45', '2025-09-13 18:59:54'),
(5, 10, 5, NULL, 5, '2025-09-13 18:59:45', '2025-09-13 19:00:06'),
(6, 10, 4, NULL, 4, '2025-09-13 18:59:45', '2025-09-13 19:00:03'),
(7, 9, 10, NULL, 3, '2025-09-13 19:01:10', '2025-09-13 19:04:36'),
(8, 9, 11, NULL, 4, '2025-09-13 19:01:10', '2025-09-13 19:04:34'),
(9, 9, 3, NULL, 5, '2025-09-13 19:01:10', '2025-09-13 19:04:31'),
(10, 9, 6, NULL, 6, '2025-09-13 19:01:10', '2025-09-13 19:04:15'),
(13, 9, 5, NULL, 8, '2025-09-13 19:01:10', '2025-09-13 19:04:41'),
(14, 9, 4, NULL, 7, '2025-09-13 19:01:10', '2025-09-13 19:04:41'),
(15, 9, 7, NULL, 9, '2025-09-13 19:01:10', '2025-09-13 19:01:10'),
(16, 6, 10, NULL, 3, '2025-09-13 19:05:09', '2025-09-13 19:05:42'),
(17, 6, 11, NULL, 4, '2025-09-13 19:05:09', '2025-09-13 19:05:38'),
(18, 6, 3, NULL, 7, '2025-09-13 19:05:09', '2025-09-19 20:13:31'),
(19, 6, 6, NULL, 8, '2025-09-13 19:05:09', '2025-09-19 20:13:30'),
(22, 6, 5, NULL, 10, '2025-09-13 19:05:09', '2025-09-19 20:13:28'),
(23, 6, 4, NULL, 9, '2025-09-13 19:05:09', '2025-09-19 20:13:30'),
(24, 6, 7, NULL, 11, '2025-09-13 19:05:09', '2025-09-19 20:13:25'),
(25, 7, 2, NULL, 2, '2025-09-13 19:05:58', '2025-09-13 19:06:03'),
(26, 7, 3, NULL, 3, '2025-09-13 19:05:58', '2025-09-13 19:06:01'),
(27, 7, 1, NULL, 1, '2025-09-13 19:05:58', '2025-09-13 19:06:03'),
(28, 7, 7, NULL, 4, '2025-09-13 19:05:58', '2025-09-13 19:05:58'),
(29, 8, 2, NULL, 2, '2025-09-13 19:06:14', '2025-09-13 19:06:21'),
(30, 8, 3, NULL, 3, '2025-09-13 19:06:15', '2025-09-13 19:06:19'),
(31, 8, 1, NULL, 1, '2025-09-13 19:06:15', '2025-09-13 19:06:21'),
(32, 8, 7, NULL, 4, '2025-09-13 19:06:15', '2025-09-13 19:06:15'),
(33, 2, 2, NULL, 2, '2025-09-13 19:06:31', '2025-09-13 19:06:35'),
(34, 2, 3, NULL, 3, '2025-09-13 19:06:32', '2025-09-13 19:06:34'),
(35, 2, 1, NULL, 1, '2025-09-13 19:06:32', '2025-09-13 19:06:35'),
(36, 2, 7, NULL, 4, '2025-09-13 19:06:32', '2025-09-13 19:06:32'),
(37, 1, 2, NULL, 2, '2025-09-13 19:06:52', '2025-09-13 19:06:56'),
(38, 1, 3, NULL, 3, '2025-09-13 19:06:52', '2025-09-13 19:06:54'),
(39, 1, 1, NULL, 1, '2025-09-13 19:06:52', '2025-09-13 19:06:56'),
(40, 1, 7, NULL, 4, '2025-09-13 19:06:52', '2025-09-13 19:06:52'),
(41, 6, 12, NULL, 5, '2025-09-19 20:06:04', '2025-09-19 20:13:22'),
(42, 6, 13, NULL, 6, '2025-09-19 20:06:04', '2025-09-19 20:13:31'),
(43, 9, 12, NULL, 10, '2025-09-19 20:06:22', '2025-09-19 20:06:22'),
(44, 9, 13, NULL, 11, '2025-09-19 20:06:22', '2025-09-19 20:06:22');

-- --------------------------------------------------------

--
-- Table structure for table `class_subject_teachers`
--

CREATE TABLE `class_subject_teachers` (
  `id` int NOT NULL,
  `class_id` int NOT NULL,
  `subject_id` int NOT NULL,
  `teacher_id` int NOT NULL,
  `created_at` timestamp NULL DEFAULT CURRENT_TIMESTAMP
) ENGINE=InnoDB DEFAULT CHARSET=utf8mb4 COLLATE=utf8mb4_general_ci;

--
-- Dumping data for table `class_subject_teachers`
--

INSERT INTO `class_subject_teachers` (`id`, `class_id`, `subject_id`, `teacher_id`, `created_at`) VALUES
(92, 7, 2, 17, '2025-09-18 21:18:11'),
(93, 8, 3, 17, '2025-09-18 21:18:11'),
(94, 8, 5, 17, '2025-09-18 21:18:11'),
(95, 2, 3, 17, '2025-09-18 21:18:11'),
(96, 1, 2, 17, '2025-09-18 21:18:11'),
(97, 1, 4, 17, '2025-09-18 21:18:11'),
(98, 6, 3, 17, '2025-09-18 21:18:11'),
(99, 6, 6, 17, '2025-09-18 21:18:11'),
(100, 9, 3, 17, '2025-09-18 21:18:11'),
(101, 10, 4, 17, '2025-09-18 21:18:11'),
(102, 8, 1, 14, '2025-09-19 15:06:02'),
(103, 8, 4, 14, '2025-09-19 15:06:02'),
(104, 9, 1, 14, '2025-09-19 15:06:02'),
(105, 7, 1, 3, '2025-09-19 15:06:11'),
(106, 7, 4, 3, '2025-09-19 15:06:11'),
(107, 8, 3, 3, '2025-09-19 15:06:11'),
(108, 2, 2, 3, '2025-09-19 15:06:11'),
(109, 2, 6, 3, '2025-09-19 15:06:11'),
(110, 1, 4, 3, '2025-09-19 15:06:11'),
(111, 1, 5, 3, '2025-09-19 15:06:11'),
(112, 6, 7, 3, '2025-09-19 15:06:11'),
(113, 9, 1, 3, '2025-09-19 15:06:11'),
(114, 9, 5, 3, '2025-09-19 15:06:11'),
(115, 9, 6, 3, '2025-09-19 15:06:11'),
(116, 10, 1, 3, '2025-09-19 15:06:11'),
(117, 10, 5, 3, '2025-09-19 15:06:11'),
(118, 10, 6, 3, '2025-09-19 15:06:11');

-- --------------------------------------------------------

--
-- Table structure for table `class_teachers`
--

CREATE TABLE `class_teachers` (
  `id` int NOT NULL,
  `class_id` int NOT NULL,
  `teacher_id` int NOT NULL,
  `created_at` timestamp NOT NULL DEFAULT CURRENT_TIMESTAMP,
  `updated_at` timestamp NOT NULL DEFAULT CURRENT_TIMESTAMP ON UPDATE CURRENT_TIMESTAMP
) ENGINE=InnoDB DEFAULT CHARSET=utf8mb4 COLLATE=utf8mb4_general_ci;

--
-- Dumping data for table `class_teachers`
--

INSERT INTO `class_teachers` (`id`, `class_id`, `teacher_id`, `created_at`, `updated_at`) VALUES
(31, 2, 17, '2025-09-18 21:18:11', '2025-09-18 21:18:11'),
(32, 6, 14, '2025-09-19 15:06:02', '2025-09-19 15:06:02'),
(33, 7, 3, '2025-09-19 15:06:11', '2025-09-19 15:06:11'),
(34, 8, 3, '2025-09-19 15:06:11', '2025-09-19 15:06:11'),
(35, 2, 3, '2025-09-19 15:06:11', '2025-09-19 15:06:11'),
(36, 1, 3, '2025-09-19 15:06:11', '2025-09-19 15:06:11'),
(37, 6, 3, '2025-09-19 15:06:11', '2025-09-19 15:06:11'),
(38, 9, 3, '2025-09-19 15:06:11', '2025-09-19 15:06:11'),
(39, 10, 3, '2025-09-19 15:06:11', '2025-09-19 15:06:11');

-- --------------------------------------------------------

--
-- Table structure for table `events`
--

CREATE TABLE `events` (
  `id` int NOT NULL,
  `title` varchar(255) CHARACTER SET utf8mb4 COLLATE utf8mb4_general_ci NOT NULL,
  `description` text CHARACTER SET utf8mb4 COLLATE utf8mb4_general_ci,
  `event_date` date NOT NULL,
  `event_time` time DEFAULT NULL,
  `location` varchar(255) CHARACTER SET utf8mb4 COLLATE utf8mb4_general_ci DEFAULT NULL,
  `audience` enum('all','teachers','guardians','students') CHARACTER SET utf8mb4 COLLATE utf8mb4_general_ci DEFAULT 'all',
  `created_by` int NOT NULL,
  `created_at` timestamp NOT NULL DEFAULT CURRENT_TIMESTAMP,
  `updated_at` timestamp NOT NULL DEFAULT CURRENT_TIMESTAMP ON UPDATE CURRENT_TIMESTAMP
) ENGINE=InnoDB DEFAULT CHARSET=utf8mb4 COLLATE=utf8mb4_general_ci;

-- --------------------------------------------------------

--
-- Table structure for table `exams`
--

CREATE TABLE `exams` (
  `id` int NOT NULL,
  `name` varchar(150) CHARACTER SET utf8mb3 COLLATE utf8mb3_unicode_ci NOT NULL,
  `academic_year` varchar(20) CHARACTER SET utf8mb3 COLLATE utf8mb3_unicode_ci DEFAULT NULL,
  `class_id` int NOT NULL,
  `exam_type_id` int NOT NULL,
  `exam_date` date DEFAULT NULL,
  `exam_time` time DEFAULT NULL,
  `result_release_date` date DEFAULT NULL,
  `created_by` int DEFAULT NULL,
  `created_at` timestamp NULL DEFAULT CURRENT_TIMESTAMP,
  `updated_at` timestamp NULL DEFAULT CURRENT_TIMESTAMP ON UPDATE CURRENT_TIMESTAMP
) ENGINE=InnoDB DEFAULT CHARSET=utf8mb4 COLLATE=utf8mb4_general_ci;

--
-- Dumping data for table `exams`
--

INSERT INTO `exams` (`id`, `name`, `academic_year`, `class_id`, `exam_type_id`, `exam_date`, `exam_time`, `result_release_date`, `created_by`, `created_at`, `updated_at`) VALUES
(1, '২য় সাময়িক পরীক্ষা', '2025', 7, 1, NULL, NULL, '2025-09-24', 1, '2025-09-19 18:00:28', '2025-09-19 18:00:28'),
(2, '২য় সাময়িক পরীক্ষা', '2025', 6, 2, NULL, NULL, '2025-09-30', 1, '2025-09-19 20:07:08', '2025-10-02 04:49:00');

-- --------------------------------------------------------

--
-- Table structure for table `exam_heads`
--

CREATE TABLE `exam_heads` (
  `id` int NOT NULL,
  `name` varchar(100) CHARACTER SET utf8mb4 COLLATE utf8mb4_general_ci NOT NULL,
  `code` varchar(50) CHARACTER SET utf8mb4 COLLATE utf8mb4_general_ci NOT NULL,
  `max_marks` int NOT NULL DEFAULT '0',
  `pass_marks` int NOT NULL DEFAULT '0',
  `weightage` decimal(5,2) DEFAULT '1.00',
  `status` enum('active','inactive') CHARACTER SET utf8mb4 COLLATE utf8mb4_general_ci DEFAULT 'active',
  `created_at` timestamp NULL DEFAULT CURRENT_TIMESTAMP
) ENGINE=InnoDB DEFAULT CHARSET=utf8mb4 COLLATE=utf8mb4_general_ci;

--
-- Dumping data for table `exam_heads`
--

INSERT INTO `exam_heads` (`id`, `name`, `code`, `max_marks`, `pass_marks`, `weightage`, `status`, `created_at`) VALUES
(1, 'রচনামূলক', 'রচনা', 100, 33, 1.00, 'active', '2025-09-19 07:52:15');

-- --------------------------------------------------------

--
-- Table structure for table `exam_results`
--

CREATE TABLE `exam_results` (
  `id` int NOT NULL,
  `exam_id` int NOT NULL,
  `student_id` int NOT NULL,
  `marks_obtained` decimal(5,2) NOT NULL,
  `grade` varchar(5) CHARACTER SET utf8mb4 COLLATE utf8mb4_general_ci DEFAULT NULL,
  `remarks` text CHARACTER SET utf8mb4 COLLATE utf8mb4_general_ci,
  `created_at` timestamp NOT NULL DEFAULT CURRENT_TIMESTAMP,
  `updated_at` timestamp NOT NULL DEFAULT CURRENT_TIMESTAMP ON UPDATE CURRENT_TIMESTAMP
) ENGINE=InnoDB DEFAULT CHARSET=utf8mb4 COLLATE=utf8mb4_general_ci;

-- --------------------------------------------------------

--
-- Table structure for table `exam_result_rules`
--

CREATE TABLE `exam_result_rules` (
  `id` int NOT NULL,
  `rule_name` varchar(150) CHARACTER SET utf8mb4 COLLATE utf8mb4_general_ci NOT NULL,
  `exam_type_ids` varchar(255) CHARACTER SET utf8mb4 COLLATE utf8mb4_general_ci NOT NULL,
  `calculation_method` enum('average','weighted_average','best_of') CHARACTER SET utf8mb4 COLLATE utf8mb4_general_ci DEFAULT 'average',
  `pass_logic` enum('total_based','head_wise') CHARACTER SET utf8mb4 COLLATE utf8mb4_general_ci DEFAULT 'total_based',
  `status` enum('active','inactive') CHARACTER SET utf8mb4 COLLATE utf8mb4_general_ci DEFAULT 'active'
) ENGINE=InnoDB DEFAULT CHARSET=utf8mb4 COLLATE=utf8mb4_general_ci;

--
-- Dumping data for table `exam_result_rules`
--

INSERT INTO `exam_result_rules` (`id`, `rule_name`, `exam_type_ids`, `calculation_method`, `pass_logic`, `status`) VALUES
(2, 'গড় ', '5,2,1', 'average', 'total_based', 'active');

-- --------------------------------------------------------

--
-- Table structure for table `exam_settings`
--

CREATE TABLE `exam_settings` (
  `id` int NOT NULL,
  `exam_types` text CHARACTER SET utf8mb4 COLLATE utf8mb4_general_ci NOT NULL,
  `created_at` timestamp NULL DEFAULT CURRENT_TIMESTAMP,
  `updated_at` timestamp NULL DEFAULT NULL ON UPDATE CURRENT_TIMESTAMP
) ENGINE=InnoDB DEFAULT CHARSET=utf8mb4 COLLATE=utf8mb4_general_ci;

-- --------------------------------------------------------

--
-- Table structure for table `exam_subjects`
--

CREATE TABLE `exam_subjects` (
  `id` int NOT NULL,
  `exam_id` int NOT NULL,
  `subject_id` int NOT NULL,
  `exam_date` date DEFAULT NULL,
  `exam_time` time DEFAULT NULL,
  `full_mark` int DEFAULT '0',
  `pass_mark` int DEFAULT '0',
  `created_at` timestamp NULL DEFAULT CURRENT_TIMESTAMP,
  `updated_at` timestamp NULL DEFAULT CURRENT_TIMESTAMP ON UPDATE CURRENT_TIMESTAMP
) ENGINE=InnoDB DEFAULT CHARSET=utf8mb4 COLLATE=utf8mb4_general_ci;

--
-- Dumping data for table `exam_subjects`
--

INSERT INTO `exam_subjects` (`id`, `exam_id`, `subject_id`, `exam_date`, `exam_time`, `full_mark`, `pass_mark`, `created_at`, `updated_at`) VALUES
(1, 1, 1, '2025-09-20', '10:00:00', 100, 33, '2025-09-19 18:00:28', '2025-09-19 18:00:28'),
(2, 1, 2, '2025-09-21', '10:00:00', 100, 33, '2025-09-19 18:00:28', '2025-09-19 18:00:28'),
(3, 1, 3, '2025-09-22', '10:00:00', 100, 33, '2025-09-19 18:00:28', '2025-09-19 18:00:28'),
(4, 1, 7, '2025-09-23', '10:00:00', 100, 33, '2025-09-19 18:00:28', '2025-09-19 18:00:28'),
(23, 2, 12, NULL, NULL, 100, 33, '2025-10-02 04:49:00', '2025-10-02 04:49:00'),
(24, 2, 13, NULL, NULL, 100, 33, '2025-10-02 04:49:00', '2025-10-02 04:49:00'),
(25, 2, 10, NULL, NULL, 100, 33, '2025-10-02 04:49:00', '2025-10-02 04:49:00'),
(26, 2, 11, NULL, NULL, 100, 33, '2025-10-02 04:49:00', '2025-10-02 04:49:00'),
(27, 2, 3, NULL, NULL, 100, 33, '2025-10-02 04:49:00', '2025-10-02 04:49:00'),
(28, 2, 6, NULL, NULL, 100, 33, '2025-10-02 04:49:00', '2025-10-02 04:49:00'),
(29, 2, 4, NULL, NULL, 100, 33, '2025-10-02 04:49:00', '2025-10-02 04:49:00'),
(30, 2, 5, NULL, NULL, 100, 33, '2025-10-02 04:49:00', '2025-10-02 04:49:00'),
(31, 2, 7, '2025-09-28', '11:30:00', 100, 33, '2025-10-02 04:49:00', '2025-10-02 04:49:00');

-- --------------------------------------------------------

--
-- Table structure for table `exam_types`
--

CREATE TABLE `exam_types` (
  `id` int NOT NULL,
  `name` varchar(100) CHARACTER SET utf8mb4 COLLATE utf8mb4_general_ci NOT NULL,
  `code` varchar(50) CHARACTER SET utf8mb4 COLLATE utf8mb4_general_ci DEFAULT NULL,
  `description` text CHARACTER SET utf8mb4 COLLATE utf8mb4_general_ci,
  `weightage` decimal(5,2) DEFAULT '1.00',
  `status` enum('active','inactive') CHARACTER SET utf8mb4 COLLATE utf8mb4_general_ci DEFAULT 'active'
) ENGINE=InnoDB DEFAULT CHARSET=utf8mb4 COLLATE=utf8mb4_general_ci;

--
-- Dumping data for table `exam_types`
--

INSERT INTO `exam_types` (`id`, `name`, `code`, `description`, `weightage`, `status`) VALUES
(1, '১ম সাময়িক', '১ম সাময়িক ', '', 1.00, 'active'),
(2, '২য় সাময়িক', '2nd terminal ', '', 1.00, 'active'),
(5, 'বার্ষিক ', 'annual', '', 1.00, 'active');

-- --------------------------------------------------------

--
-- Table structure for table `fee_categories`
--

CREATE TABLE `fee_categories` (
  `id` int NOT NULL,
  `name` varchar(100) CHARACTER SET utf8mb4 COLLATE utf8mb4_general_ci NOT NULL,
  `description` text CHARACTER SET utf8mb4 COLLATE utf8mb4_general_ci,
  `created_at` timestamp NOT NULL DEFAULT CURRENT_TIMESTAMP,
  `updated_at` timestamp NOT NULL DEFAULT CURRENT_TIMESTAMP ON UPDATE CURRENT_TIMESTAMP
) ENGINE=InnoDB DEFAULT CHARSET=utf8mb4 COLLATE=utf8mb4_general_ci;

--
-- Dumping data for table `fee_categories`
--

INSERT INTO `fee_categories` (`id`, `name`, `description`, `created_at`, `updated_at`) VALUES
(1, 'টিউশন ফি', 'মাসিক টিউশন ফি', '2025-09-07 18:32:53', '2025-09-07 18:32:53'),
(2, 'ভর্তি ফি', 'নতুন ভর্তির ফি', '2025-09-07 18:32:53', '2025-09-07 18:32:53'),
(3, 'পরীক্ষা ফি', 'পরীক্ষার ফি', '2025-09-07 18:32:53', '2025-09-07 18:32:53'),
(4, 'বই ফি', 'বই ও গাইড ফি', '2025-09-07 18:32:53', '2025-09-07 18:32:53'),
(5, 'অন্যান্য', 'অন্যান্য সকল ফি', '2025-09-07 18:32:53', '2025-09-07 18:32:53');

-- --------------------------------------------------------

--
-- Table structure for table `fee_payments`
--

CREATE TABLE `fee_payments` (
  `id` int NOT NULL,
  `student_id` int NOT NULL,
  `fee_structure_id` int NOT NULL,
  `amount` decimal(10,2) NOT NULL,
  `payment_date` date NOT NULL,
  `payment_method` enum('cash','bank_transfer','check','mobile_banking') CHARACTER SET utf8mb4 COLLATE utf8mb4_general_ci DEFAULT 'cash',
  `transaction_id` varchar(100) CHARACTER SET utf8mb4 COLLATE utf8mb4_general_ci DEFAULT NULL,
  `status` enum('paid','pending','partial') CHARACTER SET utf8mb4 COLLATE utf8mb4_general_ci DEFAULT 'pending',
  `collected_by` int NOT NULL,
  `created_at` timestamp NOT NULL DEFAULT CURRENT_TIMESTAMP,
  `updated_at` timestamp NOT NULL DEFAULT CURRENT_TIMESTAMP ON UPDATE CURRENT_TIMESTAMP
) ENGINE=InnoDB DEFAULT CHARSET=utf8mb4 COLLATE=utf8mb4_general_ci;

-- --------------------------------------------------------

--
-- Table structure for table `fee_structures`
--

CREATE TABLE `fee_structures` (
  `id` int NOT NULL,
  `class_id` int NOT NULL,
  `fee_category_id` int NOT NULL,
  `amount` decimal(10,2) NOT NULL,
  `academic_year` varchar(20) CHARACTER SET utf8mb4 COLLATE utf8mb4_general_ci NOT NULL,
  `created_at` timestamp NOT NULL DEFAULT CURRENT_TIMESTAMP,
  `updated_at` timestamp NOT NULL DEFAULT CURRENT_TIMESTAMP ON UPDATE CURRENT_TIMESTAMP
) ENGINE=InnoDB DEFAULT CHARSET=utf8mb4 COLLATE=utf8mb4_general_ci;

-- --------------------------------------------------------

--
-- Table structure for table `guardian_relations`
--

CREATE TABLE `guardian_relations` (
  `id` int NOT NULL,
  `name` varchar(50) CHARACTER SET utf8mb4 COLLATE utf8mb4_general_ci NOT NULL,
  `created_at` timestamp NOT NULL DEFAULT CURRENT_TIMESTAMP
) ENGINE=InnoDB DEFAULT CHARSET=utf8mb4 COLLATE=utf8mb4_general_ci;

--
-- Dumping data for table `guardian_relations`
--

INSERT INTO `guardian_relations` (`id`, `name`, `created_at`) VALUES
(1, 'পিতা', '2025-09-07 19:41:14'),
(2, 'মাতা', '2025-09-07 19:41:14'),
(3, 'চাচা', '2025-09-07 19:41:14'),
(4, 'চাচী', '2025-09-07 19:41:14'),
(5, 'দাদা', '2025-09-07 19:41:14'),
(6, 'দাদী', '2025-09-07 19:41:14'),
(7, 'নানা', '2025-09-07 19:41:14'),
(8, 'নানী', '2025-09-07 19:41:14'),
(9, 'অন্যান্য', '2025-09-07 19:41:14');

-- --------------------------------------------------------

--
-- Table structure for table `holidays`
--

CREATE TABLE `holidays` (
  `id` int NOT NULL,
  `title` varchar(255) CHARACTER SET utf8mb3 NOT NULL,
  `date` date NOT NULL,
  `description` text CHARACTER SET utf8mb3,
  `status` enum('active','inactive') CHARACTER SET utf8mb3 NOT NULL DEFAULT 'active',
  `created_at` timestamp NOT NULL DEFAULT CURRENT_TIMESTAMP,
  `updated_at` timestamp NOT NULL DEFAULT CURRENT_TIMESTAMP ON UPDATE CURRENT_TIMESTAMP
) ENGINE=InnoDB DEFAULT CHARSET=utf8mb4 COLLATE=utf8mb4_general_ci;

-- --------------------------------------------------------

--
-- Table structure for table `homework`
--

CREATE TABLE `homework` (
  `id` int NOT NULL,
  `class_id` int NOT NULL,
  `section_id` int NOT NULL,
  `subject` varchar(100) CHARACTER SET utf8mb3 COLLATE utf8mb3_unicode_ci NOT NULL,
  `homework_text` text CHARACTER SET utf8mb3 COLLATE utf8mb3_unicode_ci NOT NULL,
  `due_date` date NOT NULL,
  `created_by` int DEFAULT NULL,
  `created_at` datetime NOT NULL
) ENGINE=InnoDB DEFAULT CHARSET=utf8mb4 COLLATE=utf8mb4_general_ci;

--
-- Dumping data for table `homework`
--

INSERT INTO `homework` (`id`, `class_id`, `section_id`, `subject`, `homework_text`, `due_date`, `created_by`, `created_at`) VALUES
(1, 7, 1, 'jhh', 'adsdasd', '2025-09-17', 1, '2025-09-17 15:45:03');

-- --------------------------------------------------------

--
-- Table structure for table `leave_applications`
--

CREATE TABLE `leave_applications` (
  `id` int NOT NULL,
  `student_id` int NOT NULL,
  `guardian_id` int NOT NULL,
  `leave_type` enum('sick','personal','family','other') CHARACTER SET utf8mb4 COLLATE utf8mb4_general_ci NOT NULL,
  `start_date` date NOT NULL,
  `end_date` date NOT NULL,
  `reason` text CHARACTER SET utf8mb4 COLLATE utf8mb4_general_ci NOT NULL,
  `status` enum('pending','approved','rejected') CHARACTER SET utf8mb4 COLLATE utf8mb4_general_ci DEFAULT 'pending',
  `approved_by` int DEFAULT NULL,
  `created_at` timestamp NOT NULL DEFAULT CURRENT_TIMESTAMP,
  `updated_at` timestamp NOT NULL DEFAULT CURRENT_TIMESTAMP ON UPDATE CURRENT_TIMESTAMP
) ENGINE=InnoDB DEFAULT CHARSET=utf8mb4 COLLATE=utf8mb4_general_ci;

-- --------------------------------------------------------

--
-- Table structure for table `lesson_evaluation`
--

CREATE TABLE `lesson_evaluation` (
  `id` int NOT NULL,
  `teacher_id` int NOT NULL,
  `class_id` int NOT NULL,
  `section_id` int NOT NULL,
  `subject` varchar(100) CHARACTER SET utf8mb4 COLLATE utf8mb4_general_ci NOT NULL,
  `date` date NOT NULL,
  `evaluated_students` text CHARACTER SET utf8mb4 COLLATE utf8mb4_general_ci NOT NULL,
  `is_completed` tinyint(1) NOT NULL DEFAULT '0',
  `remarks` text CHARACTER SET utf8mb4 COLLATE utf8mb4_general_ci,
  `created_at` datetime NOT NULL,
  `updated_at` datetime DEFAULT NULL
) ENGINE=InnoDB DEFAULT CHARSET=utf8mb4 COLLATE=utf8mb4_general_ci;

--
-- Dumping data for table `lesson_evaluation`
--

INSERT INTO `lesson_evaluation` (`id`, `teacher_id`, `class_id`, `section_id`, `subject`, `date`, `evaluated_students`, `is_completed`, `remarks`, `created_at`, `updated_at`) VALUES
(1, 17, 6, 13, '', '2025-09-17', '[\"57\",\"58\",\"75\"]', 0, 'শ্রেণি মূল্যায়নে ব্যার্থ', '2025-09-17 16:07:19', NULL),
(2, 17, 7, 14, 'গণিত', '2025-09-17', '[\"80\",\"81\",\"82\",\"83\",\"87\",\"90\",\"95\",\"98\",\"99\"]', 0, '', '2025-09-17 16:12:00', '2025-09-17 17:30:23'),
(3, 17, 6, 13, 'বাংলাদেশ ও বিশ্বপরিচয়', '2025-09-17', '[\"57\",\"60\",\"63\",\"65\",\"68\",\"71\",\"74\"]', 0, '', '2025-09-17 16:15:57', '2025-09-17 16:38:15'),
(4, 17, 8, 15, 'বাংলা', '2025-09-17', '[\"102\",\"109\",\"110\",\"111\",\"113\",\"119\"]', 0, 'পড়া হয় নাই', '2025-09-17 16:40:03', NULL),
(5, 17, 7, 14, 'গণিত', '2025-09-18', '[\"82\",\"86\",\"89\"]', 0, '', '2025-09-18 04:35:01', NULL),
(6, 17, 8, 15, 'ইংরেজি', '2025-09-18', '[\"102\",\"109\"]', 0, '', '2025-09-18 21:07:31', NULL),
(7, 17, 8, 15, 'বাংলা', '2025-09-21', '[\"101\",\"109\",\"115\",\"121\"]', 0, '', '2025-09-21 19:56:21', NULL),
(8, 20, 7, 14, 'সাধারণ জ্ঞান, আরবি ও চিত্রাঙ্কন', '2025-09-21', '[\"81\",\"89\",\"93\",\"97\"]', 0, 'একদমই পড়ে নাই', '2025-09-21 20:44:50', NULL),
(9, 17, 8, 15, 'বাংলা', '2025-09-22', '[\"103\",\"109\",\"111\",\"116\"]', 0, '', '2025-09-22 02:58:51', NULL),
(10, 20, 7, 14, 'ইংরেজি', '2025-09-22', '[\"91\",\"97\"]', 0, '', '2025-09-22 07:49:56', NULL),
(11, 17, 6, 13, 'বাংলাদেশ ও বিশ্বপরিচয়', '2025-09-23', '[\"66\",\"71\",\"73\",\"78\"]', 0, '', '2025-09-23 06:39:02', NULL),
(12, 20, 7, 14, 'সাধারণ জ্ঞান, আরবি ও চিত্রাঙ্কন', '2025-09-29', '[\"81\",\"83\",\"85\",\"87\"]', 0, '', '2025-09-29 17:55:48', NULL),
(13, 20, 7, 14, 'ইংরেজি', '2025-09-30', '[\"83\",\"89\",\"91\",\"95\",\"98\"]', 0, '', '2025-09-30 05:28:25', NULL),
(14, 20, 7, 14, 'সাধারণ জ্ঞান, আরবি ও চিত্রাঙ্কন', '2025-09-30', '[\"80\",\"82\",\"86\",\"90\",\"98\"]', 0, '', '2025-09-30 18:07:27', NULL);

-- --------------------------------------------------------

--
-- Table structure for table `marks`
--

CREATE TABLE `marks` (
  `id` int NOT NULL,
  `exam_id` int NOT NULL,
  `exam_subject_id` int NOT NULL,
  `student_id` int NOT NULL,
  `obtained_marks` decimal(8,2) DEFAULT '0.00',
  `entered_by` int DEFAULT NULL,
  `entered_at` timestamp NULL DEFAULT CURRENT_TIMESTAMP,
  `updated_at` timestamp NULL DEFAULT CURRENT_TIMESTAMP ON UPDATE CURRENT_TIMESTAMP
) ENGINE=InnoDB DEFAULT CHARSET=utf8mb4 COLLATE=utf8mb4_general_ci;

--
-- Dumping data for table `marks`
--

INSERT INTO `marks` (`id`, `exam_id`, `exam_subject_id`, `student_id`, `obtained_marks`, `entered_by`, `entered_at`, `updated_at`) VALUES
(1, 1, 1, 79, 89.00, 17, '2025-09-19 18:01:20', '2025-09-19 19:38:15'),
(2, 1, 1, 80, 80.00, 17, '2025-09-19 19:07:30', '2025-09-19 19:38:13'),
(3, 1, 1, 81, 79.00, 17, '2025-09-19 19:07:41', '2025-09-19 19:38:20'),
(4, 1, 3, 79, 87.00, 17, '2025-09-19 19:10:52', '2025-09-19 19:24:10'),
(5, 1, 3, 94, 52.00, 17, '2025-09-19 19:12:35', '2025-09-19 19:12:35'),
(6, 1, 3, 95, 45.00, 17, '2025-09-19 19:12:35', '2025-09-19 19:12:35'),
(7, 1, 3, 96, 48.00, 17, '2025-09-19 19:12:36', '2025-09-19 19:12:36'),
(8, 1, 3, 97, 74.00, 17, '2025-09-19 19:12:36', '2025-09-19 19:12:36'),
(9, 1, 3, 98, 96.00, 17, '2025-09-19 19:12:37', '2025-09-19 19:12:37'),
(10, 1, 3, 99, 80.00, 17, '2025-09-19 19:12:39', '2025-09-19 19:12:39'),
(11, 1, 3, 82, 74.00, 17, '2025-09-19 19:15:25', '2025-09-19 19:25:29'),
(12, 1, 3, 80, 89.00, 17, '2025-09-19 19:23:23', '2025-09-19 19:25:20'),
(13, 1, 3, 83, 17.00, 17, '2025-09-19 19:23:42', '2025-09-19 19:23:42'),
(14, 1, 1, 98, 59.42, 17, '2025-09-19 19:39:21', '2025-09-19 19:39:21'),
(15, 1, 1, 99, 47.50, 17, '2025-09-19 19:39:28', '2025-09-19 19:39:28'),
(16, 1, 2, 79, 75.00, 17, '2025-09-19 20:02:30', '2025-09-19 20:02:30'),
(17, 1, 2, 80, 89.00, 17, '2025-09-19 20:02:31', '2025-09-19 20:02:31'),
(18, 1, 2, 81, 74.00, 17, '2025-09-19 20:02:32', '2025-09-19 20:02:32'),
(19, 1, 2, 82, 71.00, 17, '2025-09-19 20:02:33', '2025-09-19 20:02:33'),
(20, 1, 2, 83, 41.00, 17, '2025-09-19 20:02:34', '2025-09-19 20:02:34'),
(21, 1, 2, 84, 45.50, 17, '2025-09-19 20:02:35', '2025-09-22 12:08:39'),
(22, 1, 2, 85, 58.00, 17, '2025-09-19 20:02:36', '2025-09-19 20:02:37'),
(23, 1, 2, 86, 75.00, 17, '2025-09-19 20:02:38', '2025-09-19 20:02:38'),
(24, 1, 2, 87, 4.00, 17, '2025-09-19 20:02:41', '2025-09-19 20:02:41'),
(25, 1, 2, 88, 57.00, 17, '2025-09-19 20:02:42', '2025-09-19 20:02:42'),
(26, 1, 2, 89, 35.00, 17, '2025-09-19 20:02:45', '2025-09-21 20:22:51'),
(27, 1, 2, 90, 25.00, 17, '2025-09-19 20:02:46', '2025-09-19 20:02:46'),
(28, 1, 2, 91, 25.00, 17, '2025-09-19 20:02:47', '2025-09-19 20:02:47'),
(29, 1, 2, 92, 58.00, 17, '2025-09-19 20:02:48', '2025-09-19 20:02:48'),
(30, 1, 2, 93, 42.00, 17, '2025-09-19 20:02:49', '2025-09-19 20:02:49'),
(31, 1, 2, 94, 34.00, 17, '2025-09-19 20:02:50', '2025-09-19 20:02:50'),
(32, 1, 4, 79, 54.00, 17, '2025-09-19 20:02:59', '2025-09-19 20:02:59'),
(33, 1, 4, 80, 14.00, 17, '2025-09-19 20:03:00', '2025-09-19 20:03:00'),
(34, 1, 4, 81, 78.00, 17, '2025-09-19 20:03:01', '2025-09-19 20:03:01'),
(35, 1, 4, 82, 98.00, 17, '2025-09-19 20:03:02', '2025-09-19 20:03:02'),
(36, 1, 4, 83, 75.00, 17, '2025-09-19 20:03:02', '2025-09-19 20:03:02'),
(37, 1, 4, 84, 95.00, 17, '2025-09-19 20:03:03', '2025-09-19 20:03:03'),
(38, 1, 4, 85, 85.00, 17, '2025-09-19 20:03:04', '2025-09-19 20:03:04'),
(39, 1, 4, 86, 84.00, 17, '2025-09-19 20:03:05', '2025-09-19 20:03:05'),
(40, 1, 4, 87, 30.00, 17, '2025-09-19 20:03:06', '2025-09-19 20:03:06'),
(41, 1, 4, 88, 45.00, 17, '2025-09-19 20:03:07', '2025-09-19 20:03:07'),
(42, 1, 4, 89, 98.00, 17, '2025-09-19 20:03:08', '2025-09-21 20:23:22'),
(43, 1, 3, 89, 80.00, 17, '2025-09-21 20:23:00', '2025-09-21 20:23:00'),
(44, 1, 1, 89, 98.00, 17, '2025-09-21 20:23:09', '2025-09-21 20:23:09'),
(45, 1, 2, 95, 85.00, 17, '2025-09-22 12:08:27', '2025-09-22 12:08:27'),
(46, 1, 2, 96, 41.00, 17, '2025-09-22 12:08:28', '2025-09-22 12:08:28'),
(47, 1, 2, 97, 24.50, 17, '2025-09-22 12:08:31', '2025-09-22 12:08:31'),
(48, 1, 2, 98, 24.00, 17, '2025-09-22 12:08:33', '2025-09-22 12:08:33'),
(54, 2, 30, 56, 45.00, 20, '2025-10-02 04:49:47', '2025-10-02 04:49:47'),
(55, 2, 30, 57, 41.00, 20, '2025-10-02 04:49:48', '2025-10-02 04:49:48'),
(56, 2, 30, 58, 47.00, 20, '2025-10-02 04:49:49', '2025-10-02 04:49:49'),
(57, 2, 30, 59, 85.00, 20, '2025-10-02 04:49:50', '2025-10-02 04:49:50'),
(58, 2, 30, 60, 95.00, 20, '2025-10-02 04:49:51', '2025-10-02 04:49:51'),
(59, 2, 30, 61, 64.00, 20, '2025-10-02 04:49:52', '2025-10-02 04:49:52'),
(60, 2, 30, 62, 75.00, 20, '2025-10-02 04:49:52', '2025-10-02 04:49:52'),
(61, 2, 30, 63, 85.00, 20, '2025-10-02 04:49:53', '2025-10-02 04:49:53'),
(62, 2, 30, 64, 41.00, 20, '2025-10-02 04:49:54', '2025-10-02 04:49:54'),
(63, 2, 30, 65, 42.00, 20, '2025-10-02 04:49:56', '2025-10-02 04:49:56'),
(64, 2, 26, 56, 42.00, 20, '2025-10-02 04:50:04', '2025-10-02 04:50:04'),
(65, 2, 26, 57, 85.00, 20, '2025-10-02 04:50:05', '2025-10-02 04:50:31'),
(66, 2, 26, 58, 85.00, 20, '2025-10-02 04:50:06', '2025-10-02 04:50:11'),
(67, 2, 26, 59, 45.00, 20, '2025-10-02 04:50:12', '2025-10-02 04:50:12'),
(68, 2, 26, 60, 95.00, 20, '2025-10-02 04:50:13', '2025-10-02 04:50:13'),
(69, 2, 26, 61, 75.00, 20, '2025-10-02 04:50:13', '2025-10-02 04:50:13'),
(70, 2, 26, 62, 22.00, 20, '2025-10-02 04:50:15', '2025-10-02 04:50:15'),
(71, 2, 28, 56, 45.00, 20, '2025-10-02 04:50:53', '2025-10-02 04:50:53'),
(72, 2, 28, 57, 75.00, 20, '2025-10-02 04:50:54', '2025-10-02 04:50:54'),
(73, 2, 28, 58, 96.00, 20, '2025-10-02 04:50:55', '2025-10-02 04:50:55'),
(74, 2, 28, 59, 74.00, 20, '2025-10-02 04:50:55', '2025-10-02 04:50:55'),
(75, 2, 28, 60, 72.00, 20, '2025-10-02 04:50:56', '2025-10-02 04:50:56'),
(76, 2, 28, 61, 82.00, 20, '2025-10-02 04:50:57', '2025-10-02 04:50:57'),
(77, 2, 28, 62, 76.00, 20, '2025-10-02 04:50:58', '2025-10-02 04:50:58'),
(78, 2, 28, 63, 71.00, 20, '2025-10-02 04:51:00', '2025-10-02 04:51:00'),
(79, 2, 25, 56, 45.00, 20, '2025-10-02 04:52:41', '2025-10-02 04:52:41'),
(80, 2, 25, 57, 42.00, 20, '2025-10-02 04:52:41', '2025-10-02 04:52:41'),
(81, 2, 25, 58, 41.00, 20, '2025-10-02 04:52:42', '2025-10-02 04:52:42'),
(82, 2, 25, 59, 47.00, 20, '2025-10-02 04:52:43', '2025-10-02 04:52:43'),
(83, 2, 25, 60, 48.00, 20, '2025-10-02 04:52:43', '2025-10-02 04:52:43'),
(84, 2, 25, 61, 33.00, 20, '2025-10-02 04:52:45', '2025-10-02 04:52:45'),
(85, 2, 25, 62, 25.00, 20, '2025-10-02 04:52:50', '2025-10-02 04:52:50'),
(86, 2, 25, 63, 45.00, 20, '2025-10-02 04:52:50', '2025-10-02 04:52:50'),
(87, 2, 25, 64, 71.00, 20, '2025-10-02 04:52:52', '2025-10-02 04:52:52'),
(88, 2, 25, 65, 64.00, 20, '2025-10-02 04:52:53', '2025-10-02 04:52:53'),
(89, 2, 25, 66, 62.00, 20, '2025-10-02 04:52:54', '2025-10-02 04:52:54'),
(90, 2, 25, 67, 57.00, 20, '2025-10-02 04:52:56', '2025-10-02 04:52:56'),
(91, 2, 25, 68, 35.00, 20, '2025-10-02 04:52:58', '2025-10-02 04:52:58');

-- --------------------------------------------------------

--
-- Table structure for table `notices`
--

CREATE TABLE `notices` (
  `id` int NOT NULL,
  `title` varchar(255) CHARACTER SET utf8mb4 COLLATE utf8mb4_general_ci NOT NULL,
  `content` text CHARACTER SET utf8mb4 COLLATE utf8mb4_general_ci NOT NULL,
  `target_audience` enum('all','teachers','guardians','students') CHARACTER SET utf8mb4 COLLATE utf8mb4_general_ci DEFAULT 'all',
  `publish_date` date NOT NULL,
  `expire_date` date DEFAULT NULL,
  `created_by` int NOT NULL,
  `created_at` timestamp NOT NULL DEFAULT CURRENT_TIMESTAMP,
  `updated_at` timestamp NOT NULL DEFAULT CURRENT_TIMESTAMP ON UPDATE CURRENT_TIMESTAMP
) ENGINE=InnoDB DEFAULT CHARSET=utf8mb4 COLLATE=utf8mb4_general_ci;

-- --------------------------------------------------------

--
-- Table structure for table `routines`
--

CREATE TABLE `routines` (
  `id` int NOT NULL,
  `class_id` int NOT NULL,
  `section_id` int NOT NULL,
  `day_of_week` enum('saturday','sunday','monday','tuesday','wednesday','thursday','friday') CHARACTER SET utf8mb4 COLLATE utf8mb4_general_ci NOT NULL,
  `period_number` int NOT NULL,
  `subject_id` int NOT NULL,
  `teacher_id` int NOT NULL,
  `start_time` time NOT NULL,
  `end_time` time NOT NULL,
  `created_at` timestamp NOT NULL DEFAULT CURRENT_TIMESTAMP,
  `updated_at` timestamp NOT NULL DEFAULT CURRENT_TIMESTAMP ON UPDATE CURRENT_TIMESTAMP
) ENGINE=InnoDB DEFAULT CHARSET=utf8mb4 COLLATE=utf8mb4_general_ci;

--
-- Dumping data for table `routines`
--

INSERT INTO `routines` (`id`, `class_id`, `section_id`, `day_of_week`, `period_number`, `subject_id`, `teacher_id`, `start_time`, `end_time`, `created_at`, `updated_at`) VALUES
(1, 10, 16, 'sunday', 1, 1, 14, '02:48:00', '04:48:00', '2025-09-13 21:48:23', '2025-09-13 21:48:23'),
(2, 6, 13, 'monday', 2, 11, 3, '08:00:00', '08:30:00', '2025-09-14 12:07:28', '2025-09-14 12:07:28'),
(3, 6, 13, 'tuesday', 2, 6, 14, '08:30:00', '09:00:00', '2025-09-14 12:07:56', '2025-09-14 12:07:56'),
(4, 7, 14, 'monday', 1, 1, 14, '18:09:00', '19:09:00', '2025-09-14 12:08:59', '2025-09-14 12:08:59'),
(5, 7, 14, 'thursday', 4, 3, 17, '18:13:00', '22:10:00', '2025-09-14 12:09:46', '2025-09-14 12:09:46'),
(6, 8, 15, 'saturday', 1, 2, 17, '22:05:00', '22:48:00', '2025-09-17 16:05:02', '2025-09-17 16:05:02'),
(7, 8, 15, 'wednesday', 2, 1, 17, '22:05:00', '22:58:00', '2025-09-17 16:05:26', '2025-09-17 16:05:26'),
(8, 6, 13, 'wednesday', 1, 5, 17, '22:08:00', '22:44:00', '2025-09-17 16:05:57', '2025-09-17 16:05:57'),
(11, 7, 14, 'sunday', 2, 2, 20, '01:08:00', '05:08:00', '2025-09-19 19:08:38', '2025-09-19 19:08:38'),
(12, 7, 14, 'tuesday', 3, 7, 20, '01:11:00', '07:09:00', '2025-09-19 19:09:10', '2025-09-19 19:09:10'),
(13, 6, 13, 'sunday', 1, 10, 17, '10:52:00', '10:56:00', '2025-10-02 04:52:13', '2025-10-02 04:52:13');

-- --------------------------------------------------------

--
-- Table structure for table `school_info`
--

CREATE TABLE `school_info` (
  `id` int NOT NULL,
  `name` varchar(255) CHARACTER SET utf8mb4 COLLATE utf8mb4_general_ci NOT NULL,
  `address` text CHARACTER SET utf8mb4 COLLATE utf8mb4_general_ci NOT NULL,
  `phone` varchar(20) CHARACTER SET utf8mb4 COLLATE utf8mb4_general_ci DEFAULT NULL,
  `email` varchar(100) CHARACTER SET utf8mb4 COLLATE utf8mb4_general_ci DEFAULT NULL,
  `logo` varchar(255) CHARACTER SET utf8mb4 COLLATE utf8mb4_general_ci DEFAULT NULL,
  `established_year` int DEFAULT NULL,
  `principal_name` varchar(100) CHARACTER SET utf8mb4 COLLATE utf8mb4_general_ci DEFAULT NULL,
  `website` varchar(255) CHARACTER SET utf8mb4 COLLATE utf8mb4_general_ci DEFAULT NULL,
  `created_at` timestamp NOT NULL DEFAULT CURRENT_TIMESTAMP,
  `updated_at` timestamp NOT NULL DEFAULT CURRENT_TIMESTAMP ON UPDATE CURRENT_TIMESTAMP
) ENGINE=InnoDB DEFAULT CHARSET=utf8mb4 COLLATE=utf8mb4_general_ci;

--
-- Dumping data for table `school_info`
--

INSERT INTO `school_info` (`id`, `name`, `address`, `phone`, `email`, `logo`, `established_year`, `principal_name`, `website`, `created_at`, `updated_at`) VALUES
(1, 'ক্যারিয়ার প্রি-ক্যাডেট স্কুল', 'জোড়পুকুরিয়া, গাংনী, মেহেরপুর', '+8801718868852', 'info@batighorbd.com', '1759164472_jss_logo.png', 2008, 'কামাল হোসেন', '', '2025-09-07 18:32:53', '2025-09-29 16:47:52');

-- --------------------------------------------------------

--
-- Table structure for table `sections`
--

CREATE TABLE `sections` (
  `id` int NOT NULL,
  `class_id` int NOT NULL,
  `name` varchar(50) CHARACTER SET utf8mb4 COLLATE utf8mb4_general_ci NOT NULL,
  `capacity` int DEFAULT NULL,
  `room_number` varchar(20) CHARACTER SET utf8mb4 COLLATE utf8mb4_general_ci DEFAULT NULL,
  `section_teacher_id` int DEFAULT NULL,
  `status` enum('active','inactive') CHARACTER SET utf8mb4 COLLATE utf8mb4_general_ci DEFAULT 'active',
  `created_at` timestamp NOT NULL DEFAULT CURRENT_TIMESTAMP,
  `updated_at` timestamp NOT NULL DEFAULT CURRENT_TIMESTAMP ON UPDATE CURRENT_TIMESTAMP
) ENGINE=InnoDB DEFAULT CHARSET=utf8mb4 COLLATE=utf8mb4_general_ci;

--
-- Dumping data for table `sections`
--

INSERT INTO `sections` (`id`, `class_id`, `name`, `capacity`, `room_number`, `section_teacher_id`, `status`, `created_at`, `updated_at`) VALUES
(1, 1, 'ক', 25, '১০১-ক', NULL, 'active', '2025-09-07 19:53:37', '2025-09-07 20:41:52'),
(3, 2, 'ক', 15, '১০২-ক', 20, 'active', '2025-09-07 19:53:37', '2025-09-21 20:03:06'),
(12, 9, 'ক', 50, '', 17, 'active', '2025-09-07 21:21:45', '2025-09-12 18:01:05'),
(13, 6, 'ক', 0, '', 20, 'active', '2025-09-07 21:21:58', '2025-09-21 20:02:21'),
(14, 7, 'ক', 0, '', NULL, 'active', '2025-09-07 21:22:15', '2025-09-07 21:22:15'),
(15, 8, 'ক', 0, '', NULL, 'active', '2025-09-07 21:22:25', '2025-09-07 21:22:25'),
(16, 10, 'ক', 0, '', 17, 'active', '2025-09-07 21:22:34', '2025-09-21 19:51:34');

-- --------------------------------------------------------

--
-- Table structure for table `settings`
--

CREATE TABLE `settings` (
  `key` varchar(100) CHARACTER SET utf8mb3 COLLATE utf8mb3_unicode_ci NOT NULL,
  `value` text CHARACTER SET utf8mb3 COLLATE utf8mb3_unicode_ci
) ENGINE=InnoDB DEFAULT CHARSET=utf8mb4 COLLATE=utf8mb4_general_ci;

--
-- Dumping data for table `settings`
--

INSERT INTO `settings` (`key`, `value`) VALUES
('sms_api_key', 'W6uYRXsPj2nLHfPJ3YCC'),
('sms_api_url', 'http://bulksmsbd.net/api/smsapi?'),
('sms_attendance_absent', '1'),
('sms_attendance_half_day', '0'),
('sms_attendance_late', '0'),
('sms_attendance_present', '0'),
('sms_masking', ''),
('sms_sender_id', '8809617625226'),
('teacher_attendance_checkin_end', '09:00'),
('teacher_attendance_checkin_start', '08:00:00'),
('teacher_attendance_checkout_end', '13:00'),
('teacher_attendance_checkout_start', '12:00');

-- --------------------------------------------------------

--
-- Table structure for table `sms_logs`
--

CREATE TABLE `sms_logs` (
  `id` bigint UNSIGNED NOT NULL,
  `student_id` bigint UNSIGNED DEFAULT NULL,
  `mobile` varchar(20) CHARACTER SET utf8mb4 COLLATE utf8mb4_unicode_ci NOT NULL,
  `message` text CHARACTER SET utf8mb4 COLLATE utf8mb4_unicode_ci NOT NULL,
  `status` varchar(32) CHARACTER SET utf8mb4 COLLATE utf8mb4_unicode_ci DEFAULT NULL,
  `sent_by` bigint UNSIGNED DEFAULT NULL,
  `created_at` timestamp NOT NULL DEFAULT CURRENT_TIMESTAMP
) ENGINE=InnoDB DEFAULT CHARSET=utf8mb4 COLLATE=utf8mb4_unicode_ci;

--
-- Dumping data for table `sms_logs`
--

INSERT INTO `sms_logs` (`id`, `student_id`, `mobile`, `message`, `status`, `sent_by`, `created_at`) VALUES
(1, 146, '01762396713', 'প্রিয় অভিভাবক, আপনার সন্তান Jisan আজ 2025-09-15 তারিখে দেরিতে এসেছে। -সানরাইজ প্রি-ক্যাডেট স্কুল', 'late', 1, '2025-09-21 19:38:40'),
(2, 147, '01780195092', 'প্রিয় অভিভাবক, আপনার সন্তান Omor Faruk আজ 2025-09-15 তারিখে অনুপস্থিত রয়েছে। ধন্যবাদান্তে, {school_name}', 'absent', 1, '2025-09-21 19:38:41'),
(3, 148, '01885926363', 'প্রিয় অভিভাবক, আপনার সন্তান Md Hamim Ali আজ 2025-09-15 তারিখে উপস্থিত রয়েছে। ধন্যবাদান্তে, {school_name}', 'present', 1, '2025-09-21 19:38:42'),
(4, 146, '01762396713', 'প্রিয় অভিভাবক, আপনার সন্তান Jisan আজ 2025-09-16 তারিখে উপস্থিত রয়েছে। -সানরাইজ প্রি-ক্যাডেট স্কুল', 'present', 1, '2025-09-21 19:43:00'),
(5, 147, '01780195092', 'প্রিয় অভিভাবক, আপনার সন্তান Omor Faruk আজ 2025-09-16 তারিখে উপস্থিত রয়েছে। -সানরাইজ প্রি-ক্যাডেট স্কুল', 'present', 1, '2025-09-21 19:43:01'),
(6, 148, '01885926363', 'প্রিয় অভিভাবক, আপনার সন্তান Md Hamim Ali আজ 2025-09-16 তারিখে উপস্থিত রয়েছে। -সানরাইজ প্রি-ক্যাডেট স্কুল', 'present', 1, '2025-09-21 19:43:01'),
(7, 146, '01762396713', 'প্রিয় অভিভাবক, আপনার সন্তান Jisan আজ 2025-09-17 তারিখে অনুপস্থিত রয়েছে। -সানরাইজ প্রি-ক্যাডেট স্কুল', 'absent', 1, '2025-09-21 19:46:27'),
(8, 147, '01780195092', 'প্রিয় অভিভাবক, আপনার সন্তান Omor Faruk আজ 2025-09-17 তারিখে অনুপস্থিত রয়েছে। -সানরাইজ প্রি-ক্যাডেট স্কুল', 'absent', 1, '2025-09-21 19:46:28'),
(9, 148, '01885926363', 'প্রিয় অভিভাবক, আপনার সন্তান Md Hamim Ali আজ 2025-09-17 তারিখে অনুপস্থিত রয়েছে। -সানরাইজ প্রি-ক্যাডেট স্কুল', 'absent', 1, '2025-09-21 19:46:28'),
(10, 149, '01531349963', 'প্রিয় অভিভাবক, আপনার সন্তান Sohel Rana আজ 2025-09-17 তারিখে অনুপস্থিত রয়েছে। -সানরাইজ প্রি-ক্যাডেট স্কুল', 'absent', 1, '2025-09-21 19:46:29'),
(11, 147, '01780195092', 'প্রিয় অভিভাবক, আপনার সন্তান Omor Faruk আজ 2025-09-18 তারিখে অনুপস্থিত রয়েছে। -সানরাইজ প্রি-ক্যাডেট স্কুল', 'absent', 1, '2025-09-21 19:47:28'),
(12, 148, '01885926363', 'প্রিয় অভিভাবক, আপনার সন্তান Md Hamim Ali আজ 2025-09-18 তারিখে অনুপস্থিত রয়েছে। -সানরাইজ প্রি-ক্যাডেট স্কুল', 'absent', 1, '2025-09-21 19:47:29'),
(13, 146, '01762396713', 'প্রিয় অভিভাবক, আপনার সন্তান Jisan আজ 2025-09-30 তারিখে উপস্থিত রয়েছে। -সানরাইজ প্রি-ক্যাডেট স্কুল', 'present', 1, '2025-09-22 07:46:12'),
(14, 147, '01780195092', 'প্রিয় অভিভাবক, আপনার সন্তান Omor Faruk আজ 2025-09-30 তারিখে উপস্থিত রয়েছে। -সানরাইজ প্রি-ক্যাডেট স্কুল', 'present', 1, '2025-09-22 07:46:12'),
(15, 148, '01885926363', 'প্রিয় অভিভাবক, আপনার সন্তান Md Hamim Ali আজ 2025-09-30 তারিখে দেরিতে এসেছে। -সানরাইজ প্রি-ক্যাডেট স্কুল', 'late', 1, '2025-09-22 07:46:13'),
(16, 149, '01531349963', 'প্রিয় অভিভাবক, আপনার সন্তান Sohel Rana আজ 2025-09-30 তারিখে উপস্থিত রয়েছে। -সানরাইজ প্রি-ক্যাডেট স্কুল', 'present', 1, '2025-09-22 07:46:14'),
(17, 174, '01603321944', 'প্রিয় অভিভাবক, আপনার সন্তান নিশাত আমান রাফি আজ 2025-09-30 তারিখে অনুপস্থিত রয়েছে। -সানরাইজ প্রি-ক্যাডেট স্কুল', 'absent', 1, '2025-09-22 07:46:14'),
(18, 146, '01762396713', 'প্রিয় অভিভাবক, আপনার সন্তান Jisan আজ 2025-09-29 তারিখে অনুপস্থিত রয়েছে। -সানরাইজ প্রি-ক্যাডেট স্কুল', 'absent', 1, '2025-09-22 07:48:33'),
(19, 174, '01603321944', 'প্রিয় অভিভাবক, আপনার সন্তান নিশাত আমান রাফি আজ 2025-09-29 তারিখে অনুপস্থিত রয়েছে। -সানরাইজ প্রি-ক্যাডেট স্কুল', 'absent', 1, '2025-09-22 07:48:34'),
(20, 146, '01762396713', 'প্রিয় অভিভাবক, আপনার সন্তান Jisan আজ 2025-09-22 তারিখে অনুপস্থিত রয়েছে। -সানরাইজ প্রি-ক্যাডেট স্কুল', 'absent', 17, '2025-09-22 10:13:34'),
(21, 147, '01780195092', 'প্রিয় অভিভাবক, আপনার সন্তান Omor Faruk আজ 2025-09-22 তারিখে অনুপস্থিত রয়েছে। -সানরাইজ প্রি-ক্যাডেট স্কুল', 'absent', 17, '2025-09-22 10:13:35'),
(22, 148, '01885926363', 'প্রিয় অভিভাবক, আপনার সন্তান Md Hamim Ali আজ 2025-09-22 তারিখে অনুপস্থিত রয়েছে। -সানরাইজ প্রি-ক্যাডেট স্কুল', 'absent', 17, '2025-09-22 10:13:36'),
(23, 149, '01531349963', 'প্রিয় অভিভাবক, আপনার সন্তান Sohel Rana আজ 2025-09-22 তারিখে অনুপস্থিত রয়েছে। -সানরাইজ প্রি-ক্যাডেট স্কুল', 'absent', 17, '2025-09-22 10:13:37'),
(24, 146, '01762396713', 'প্রিয় অভিভাবক, আপনার সন্তান Jisan আজ 2025-09-23 তারিখে অনুপস্থিত রয়েছে। -সানরাইজ প্রি-ক্যাডেট স্কুল', 'absent', 1, '2025-09-23 06:36:33'),
(25, 148, '01885926363', 'প্রিয় অভিভাবক, আপনার সন্তান Md Hamim Ali আজ 2025-09-23 তারিখে অনুপস্থিত রয়েছে। -সানরাইজ প্রি-ক্যাডেট স্কুল', 'absent', 1, '2025-09-23 06:36:34'),
(26, 175, '01319447505', 'প্রিয় অভিভাবক, আপনার সন্তান মোঃ আবুল হাসনাত উৎস আজ 2025-09-23 তারিখে অনুপস্থিত রয়েছে। -সানরাইজ প্রি-ক্যাডেট স্কুল', 'absent', 1, '2025-09-23 06:36:34'),
(27, 148, '01885926363', 'প্রিয় অভিভাবক, আপনার সন্তান Md Hamim Ali আজ 2025-09-30 তারিখে অনুপস্থিত রয়েছে। -সানরাইজ প্রি-ক্যাডেট স্কুল', 'absent', 1, '2025-09-30 05:27:04'),
(28, 174, '01603321944', 'প্রিয় অভিভাবক, আপনার সন্তান নিশাত আমান রাফি আজ 2025-09-30 তারিখে অনুপস্থিত রয়েছে। -সানরাইজ প্রি-ক্যাডেট স্কুল', 'absent', 1, '2025-09-30 05:27:04'),
(29, 176, '01885926363', 'প্রিয় অভিভাবক, আপনার সন্তান আহমেদ শরিফ আজ 2025-10-05 তারিখে অনুপস্থিত রয়েছে। -ক্যারিয়ার প্রি-ক্যাডেট স্কুল', 'absent', 1, '2025-10-05 03:47:58'),
(30, 146, '01762396713', 'প্রিয় অভিভাবক, আপনার সন্তান Jisan আজ 2025-10-05 তারিখে উপস্থিত রয়েছে। -ক্যারিয়ার প্রি-ক্যাডেট স্কুল', 'present', 1, '2025-10-05 03:47:59'),
(31, 147, '01780195092', 'প্রিয় অভিভাবক, আপনার সন্তান Omor Faruk আজ 2025-10-05 তারিখে উপস্থিত রয়েছে। -ক্যারিয়ার প্রি-ক্যাডেট স্কুল', 'present', 1, '2025-10-05 03:48:01'),
(32, 149, '01531349963', 'প্রিয় অভিভাবক, আপনার সন্তান Sohel Rana আজ 2025-10-05 তারিখে উপস্থিত রয়েছে। -ক্যারিয়ার প্রি-ক্যাডেট স্কুল', 'present', 1, '2025-10-05 03:48:02'),
(33, 174, '01603321944', 'প্রিয় অভিভাবক, আপনার সন্তান নিশাত আমান রাফি আজ 2025-10-05 তারিখে উপস্থিত রয়েছে। -ক্যারিয়ার প্রি-ক্যাডেট স্কুল', 'present', 1, '2025-10-05 03:48:03'),
(34, 175, '01319447505', 'প্রিয় অভিভাবক, আপনার সন্তান মোঃ আবুল হাসনাত উৎস আজ 2025-10-05 তারিখে উপস্থিত রয়েছে। -ক্যারিয়ার প্রি-ক্যাডেট স্কুল', 'present', 1, '2025-10-05 03:48:04'),
(35, 176, '01885926363', 'প্রিয় অভিভাবক, আপনার সন্তান আহমেদ শরিফ আজ 2025-10-05 তারিখে উপস্থিত রয়েছে। -ক্যারিয়ার প্রি-ক্যাডেট স্কুল', 'present', 17, '2025-10-05 15:41:26'),
(36, 146, '01762396713', 'প্রিয় অভিভাবক, আপনার সন্তান Jisan আজ 2025-10-05 তারিখে উপস্থিত রয়েছে। -ক্যারিয়ার প্রি-ক্যাডেট স্কুল', 'present', 17, '2025-10-05 15:41:27'),
(37, 147, '01780195092', 'প্রিয় অভিভাবক, আপনার সন্তান Omor Faruk আজ 2025-10-05 তারিখে উপস্থিত রয়েছে। -ক্যারিয়ার প্রি-ক্যাডেট স্কুল', 'present', 17, '2025-10-05 15:41:28'),
(38, 149, '01531349963', 'প্রিয় অভিভাবক, আপনার সন্তান Sohel Rana আজ 2025-10-05 তারিখে উপস্থিত রয়েছে। -ক্যারিয়ার প্রি-ক্যাডেট স্কুল', 'present', 17, '2025-10-05 15:41:29'),
(39, 174, '01603321944', 'প্রিয় অভিভাবক, আপনার সন্তান নিশাত আমান রাফি আজ 2025-10-05 তারিখে উপস্থিত রয়েছে। -ক্যারিয়ার প্রি-ক্যাডেট স্কুল', 'present', 17, '2025-10-05 15:41:30'),
(40, 175, '01319447505', 'প্রিয় অভিভাবক, আপনার সন্তান মোঃ আবুল হাসনাত উৎস আজ 2025-10-05 তারিখে উপস্থিত রয়েছে। -ক্যারিয়ার প্রি-ক্যাডেট স্কুল', 'present', 17, '2025-10-05 15:41:31'),
(41, 176, '01885926363', 'প্রিয় অভিভাবক, আপনার সন্তান আহমেদ শরিফ আজ 2025-10-06 তারিখে উপস্থিত রয়েছে। -ক্যারিয়ার প্রি-ক্যাডেট স্কুল', 'present', 1, '2025-10-06 04:43:21'),
(42, 146, '01762396713', 'প্রিয় অভিভাবক, আপনার সন্তান Jisan আজ 2025-10-06 তারিখে উপস্থিত রয়েছে। -ক্যারিয়ার প্রি-ক্যাডেট স্কুল', 'present', 1, '2025-10-06 04:43:22'),
(43, 147, '01780195092', 'প্রিয় অভিভাবক, আপনার সন্তান Omor Faruk আজ 2025-10-06 তারিখে অনুপস্থিত রয়েছে। -ক্যারিয়ার প্রি-ক্যাডেট স্কুল', 'absent', 1, '2025-10-06 04:43:23'),
(44, 149, '01531349963', 'প্রিয় অভিভাবক, আপনার সন্তান Sohel Rana আজ 2025-10-06 তারিখে উপস্থিত রয়েছে। -ক্যারিয়ার প্রি-ক্যাডেট স্কুল', 'present', 1, '2025-10-06 04:43:24'),
(45, 174, '01603321944', 'প্রিয় অভিভাবক, আপনার সন্তান নিশাত আমান রাফি আজ 2025-10-06 তারিখে উপস্থিত রয়েছে। -ক্যারিয়ার প্রি-ক্যাডেট স্কুল', 'present', 1, '2025-10-06 04:43:25'),
(46, 175, '01319447505', 'প্রিয় অভিভাবক, আপনার সন্তান মোঃ আবুল হাসনাত উৎস আজ 2025-10-06 তারিখে অনুপস্থিত রয়েছে। -ক্যারিয়ার প্রি-ক্যাডেট স্কুল', 'absent', 1, '2025-10-06 04:43:26'),
(47, 147, '01780195092', 'প্রিয় অভিভাবক, আপনার সন্তান Omor Faruk আজ 2025-10-06 তারিখে অনুপস্থিত রয়েছে। -ক্যারিয়ার প্রি-ক্যাডেট স্কুল', 'absent', 1, '2025-10-06 11:05:15'),
(48, 148, '01885926363', 'প্রিয় অভিভাবক, আপনার সন্তান Md Hamim Ali আজ 2025-10-06 তারিখে অনুপস্থিত রয়েছে। -ক্যারিয়ার প্রি-ক্যাডেট স্কুল', 'absent', 1, '2025-10-06 11:05:16');

-- --------------------------------------------------------

--
-- Table structure for table `sms_templates`
--

CREATE TABLE `sms_templates` (
  `id` int NOT NULL,
  `title` varchar(100) CHARACTER SET utf8mb4 COLLATE utf8mb4_general_ci NOT NULL,
  `content` text CHARACTER SET utf8mb4 COLLATE utf8mb4_general_ci NOT NULL,
  `created_at` timestamp NOT NULL DEFAULT CURRENT_TIMESTAMP,
  `updated_at` timestamp NOT NULL DEFAULT CURRENT_TIMESTAMP ON UPDATE CURRENT_TIMESTAMP
) ENGINE=InnoDB DEFAULT CHARSET=utf8mb4 COLLATE=utf8mb4_general_ci;

--
-- Dumping data for table `sms_templates`
--

INSERT INTO `sms_templates` (`id`, `title`, `content`, `created_at`, `updated_at`) VALUES
(1, 'absent', 'প্রিয় অভিভাবক, আপনার সন্তান {student_name} আজ {date} তারিখে অনুপস্থিত রয়েছে। -ক্যারিয়ার প্রি-ক্যাডেট স্কুল', '2025-09-07 18:32:54', '2025-10-02 04:44:55'),
(2, 'ফি অনুস্মারক', 'প্রিয় অভিভাবক, {month} মাসের ফি {amount} টাকা প্রদানের জন্য অনুরোধ করা হলো। ধন্যবাদান্তে, {school_name}', '2025-09-07 18:32:54', '2025-09-07 18:32:54'),
(3, 'পরীক্ষা নোটিফিকেশন', 'প্রিয় অভিভাবক, {exam_name} পরীক্ষা {exam_date} তারিখে নির্ধারিত হয়েছে। ধন্যবাদান্তে, {school_name}', '2025-09-07 18:32:54', '2025-09-07 18:32:54'),
(4, 'present', 'প্রিয় অভিভাবক, আপনার সন্তান {student_name} আজ {date} তারিখে উপস্থিত রয়েছে। -ক্যারিয়ার প্রি-ক্যাডেট স্কুল', '2025-09-07 18:32:54', '2025-10-02 04:44:46'),
(5, 'late', 'প্রিয় অভিভাবক, আপনার সন্তান {student_name} আজ {date} তারিখে দেরিতে এসেছে। -ক্যারিয়ার প্রি-ক্যাডেট স্কুল', '2025-09-07 18:32:54', '2025-10-02 04:44:37');

-- --------------------------------------------------------

--
-- Table structure for table `students`
--

CREATE TABLE `students` (
  `id` int NOT NULL,
  `student_id` varchar(20) CHARACTER SET utf8mb4 COLLATE utf8mb4_general_ci NOT NULL,
  `first_name` varchar(50) CHARACTER SET utf8mb4 COLLATE utf8mb4_general_ci NOT NULL,
  `last_name` varchar(50) CHARACTER SET utf8mb4 COLLATE utf8mb4_general_ci NOT NULL,
  `father_name` varchar(100) CHARACTER SET utf8mb4 COLLATE utf8mb4_general_ci DEFAULT NULL,
  `mother_name` varchar(100) CHARACTER SET utf8mb4 COLLATE utf8mb4_general_ci DEFAULT NULL,
  `guardian_name` varchar(100) CHARACTER SET utf8mb4 COLLATE utf8mb4_general_ci DEFAULT NULL,
  `guardian_relation` varchar(50) CHARACTER SET utf8mb4 COLLATE utf8mb4_general_ci DEFAULT NULL,
  `birth_certificate_no` varchar(50) CHARACTER SET utf8mb4 COLLATE utf8mb4_general_ci DEFAULT NULL,
  `date_of_birth` date NOT NULL,
  `gender` enum('male','female','other') CHARACTER SET utf8mb4 COLLATE utf8mb4_general_ci NOT NULL,
  `blood_group` varchar(5) CHARACTER SET utf8mb4 COLLATE utf8mb4_general_ci DEFAULT NULL,
  `religion` varchar(20) CHARACTER SET utf8mb4 COLLATE utf8mb4_general_ci DEFAULT NULL,
  `present_address` text CHARACTER SET utf8mb4 COLLATE utf8mb4_general_ci,
  `permanent_address` text CHARACTER SET utf8mb4 COLLATE utf8mb4_general_ci,
  `mobile_number` varchar(20) CHARACTER SET utf8mb4 COLLATE utf8mb4_general_ci DEFAULT NULL,
  `address` text CHARACTER SET utf8mb4 COLLATE utf8mb4_general_ci,
  `city` varchar(50) CHARACTER SET utf8mb4 COLLATE utf8mb4_general_ci DEFAULT NULL,
  `country` varchar(50) CHARACTER SET utf8mb4 COLLATE utf8mb4_general_ci DEFAULT NULL,
  `photo` varchar(255) CHARACTER SET utf8mb4 COLLATE utf8mb4_general_ci DEFAULT NULL,
  `class_id` int NOT NULL,
  `section_id` int NOT NULL,
  `roll_number` int DEFAULT NULL,
  `guardian_id` int DEFAULT NULL,
  `admission_date` date DEFAULT NULL,
  `status` enum('active','inactive','graduated') CHARACTER SET utf8mb4 COLLATE utf8mb4_general_ci DEFAULT 'active',
  `created_at` timestamp NOT NULL DEFAULT CURRENT_TIMESTAMP,
  `updated_at` timestamp NOT NULL DEFAULT CURRENT_TIMESTAMP ON UPDATE CURRENT_TIMESTAMP
) ENGINE=InnoDB DEFAULT CHARSET=utf8mb4 COLLATE=utf8mb4_general_ci;

--
-- Dumping data for table `students`
--

INSERT INTO `students` (`id`, `student_id`, `first_name`, `last_name`, `father_name`, `mother_name`, `guardian_name`, `guardian_relation`, `birth_certificate_no`, `date_of_birth`, `gender`, `blood_group`, `religion`, `present_address`, `permanent_address`, `mobile_number`, `address`, `city`, `country`, `photo`, `class_id`, `section_id`, `roll_number`, `guardian_id`, `admission_date`, `status`, `created_at`, `updated_at`) VALUES
(1, 'STU20255317', 'আব্দুস', 'সালাম', 'খবির উদ্দীন', 'জাহানারা খাতুন', NULL, 'পিতা', '20125714773114142', '2012-02-21', 'male', 'O+', 'Islam', 'জোড়পুকুরিয়া, গাংনী, মেহেরপুর', 'জোড়পুকুরিয়া, গাংনী, মেহেরপুর', '01762396713', NULL, NULL, NULL, '1757338153_1757304574714.jpg', 1, 1, 1, NULL, '2025-09-08', 'active', '2025-09-07 21:00:41', '2025-09-08 13:29:13'),
(3, 'STU20254030', 'মাহি', 'খাতুন', 'আব্দুল মমিন', 'নয়নতারা', NULL, 'পিতা', '20115714784112141', '2011-06-27', 'female', 'A-', 'Islam', 'বামুন্দী, গাংনী, মেহেরপুর', 'বামুন্দী, গাংনী, মেহেরপুর', '01885926363', NULL, NULL, NULL, '1757337777_aadadfff.jpg', 2, 3, 2, NULL, '2025-09-08', 'active', '2025-09-07 21:10:17', '2025-09-08 13:29:34'),
(4, 'STU20259491', 'আয়মান', 'হোসেন', 'খাইবার হোসেন', 'জান্নাতুল খাতুন', NULL, 'মাতা', '20155714773112541', '2015-02-06', 'male', 'B+', 'Islam', 'জোড়পুকুরিয়া, গাংনী, মেহেরপুর', 'জোড়পুকুরিয়া, গাংনী, মেহেরপুর', '01762396713', NULL, NULL, NULL, '1757340672_1757308652924.jpg', 9, 12, 5, NULL, '2025-09-08', 'active', '2025-09-08 11:45:12', '2025-09-08 16:46:06'),
(5, 'STU20256603', 'আহমদ ', 'কাবরান', 'আয়ুব আলী ', 'কামরুন্নাহার ', NULL, 'পিতা', '', '2025-09-02', 'male', 'B-', 'Islam', 'তেরাইল, জোড়পুকুরিয়া,  গাংনী, মেহেরপুর ', 'তেরাইল, জোড়পুকুরিয়া,  গাংনী, মেহেরপুর ', '01762396713', NULL, NULL, NULL, '1757357279_IMG-20250907-WA0003.jpg', 1, 1, 15, NULL, '2025-09-08', 'active', '2025-09-08 17:14:02', '2025-09-08 18:59:08'),
(6, 'STU20250001', 'Atlatun Marzana', 'Nimu', 'Md Sharif Uddin', 'Mst Anjuman Ara Khatun', NULL, '', '', '2012-05-21', 'female', '', 'Islam', 'Bhomordah', 'Bhomordah', '1716791512', '', '', 'Bangladesh', '', 1, 1, 1, NULL, '2025-01-01', 'active', '2025-09-07 21:00:41', '2025-09-07 21:00:41'),
(7, 'STU20250002', 'Miss Sayma', 'Rahman', 'Md Sayedur Rahman', 'Mst Meherun Nessa', NULL, '', '', '2012-05-21', 'female', '', 'Islam', 'Terail', 'Terail', '1917942667', '', '', 'Bangladesh', '', 1, 1, 2, NULL, '2025-01-01', 'active', '2025-09-07 21:00:41', '2025-09-07 21:00:41'),
(8, 'STU20250003', 'Md Senzeed Zaman', 'Rafi', 'Md Asaduzzaman', 'Miss Sadia Farjana', NULL, '', '', '2012-05-21', 'male', '', 'Islam', 'Shohorabaria', 'Shohorabaria', '1747777359', '', '', 'Bangladesh', '', 1, 1, 3, NULL, '2025-01-01', 'active', '2025-09-07 21:00:41', '2025-09-07 21:00:41'),
(9, 'STU20250004', 'Mst Razia', 'Sultana', 'Md Shamim Asraf', 'Mst Nargis Parvin', NULL, '', '', '2012-05-21', 'female', '', 'Islam', 'Bhrat', 'Bhrat', '1321585600', '', '', 'Bangladesh', '', 1, 1, 4, NULL, '2025-01-01', 'active', '2025-09-07 21:00:41', '2025-09-07 21:00:41'),
(10, 'STU20250005', 'Wasfiya Jannat', 'Othe', 'Md shahidul Islam', 'Miss Jahanara Khatun', NULL, '', '', '2012-05-21', 'female', '', 'Islam', 'Nisipur Bamondi', 'Nisipur Bamondi', '1721749703', '', '', 'Bangladesh', '', 1, 1, 5, NULL, '2025-01-01', 'active', '2025-09-07 21:00:41', '2025-09-07 21:00:41'),
(11, 'STU20250006', 'Arisha', 'Islam', 'Md Ariful Islam', 'Mst Bobita Khatun', NULL, '', '', '2012-05-21', 'female', '', 'Islam', 'Matmura', 'Matmura', '1724844154', '', '', 'Bangladesh', '', 1, 1, 6, NULL, '2025-01-01', 'active', '2025-09-07 21:00:41', '2025-09-07 21:00:41'),
(12, 'STU20250007', 'Umme Jarin', 'Tabassum', 'Kh. Mohiuddin Bitas', 'Mst Jahanara Khatun', NULL, '', '', '2012-05-21', 'female', '', 'Islam', 'Jorepukuria', 'Jorepukuria', '1875337670', '', '', 'Bangladesh', '', 1, 1, 7, NULL, '2025-01-01', 'active', '2025-09-07 21:00:41', '2025-09-07 21:00:41'),
(13, 'STU20250008', 'Lima Parvin', 'Sammi', 'Md Sanarul Islam', 'Mst Fahima Khatun', NULL, '', '', '2012-05-21', 'female', '', 'Islam', 'Bhomordad', 'Bhomordad', '1724454240', '', '', 'Bangladesh', '', 1, 1, 8, NULL, '2025-01-01', 'active', '2025-09-07 21:00:41', '2025-09-07 21:00:41'),
(14, 'STU20250009', 'Mursalin Ahamed', 'Riju', 'Md Mokul Hossian', 'Mst Chompa Khatun', NULL, '', '', '2012-05-21', 'male', '', 'Islam', 'Moheshpur', 'Moheshpur', '1773544372', '', '', 'Bangladesh', '', 1, 1, 9, NULL, '2025-01-01', 'active', '2025-09-07 21:00:41', '2025-09-07 21:00:41'),
(15, 'STU20250010', 'Mst Mollika', 'Khatun', 'Md Osman Goni', 'Mst Champa Khatun', NULL, '', '', '2012-05-21', 'female', '', 'Islam', 'Akubpur', 'Akubpur', '1767732137', '', '', 'Bangladesh', '', 1, 1, 10, NULL, '2025-01-01', 'active', '2025-09-07 21:00:41', '2025-09-07 21:00:41'),
(16, 'STU20250011', 'Mst Roja', 'Islam', 'Md Asraful Islam', 'Sharmin', NULL, '', '', '2012-05-21', 'female', '', 'Islam', 'Sholotaka', 'Sholotaka', '1763757311', '', '', 'Bangladesh', '', 1, 1, 11, NULL, '2025-01-01', 'active', '2025-09-07 21:00:41', '2025-09-07 21:00:41'),
(17, 'STU20250012', 'Md Sagor', 'Hossain', 'Md Shaiful Islam', 'Mst Maniara Parven', NULL, '', '', '2012-05-21', 'male', '', 'Islam', 'jorepukuria', 'jorepukuria', '1762373868', '', '', 'Bangladesh', '', 1, 1, 12, NULL, '2025-01-01', 'active', '2025-09-07 21:00:41', '2025-09-07 21:00:41'),
(18, 'STU20250013', 'Mst', 'Monira', 'Md Abdus Salam', 'Mst Mala', NULL, '', '', '2012-05-21', 'female', '', 'Islam', 'Bamondi', 'Bamondi', '1755705709', '', '', 'Bangladesh', '', 1, 1, 13, NULL, '2025-01-01', 'active', '2025-09-07 21:00:41', '2025-09-07 21:00:41'),
(19, 'STU20250014', 'Mst Fariha', 'Khatun', 'Md Selim Hossen', 'Mst Chompa Khatun', NULL, '', '', '2012-05-21', 'female', '', 'Islam', 'Bamondi', 'Bamondi', '1311732906', '', '', 'Bangladesh', '', 1, 1, 14, NULL, '2025-01-01', 'active', '2025-09-07 21:00:41', '2025-09-07 21:00:41'),
(20, 'STU20250015', 'Mst Abu Ismat', 'Brinty', 'Md Abu Bokor', 'Mst ', NULL, '', '', '2012-05-21', 'female', '', 'Islam', 'Garabaria', 'Garabaria', '1727158852', '', '', 'Bangladesh', '', 1, 1, 15, NULL, '2025-01-01', 'active', '2025-09-07 21:00:41', '2025-09-07 21:00:41'),
(21, 'STU20250016', 'Mst Sadia', 'Afrin', 'Mohammad Ali', 'Mst Kakoli Khatun', NULL, '', '', '2012-05-21', 'female', '', 'Islam', 'Bhomordah', 'Bhomordah', '1720140141', '', '', 'Bangladesh', '', 1, 1, 16, NULL, '2025-01-01', 'active', '2025-09-07 21:00:41', '2025-09-07 21:00:41'),
(22, 'STU20250017', 'Jannatul', 'Rose', 'Mohammad Hasannuzzaman Hasan', 'Mst Lovely Khatun', NULL, '', '', '2012-05-21', 'female', '', 'Islam', 'Jorepukuria', 'Jorepukuria', '1771843793', '', '', 'Bangladesh', '', 1, 1, 17, NULL, '2025-01-01', 'active', '2025-09-07 21:00:41', '2025-09-07 21:00:41'),
(23, 'STU20250018', 'Mst Nusrat Jahan', 'Summa', 'Md Saiful Islam', 'Mst Asma Khatun', NULL, '', '', '2012-05-21', 'female', '', 'Islam', 'Jorepukuria', 'Jorepukuria', '1720908150', '', '', 'Bangladesh', '', 1, 1, 18, NULL, '2025-01-01', 'active', '2025-09-07 21:00:41', '2025-09-07 21:00:41'),
(24, 'STU20250019', 'Md Yeasin', 'Arafat', 'Md Zahidul Islam', 'Mst Runa Nasrin', NULL, '', '', '2012-05-21', 'male', '', 'Islam', 'Terail', 'Terail', '1770626028', '', '', 'Bangladesh', '', 1, 1, 19, NULL, '2025-01-01', 'active', '2025-09-07 21:00:41', '2025-09-07 21:00:41'),
(25, 'STU20250020', 'Mst Tawrin', 'Tabassum', 'Md Gahangir Hasan', 'Mst Fuljhori Khatun', NULL, '', '', '2012-05-21', 'female', '', 'Islam', 'Moheshpur', 'Moheshpur', '1718655703', '', '', 'Bangladesh', '', 1, 1, 20, NULL, '2025-01-01', 'active', '2025-09-07 21:00:41', '2025-09-07 21:00:41'),
(26, 'STU20250021', 'Mst Ahosana Akter', 'Mim', 'Md Aklach', 'Mst Razia Sultana', NULL, '', '', '2012-05-21', 'female', '', 'Islam', 'Hogoalbaria', 'Hogoalbaria', '1762743462', '', '', 'Bangladesh', '', 1, 1, 21, NULL, '2025-01-01', 'active', '2025-09-07 21:00:41', '2025-09-07 21:00:41'),
(27, 'STU20250022', 'Md Abu', 'Huzaifa', 'Md Earul Islam', 'Mst Jasmin Khatun', NULL, '', '', '2012-05-21', 'male', '', 'Islam', 'Sholotaka', 'Sholotaka', '1719307026', '', '', 'Bangladesh', '', 1, 1, 22, NULL, '2025-01-01', 'active', '2025-09-07 21:00:41', '2025-09-07 21:00:41'),
(28, 'STU20250023', 'Mst. Elma', 'Khatun', 'Md Abdur Rahim ', 'Mst Kaniz Fatema', NULL, '', '', '2012-05-21', 'female', '', 'Islam', 'Akubpur ', 'Akubpur ', '1737846928', '', '', 'Bangladesh', '', 1, 1, 23, NULL, '2025-01-01', 'active', '2025-09-07 21:00:41', '2025-09-07 21:00:41'),
(29, 'STU20250024', 'Sinfa Noor', 'Esha', 'Md.Raihan', 'Mst.Sharmin', NULL, '', '', '2012-05-21', 'female', '', 'Islam', 'Akubpur ', 'Akubpur ', '1329364959', '', '', 'Bangladesh', '', 1, 1, 24, NULL, '2025-01-01', 'active', '2025-09-07 21:00:41', '2025-09-07 21:00:41'),
(30, 'STU20250025', 'Md Limon', 'Ali', 'Md Liton Ali', 'Mst Jasmen Akter', NULL, '', '', '2012-05-21', 'male', '', 'Islam', 'Mailmaria', 'Mailmaria', '1714367983', '', '', 'Bangladesh', '', 1, 1, 25, NULL, '2025-01-01', 'active', '2025-09-07 21:00:41', '2025-09-07 21:00:41'),
(31, 'STU20250026', 'Mst Abu Israt', 'Bushra', 'Md Abu Bakar ', 'Sreemoti Mita Rani Karmokar', NULL, '', '', '2012-05-21', 'female', '', 'Islam', 'Garabaria', 'Garabaria', '1727158852', '', '', 'Bangladesh', '', 1, 1, 26, NULL, '2025-01-01', 'active', '2025-09-07 21:00:41', '2025-09-07 21:00:41'),
(32, 'STU20250027', 'Md Tahmid', 'Islam', 'Md Masud Rana', 'Mst.Jasmen Akter', NULL, '', '', '2012-05-21', 'male', '', 'Islam', 'Chargoalgram', 'Chargoalgram', '1323237591', '', '', 'Bangladesh', '', 1, 1, 27, NULL, '2025-01-01', 'active', '2025-09-07 21:00:41', '2025-09-07 21:00:41'),
(33, 'STU20250028', 'Md Arafat', 'Rahman', 'MD Hasan Ali ', 'Mst Halima Khanom', NULL, '', '', '2012-05-21', 'male', '', 'Islam', 'Jorepukuria', 'Jorepukuria', '1726127613', '', '', 'Bangladesh', '', 1, 1, 28, NULL, '2025-01-01', 'active', '2025-09-07 21:00:41', '2025-09-07 21:00:41'),
(34, 'STU20250029', 'Md Jihad', 'Ali', 'Md Mobarak', 'Mst Kamrunnahar', NULL, '', '', '2012-05-21', 'male', '', 'Islam', 'Sholotaka', 'Sholotaka', '1325201102', '', '', 'Bangladesh', '', 1, 1, 29, NULL, '2025-01-01', 'active', '2025-09-07 21:00:41', '2025-09-07 21:00:41'),
(35, 'STU20250030', 'Md Galib', 'Ahmed', 'Md Ariful Islam', 'Mst Shathiara ', NULL, '', '', '2012-05-21', 'male', '', 'Islam', 'Sholotaka', 'Sholotaka', '1770704861', '', '', 'Bangladesh', '', 1, 1, 30, NULL, '2025-01-01', 'active', '2025-09-07 21:00:41', '2025-09-07 21:00:41'),
(36, 'STU20250031', 'Mst Sadea', 'Khatun', 'Md Esraf Hossen ', 'Mst.Shamoli Khatun', NULL, '', '', '2012-05-21', 'female', '', 'Islam', 'Terail ', 'Terail ', '1967332948', '', '', 'Bangladesh', '', 2, 3, 1, NULL, '2025-01-01', 'active', '2025-09-07 21:00:41', '2025-09-07 21:00:41'),
(37, 'STU20250032', 'Mst Sabiha Jahan', 'Mim', 'Md Jahidul Islam', 'Mst Razia Khatun', NULL, '', '', '2012-05-21', 'female', '', 'Islam', 'Shohorabaria Jugir Gofa', 'Shohorabaria Jugir Gofa', '1719970704', '', '', 'Bangladesh', '', 2, 3, 2, NULL, '2025-01-01', 'active', '2025-09-07 21:00:41', '2025-09-07 21:00:41'),
(38, 'STU20250033', 'Md Junaid', 'Islam', 'MD Rafikul Islam ', 'Mst Helena Khatun', NULL, '', '', '2012-05-21', 'male', '', 'Islam', 'Durlovpur', 'Durlovpur', '1887837584', '', '', 'Bangladesh', '', 2, 3, 3, NULL, '2025-01-01', 'active', '2025-09-07 21:00:41', '2025-09-07 21:00:41'),
(39, 'STU20250034', 'Md.Abdullah Bin Abdus', 'Satter', 'Md.Abdus Satter', 'Mst.Sabina Yesmin', NULL, '', '', '2012-05-21', 'male', '', 'Islam', '', '', '1763335834', '', '', 'Bangladesh', '', 2, 3, 4, NULL, '2025-01-01', 'active', '2025-09-07 21:00:41', '2025-09-07 21:00:41'),
(40, 'STU20250035', 'Nur Mohammud', 'Naim', 'Md Shaharul Islam ', 'Priya Rahaman', NULL, '', '', '2012-05-21', 'male', '', 'Islam', 'Bhomordha', 'Bhomordha', '1713917286', '', '', 'Bangladesh', '', 2, 3, 5, NULL, '2025-01-01', 'active', '2025-09-07 21:00:41', '2025-09-07 21:00:41'),
(41, 'STU20250036', 'Mst.Summa', 'Khatun', 'Md.Abdul Karim', 'Mst.Rehana Khatun', NULL, '', '', '2012-05-21', 'female', '', 'Islam', '', '', '1703507267', '', '', 'Bangladesh', '', 2, 3, 6, NULL, '2025-01-01', 'active', '2025-09-07 21:00:41', '2025-09-07 21:00:41'),
(42, 'STU20250037', 'Md Mahmudul Hasan', 'Fahim', 'Md Mamunur Rashid', 'Mst Champa Khatun Akhi', NULL, '', '', '2012-05-21', 'male', '', 'Islam', 'Darmochaki', 'Darmochaki', '1783401164', '', '', 'Bangladesh', '', 2, 3, 7, NULL, '2025-01-01', 'active', '2025-09-07 21:00:41', '2025-09-07 21:00:41'),
(43, 'STU20250038', 'Mst Kamona', 'Khatun', 'Md Fazlu', 'Mst Ratna Khatun', NULL, '', '', '2012-05-21', 'female', '', 'Islam', 'Jorepukuria', 'Jorepukuria', '1315990762', '', '', 'Bangladesh', '', 2, 3, 8, NULL, '2025-01-01', 'active', '2025-09-07 21:00:41', '2025-09-07 21:00:41'),
(44, 'STU20250039', 'Mst khadija', 'khatun', 'Md Hamidul Islam', 'Mst Lovely Khatun', NULL, '', '', '2012-05-21', 'female', '', 'Islam', 'Shohorabaria Manikdia', 'Shohorabaria Manikdia', '1727159221', '', '', 'Bangladesh', '', 2, 3, 9, NULL, '2025-01-01', 'active', '2025-09-07 21:00:41', '2025-09-07 21:00:41'),
(45, 'STU20250040', 'Mst Sumaiya', 'Khatun', 'Md Eleas Hossain ', 'Mst', NULL, '', '', '2012-05-21', 'female', '', 'Islam', 'Bhomordaha', 'Bhomordaha', '1752715990', '', '', 'Bangladesh', '', 2, 3, 10, NULL, '2025-01-01', 'active', '2025-09-07 21:00:41', '2025-09-07 21:00:41'),
(46, 'STU20250041', 'Mst Ayasha', 'Khatun', 'Md Anisur Rahman', 'Mst Yesmin', NULL, '', '', '2012-05-21', 'female', '', 'Islam', 'Hogalbaria', 'Hogalbaria', '1721506654', '', '', 'Bangladesh', '', 2, 3, 11, NULL, '2025-01-01', 'active', '2025-09-07 21:00:41', '2025-09-07 21:00:41'),
(47, 'STU20250042', 'Mst Raisa', 'Afrin', 'MD Biplab Hossen ', 'Mst Fahima Khan', NULL, '', '', '2012-05-21', 'female', '', 'Islam', 'Jorpukuria', 'Jorpukuria', '1873683593', '', '', 'Bangladesh', '', 2, 3, 12, NULL, '2025-01-01', 'active', '2025-09-07 21:00:41', '2025-09-07 21:00:41'),
(48, 'STU20250043', 'Mst Alifa', 'Israt', 'Md Ashraful Islam', 'Mst Rita Khatun', NULL, '', '', '2012-05-21', 'female', '', 'Islam', 'Moheshpur', 'Moheshpur', '1758555314', '', '', 'Bangladesh', '', 2, 3, 13, NULL, '2025-01-01', 'active', '2025-09-07 21:00:41', '2025-09-07 21:00:41'),
(49, 'STU20250044', 'Mst Mim', 'Khatun', 'MD Minaru Islam', 'Mst Asura Khatun', NULL, '', '', '2012-05-21', 'female', '', 'Islam', 'Sindurkouta', 'Sindurkouta', '1777886025', '', '', 'Bangladesh', '', 2, 3, 14, NULL, '2025-01-01', 'active', '2025-09-07 21:00:41', '2025-09-07 21:00:41'),
(50, 'STU20250045', 'MSt Tahsina', 'Tafannum', 'Md Al Mamun ', 'Mst farshia Aktar', NULL, '', '', '2012-05-21', 'female', '', 'Islam', 'Chatian', 'Chatian', '1771172658', '', '', 'Bangladesh', '', 2, 3, 15, NULL, '2025-01-01', 'active', '2025-09-07 21:00:41', '2025-09-07 21:00:41'),
(51, 'STU20250046', 'Md As', 'Saif', 'Md Uzzal Hossain', 'Mst Sharmin Sultana', NULL, '', '', '2012-05-21', 'male', '', 'Islam', 'Hogoalbaria', 'Hogoalbaria', '1880439767', '', '', 'Bangladesh', '', 2, 3, 16, NULL, '2025-01-01', 'active', '2025-09-07 21:00:41', '2025-09-07 21:00:41'),
(52, 'STU20250047', 'Mst Lamia', 'Aktar', 'Md Gaffarul Islam', 'MSt Nilufa Easmin', NULL, '', '', '2012-05-21', 'female', '', 'Islam', 'Moheshpur', 'Moheshpur', '1300324193', '', '', 'Bangladesh', '', 2, 3, 17, NULL, '2025-01-01', 'active', '2025-09-07 21:00:41', '2025-09-07 21:00:41'),
(53, 'STU20250048', 'Nur Mohammud', 'Jubayer', 'MD Abul Kalam Azad', 'Mst Champa Khatun ', NULL, '', '', '2012-05-21', 'male', '', 'Islam', 'jorepukuria', 'jorepukuria', '1733039546', '', '', 'Bangladesh', '', 2, 3, 18, NULL, '2025-01-01', 'active', '2025-09-07 21:00:41', '2025-09-07 21:00:41'),
(54, 'STU20250049', 'Md', 'Hamim', 'Md Zillur Rohoman', 'Mst Khadija Khatun', NULL, '', '', '2012-05-21', 'male', '', 'Islam', 'Bamondi', 'Bamondi', '1893272448', '', '', 'Bangladesh', '', 2, 3, 19, NULL, '2025-01-01', 'active', '2025-09-07 21:00:41', '2025-09-07 21:00:41'),
(55, 'STU20250050', 'Fardin', 'Rishan', 'Joynal Abadin', 'Mst Firoja Khatun', NULL, '', '', '2012-05-21', 'male', '', 'Islam', '0', '0', '1766233152', '', '', 'Bangladesh', '', 2, 3, 20, NULL, '2025-01-01', 'active', '2025-09-07 21:00:41', '2025-09-07 21:00:41'),
(56, 'STU20250051', 'Kumari Supti', 'Karmokar', 'Kamol Karmakar', 'Sreemoti Mita Rani Karmokar', NULL, '', '', '2012-05-21', 'female', '', 'Hindu', 'Sholotaka', 'Sholotaka', '1719456376', '', '', 'Bangladesh', '', 6, 13, 1, NULL, '2025-01-01', 'active', '2025-09-07 21:00:41', '2025-09-07 21:00:41'),
(57, 'STU20250052', 'Mst Chadni', 'Khatun', 'Md Kalu', 'Mst Taslima Khatun', NULL, '', '', '2012-05-21', 'female', '', 'Islam', 'Bhorat', 'Bhorat', '1742830085', '', '', 'Bangladesh', '', 6, 13, 2, NULL, '2025-01-01', 'active', '2025-09-07 21:00:41', '2025-09-07 21:00:41'),
(58, 'STU20250053', 'Md Junaid', 'Bagdadi', 'Md Jahidul Islam', 'Miss Sadia Farjana', NULL, '', '', '2012-05-21', 'male', '', 'Islam', 'Shohorabaria', 'Shohorabaria', '1719970704', '', '', 'Bangladesh', '', 6, 13, 3, NULL, '2025-01-01', 'active', '2025-09-07 21:00:41', '2025-09-07 21:00:41'),
(59, 'STU20250054', 'Sree Hemendro', 'Dash', 'Mohadeb Chandro Das', 'Sreemoti Himarani Dashi', NULL, '', '', '2012-05-21', 'male', '', 'Hindu', 'Bhomordah', 'Bhomordah', '1915359071', '', '', 'Bangladesh', '', 6, 13, 4, NULL, '2025-01-01', 'active', '2025-09-07 21:00:41', '2025-09-07 21:00:41'),
(60, 'STU20250055', 'Mst Mimma', 'Khatun', 'Md Mijanur Rohman', 'Mst Khushiara', NULL, '', '', '2012-05-21', 'female', '', 'Islam', 'Bhorat', 'Bhorat', '1326457505', '', '', 'Bangladesh', '', 6, 13, 5, NULL, '2025-01-01', 'active', '2025-09-07 21:00:41', '2025-09-07 21:00:41'),
(61, 'STU20250056', 'Mst Shefa', 'Khatun', 'MD Shahazan', 'Mst Champa Khatun ', NULL, '', '', '2012-05-21', 'female', '', 'Islam', 'jorepukuria', 'jorepukuria', '1822623336', '', '', 'Bangladesh', '', 6, 13, 6, NULL, '2025-01-01', 'active', '2025-09-07 21:00:41', '2025-09-07 21:00:41'),
(62, 'STU20250057', 'Md Sakibul', 'Islam', 'Md Jatirul Islam', 'Mst Shahanaz Parvin', NULL, '', '', '2012-05-21', 'male', '', 'Islam', 'Terail', 'Terail', '1720564656', '', '', 'Bangladesh', '', 6, 13, 7, NULL, '2025-01-01', 'active', '2025-09-07 21:00:41', '2025-09-07 21:00:41'),
(63, 'STU20250058', 'MD', 'Hossain', 'Md Mohabul Alom', 'Mst Forida Khatun', NULL, '', '', '2012-05-21', 'male', '', 'Islam', 'Shimultola ', 'Shimultola ', '1771748633', '', '', 'Bangladesh', '', 6, 13, 8, NULL, '2025-01-01', 'active', '2025-09-07 21:00:41', '2025-09-07 21:00:41'),
(64, 'STU20250059', 'Mst', 'Jenat', 'Md Abubakkor Siddique', 'Mst Kamrunnahar', NULL, '', '', '2012-05-21', 'female', '', 'Islam', 'Jorepukuria', 'Jorepukuria', '1744212256', '', '', 'Bangladesh', '', 6, 13, 9, NULL, '2025-01-01', 'active', '2025-09-07 21:00:41', '2025-09-07 21:00:41'),
(65, 'STU20250060', 'Md', 'Muttakin', 'Md Atiar Rohman', 'Mst Hosneara Khatun', NULL, '', '', '2012-05-21', 'male', '', 'Islam', 'Jorepukuria', 'Jorepukuria', '1813628335', '', '', 'Bangladesh', '', 6, 13, 10, NULL, '2025-01-01', 'active', '2025-09-07 21:00:41', '2025-09-07 21:00:41'),
(66, 'STU20250061', 'Mst Nusrat Jahan', 'Nur', 'Md Rayhan Uddin', 'Mst Kakoli Khatun', NULL, '', '', '2012-05-21', 'female', '', 'Islam', 'Jorepukuria', 'Jorepukuria', '1855682075', '', '', 'Bangladesh', '', 6, 13, 11, NULL, '2025-01-01', 'active', '2025-09-07 21:00:41', '2025-09-07 21:00:41'),
(67, 'STU20250062', 'Md Sajjad Hossain', 'Jisan', 'MD Ripon Ali', 'Mst Tumpa Khatun', NULL, '', '', '2012-05-21', 'male', '', 'Islam', 'Shimultola ', 'Shimultola ', '1724843866', '', '', 'Bangladesh', '', 6, 13, 12, NULL, '2025-01-01', 'active', '2025-09-07 21:00:41', '2025-09-07 21:00:41'),
(68, 'STU20250063', 'Raj', 'Ahmed', 'Md Nazmul Haque', 'Shatiara', NULL, '', '', '2012-05-21', 'male', '', 'Islam', 'Akubpur ', 'Akubpur ', '1307306796', '', '', 'Bangladesh', '', 6, 13, 13, NULL, '2025-01-01', 'active', '2025-09-07 21:00:41', '2025-09-07 21:00:41'),
(69, 'STU20250064', 'Md', 'sanaullah', 'Md Mohibul Huqe', 'Murashida', NULL, '', '', '2012-05-21', 'male', '', 'Islam', 'Terail Jorepukuria', 'Terail Jorepukuria', '1305956657', '', '', 'Bangladesh', '', 6, 13, 14, NULL, '2025-01-01', 'active', '2025-09-07 21:00:41', '2025-09-07 21:00:41'),
(70, 'STU20250065', 'Mst Rotna', 'Khatun', 'Md Rofikul Islam', 'Mst Nargisa Begom', NULL, '', '', '2012-05-21', 'female', '', 'Islam', 'Dharmochaki', 'Dharmochaki', '1767914653', '', '', 'Bangladesh', '', 6, 13, 15, NULL, '2025-01-01', 'active', '2025-09-07 21:00:41', '2025-09-07 21:00:41'),
(71, 'STU20250066', 'Md', 'Tamim', 'Md Zillur Rohoman', 'Mst Khadija Khatun', NULL, '', '', '2012-05-21', 'male', '', 'Islam', 'Terail Jorepukuria', 'Terail Jorepukuria', '1893272418', '', '', 'Bangladesh', '', 6, 13, 16, NULL, '2025-01-01', 'active', '2025-09-07 21:00:41', '2025-09-07 21:00:41'),
(72, 'STU20250067', 'Md', 'Abdullah', 'Md Ashraful Islam', 'Mst Roni Ara Khatun 74', NULL, '', '', '2012-05-21', 'male', '', 'Islam', 'Durlavpur', 'Durlavpur', '1740112172', '', '', 'Bangladesh', '', 6, 13, 17, NULL, '2025-01-01', 'active', '2025-09-07 21:00:41', '2025-09-07 21:00:41'),
(73, 'STU20250068', '', 'Saiful', 'Md', 'Mst Asma Khatun', NULL, '', '', '2012-05-21', 'male', '', 'Islam', 'Jorepukur', 'Jorepukur', '1765147288', '', '', 'Bangladesh', '', 6, 13, 18, NULL, '2025-01-01', 'active', '2025-09-07 21:00:41', '2025-09-07 21:00:41'),
(74, 'STU20250069', 'Anika Akther', 'Adila', 'Md.Ariful Islam', 'Rumana Khatun', NULL, '', '', '2012-05-21', 'female', '', 'Islam', '0', '0', '1766233152', '', '', 'Bangladesh', '', 6, 13, 19, NULL, '2025-01-01', 'active', '2025-09-07 21:00:41', '2025-09-07 21:00:41'),
(75, 'STU20250070', 'Md Sumaiya', 'Khatun', 'Abdul Hanif', 'Mst Sova Khatun', NULL, '', '', '2012-05-21', 'female', '', 'Islam', 'Munda Badiapara', 'Munda Badiapara', '1311299839', '', '', 'Bangladesh', '', 6, 13, 20, NULL, '2025-01-01', 'active', '2025-09-07 21:00:41', '2025-09-07 21:00:41'),
(76, 'STU20250071', 'Md TamIm', 'Iqbal', 'Md Mahabbot Ali', 'Mst Tunuara', NULL, '', '', '2012-05-21', 'male', '', 'Islam', 'Olinagor', 'Olinagor', '1969237695', '', '', 'Bangladesh', '', 6, 13, 21, NULL, '2025-01-01', 'active', '2025-09-07 21:00:41', '2025-09-07 21:00:41'),
(77, 'STU20250072', 'Nayeem', 'Hasan', 'Md Kaber Ali', 'Mst Shiuli Khatun', NULL, '', '', '2012-05-21', 'male', '', 'Islam', 'Olinagor', 'Olinagor', '1974326652', '', '', 'Bangladesh', '', 6, 13, 22, NULL, '2025-01-01', 'active', '2025-09-07 21:00:41', '2025-09-07 21:00:41'),
(78, 'STU20250073', 'Oliur', 'Rahman', 'Md Mahfuzur Rahman ', 'Mst Rahana Katun ', NULL, '', '', '2012-05-21', 'male', '', 'Islam', 'Simultala ', 'Simultala ', '1767962896', '', '', 'Bangladesh', '', 6, 13, 23, NULL, '2025-01-01', 'active', '2025-09-07 21:00:41', '2025-09-07 21:00:41'),
(79, 'STU20250074', 'Md', 'Siam', 'Milon Hosen', 'Mst Shamoly Khatun', NULL, '', '', '2012-05-21', 'male', '', 'Islam', 'Durlovpur ', 'Durlovpur ', '1718704252', '', '', 'Bangladesh', '', 7, 14, 1, NULL, '2025-01-01', 'active', '2025-09-07 21:00:41', '2025-09-07 21:00:41'),
(80, 'STU20250075', 'Mst Tahiya', 'Afroj', 'Md Khairul Islam ', 'Mst Ria Khatun', NULL, '', '', '2012-05-21', 'female', '', 'Islam', 'Moheshpur', 'Moheshpur', '1642901286', '', '', 'Bangladesh', '', 7, 14, 2, NULL, '2025-01-01', 'active', '2025-09-07 21:00:41', '2025-09-07 21:00:41'),
(81, 'STU20250076', 'Md Jihad', 'Hosen', 'MD Shamsul Haque', 'Mst Angura Kahtun', NULL, '', '', '2012-05-21', 'male', '', 'Islam', 'Jorpukuria', 'Jorpukuria', '1852879100', '', '', 'Bangladesh', '', 7, 14, 3, NULL, '2025-01-01', 'active', '2025-09-07 21:00:41', '2025-09-07 21:00:41'),
(82, 'STU20250077', 'Mst Sneha Aktar', 'Suraiya', 'Md Shohel Rana', 'MSt Bina Khatun', NULL, 'পিতা', '', '2012-05-21', 'female', '', 'Islam', 'Jorepukuria ', 'Jorepukuria ', '1779065423', '', '', 'Bangladesh', '1757641538_halim.jpg', 7, 14, 4, NULL, '2025-01-01', 'active', '2025-09-07 21:00:41', '2025-09-12 01:45:38'),
(83, 'STU20250078', 'Md Mustakin', 'Ahmed', 'Md Nasim Ahammed', 'Mst Bobita Khatun', NULL, '', '', '2012-05-21', 'male', '', 'Islam', 'Chatian', 'Chatian', '1727379973', '', '', 'Bangladesh', '', 7, 14, 5, NULL, '2025-01-01', 'active', '2025-09-07 21:00:41', '2025-09-07 21:00:41'),
(84, 'STU20250079', 'Md Shafin', 'Reja', 'Md Hamidul Haque', 'Mst Majada Khatun ', NULL, '', '', '2012-05-21', 'male', '', 'Islam', 'Bhomordaha', 'Bhomordaha', '1876843351', '', '', 'Bangladesh', '', 7, 14, 6, NULL, '2025-01-01', 'active', '2025-09-07 21:00:41', '2025-09-07 21:00:41'),
(85, 'STU20250080', 'Md Abu', 'Laich', 'Bozlu Rahman', 'Mst Munmun Faarjana', NULL, '', '', '2012-05-21', 'male', '', 'Islam', 'Dharmochaki', 'Dharmochaki', '1939215580', '', '', 'Bangladesh', '', 7, 14, 7, NULL, '2025-01-01', 'active', '2025-09-07 21:00:41', '2025-09-07 21:00:41'),
(86, 'STU20250081', 'Mst Khatune', 'Jannat', 'Md Baridul ', 'Mst Rozina Begum ', NULL, '', '', '2012-05-21', 'female', '', 'Islam', 'Terail', 'Terail', '1742605237', '', '', 'Bangladesh', '', 7, 14, 8, NULL, '2025-01-01', 'active', '2025-09-07 21:00:41', '2025-09-07 21:00:41'),
(87, 'STU20250082', 'Mst', 'Nisat', 'Md Bokul ali', 'Mst Taslima Aktar Chumki', NULL, '', '', '2012-05-21', 'female', '', 'Islam', 'Nishipur Bamondi', 'Nishipur Bamondi', '1973638261', '', '', 'Bangladesh', '', 7, 14, 9, NULL, '2025-01-01', 'active', '2025-09-07 21:00:41', '2025-09-07 21:00:41'),
(88, 'STU20250083', '', 'Md', 'Md', '', NULL, '', '', '2012-05-21', 'male', '', 'Islam', '', '', '0', '', '', 'Bangladesh', '', 7, 14, 10, NULL, '2025-01-01', 'active', '2025-09-07 21:00:41', '2025-09-07 21:00:41'),
(89, 'STU20250084', 'Md', 'Siam', 'Md Kaosar Ali', 'Mst Nur Easmin ', NULL, '', '', '2012-05-21', 'male', '', 'Islam', 'Terail', 'Terail', '1316266806', '', '', 'Bangladesh', '', 7, 14, 11, NULL, '2025-01-01', 'active', '2025-09-07 21:00:41', '2025-09-07 21:00:41'),
(90, 'STU20250085', 'Md TamIm', 'Iqbal', 'Ziaur', 'Mst Tunuara', NULL, '', '', '2012-05-21', 'male', '', 'Islam', 'Nowda Motmura', 'Nowda Motmura', '1779070967', '', '', 'Bangladesh', '', 7, 14, 12, NULL, '2025-01-01', 'active', '2025-09-07 21:00:41', '2025-09-07 21:00:41'),
(91, 'STU20250086', '', 'Shahria', 'Md.Montu', 'Mst Nasrin', NULL, '', '', '2012-05-21', 'male', '', 'Islam', '', '', '1782594628', '', '', 'Bangladesh', '', 7, 14, 13, NULL, '2025-01-01', 'active', '2025-09-07 21:00:41', '2025-09-07 21:00:41'),
(92, 'STU20250087', 'Mst Jinia', 'aktar', 'Md Jinarul Islam ', 'Mst sharmin Aktar', NULL, '', '', '2012-05-21', 'female', '', 'Islam', 'Motmura', 'Motmura', '1319940408', '', '', 'Bangladesh', '', 7, 14, 14, NULL, '2025-01-01', 'active', '2025-09-07 21:00:41', '2025-09-07 21:00:41'),
(93, 'STU20250088', 'MD Mostakim Hoseen', 'Siam', 'Md Sohel Rana', 'Mst Shirina Begum', NULL, '', '', '2012-05-21', 'male', '', 'Islam', 'Jorpukuria', 'Jorpukuria', '1773189964', '', '', 'Bangladesh', '', 7, 14, 15, NULL, '2025-01-01', 'active', '2025-09-07 21:00:41', '2025-09-07 21:00:41'),
(94, 'STU20250089', 'Tasmia', 'Tahmid', 'Md Azad Ali', 'Mst champa Kali', NULL, '', '', '2012-05-21', 'female', '', 'Islam', '', '', '1787283350', '', '', 'Bangladesh', '', 7, 14, 16, NULL, '2025-01-01', 'active', '2025-09-07 21:00:41', '2025-09-07 21:00:41'),
(95, 'STU20250090', 'Md', 'Nahid', 'Shamsher Ali ', 'MSt champa Kali', NULL, '', '', '2012-05-21', 'male', '', 'Islam', 'M', 'M', '1742863788', '', '', 'Bangladesh', '', 7, 14, 17, NULL, '2025-01-01', 'active', '2025-09-07 21:00:41', '2025-09-07 21:00:41'),
(96, 'STU20250091', '', 'Sabbir', 'Md Sohel Rana', 'Mst.Rupa', NULL, '', '', '2012-05-21', 'male', '', 'Islam', '', '', '1967563772', '', '', 'Bangladesh', '', 7, 14, 18, NULL, '2025-01-01', 'active', '2025-09-07 21:00:41', '2025-09-07 21:00:41'),
(97, 'STU20250092', 'Mst', 'Ruhi', 'Rasel ', 'Mst Nahida Aktar Riya', NULL, '', '', '2012-05-21', 'female', '', 'Islam', 'Motmura ', 'Motmura ', '1838479552', '', '', 'Bangladesh', '', 7, 14, 19, NULL, '2025-01-01', 'active', '2025-09-07 21:00:41', '2025-09-07 21:00:41'),
(98, 'STU20250093', '', 'Sonjib', 'Md', '', NULL, '', '', '2012-05-21', 'male', '', 'Islam', '', '', '1798453110', '', '', 'Bangladesh', '', 7, 14, 20, NULL, '2025-01-01', 'active', '2025-09-07 21:00:41', '2025-09-07 21:00:41'),
(99, 'STU20250094', 'Md Rifat', 'Hosen', 'Md Rahin ', 'Mst Sanjida Khatun', NULL, '', '', '2012-05-21', 'male', '', 'Islam', 'Jorepukuria', 'Jorepukuria', '1931237279', '', '', 'Bangladesh', '', 7, 14, 21, NULL, '2025-01-01', 'inactive', '2025-09-07 21:00:41', '2025-09-20 18:39:27'),
(100, 'STU20250095', '', 'Ranok', 'Md', '', NULL, '', '', '2012-05-21', 'male', '', 'Islam', '', '', '1788974370', '', '', 'Bangladesh', '', 8, 15, 1, NULL, '2025-01-01', 'active', '2025-09-07 21:00:41', '2025-09-07 21:00:41'),
(101, 'STU20250096', '', 'Sumaiya', 'Md', '', NULL, '', '', '2012-05-21', 'female', '', 'Islam', '', '', '1797067719', '', '', 'Bangladesh', '', 8, 15, 2, NULL, '2025-01-01', 'active', '2025-09-07 21:00:41', '2025-09-07 21:00:41'),
(102, 'STU20250097', 'MD Al', 'Imran', 'MdMaruf Hossain', 'Mst Esmotara', NULL, '', '', '2012-05-21', 'male', '', 'Islam', 'Jorepukuria', 'Jorepukuria', '1754999166', '', '', 'Bangladesh', '', 8, 15, 3, NULL, '2025-01-01', 'active', '2025-09-07 21:00:41', '2025-09-07 21:00:41'),
(103, 'STU20250098', 'Sadifur', 'Rohman', 'Md Mijanur Rohman', 'Sathi Aktar', NULL, '', '', '2012-05-21', 'male', '', 'Islam', 'jorepukuria', 'jorepukuria', '1779634877', '', '', 'Bangladesh', '', 8, 15, 4, NULL, '2025-01-01', 'active', '2025-09-07 21:00:41', '2025-09-07 21:00:41'),
(104, 'STU20250099', 'Mst Mukta', 'Khatun', 'Md Abudl Motin', 'Mst Arzina Khatun', NULL, '', '', '2012-05-21', 'female', '', 'Islam', 'Bhorat ', 'Bhorat ', '1751102567', '', '', 'Bangladesh', '', 8, 15, 5, NULL, '2025-01-01', 'active', '2025-09-07 21:00:41', '2025-09-07 21:00:41'),
(105, 'STU20250100', '', 'Alif', 'Md', '', NULL, '', '', '2012-05-21', 'male', '', 'Islam', '', '', '1963742940', '', '', 'Bangladesh', '', 8, 15, 6, NULL, '2025-01-01', 'active', '2025-09-07 21:00:41', '2025-09-07 21:00:41'),
(106, 'STU20250101', 'MSt Samia', 'Aktar', 'Md Bacchu Mia', 'Mst Sabina Easmin', NULL, '', '', '2012-05-21', 'female', '', 'Islam', 'Moheshpur', 'Moheshpur', '1706270520', '', '', 'Bangladesh', '', 8, 15, 7, NULL, '2025-01-01', 'active', '2025-09-07 21:00:41', '2025-09-07 21:00:41'),
(107, 'STU20250102', '', 'Alif', 'Md ', '', NULL, '', '', '2012-05-21', 'male', '', 'Islam', '', '', '1330525489', '', '', 'Bangladesh', '', 8, 15, 8, NULL, '2025-01-01', 'active', '2025-09-07 21:00:41', '2025-09-07 21:00:41'),
(108, 'STU20250103', 'Md Al', '', 'Md Khirul Islam ', 'Mst Rahina Khatun', NULL, '', '', '2012-05-21', 'male', '', 'Islam', 'Bhomordah', 'Bhomordah', '1724143853', '', '', 'Bangladesh', '', 8, 15, 9, NULL, '2025-01-01', 'active', '2025-09-07 21:00:41', '2025-09-07 21:00:41'),
(109, 'STU20250104', 'Md Rabiul', 'Islam', 'Ziaul', 'Mst Bilkis Khatun', NULL, '', '', '2012-05-21', 'male', '', 'Islam', 'Jorepukuria', 'Jorepukuria', '1821110431', '', '', 'Bangladesh', '', 8, 15, 10, NULL, '2025-01-01', 'active', '2025-09-07 21:00:41', '2025-09-07 21:00:41'),
(110, 'STU20250105', '', 'Jisan', 'Md', '', NULL, '', '', '2012-05-21', 'male', '', 'Islam', '', '', '1768050596', '', '', 'Bangladesh', '', 8, 15, 11, NULL, '2025-01-01', 'active', '2025-09-07 21:00:41', '2025-09-07 21:00:41'),
(111, 'STU20250106', 'Md', 'Shalfi', 'MD Tahaz Uddin ', 'Mst Taslima Khatun', NULL, '', '', '2012-05-21', 'male', '', 'Islam', 'Terail', 'Terail', '1723164293', '', '', 'Bangladesh', '', 8, 15, 12, NULL, '2025-01-01', 'active', '2025-09-07 21:00:41', '2025-09-07 21:00:41'),
(112, 'STU20250107', 'Md', 'Tamim', 'Md Eklach Ali', 'Mst kanchon Khatun', NULL, '', '', '2012-05-21', 'male', '', 'Islam', 'Sholotaka', 'Sholotaka', '1731221475', '', '', 'Bangladesh', '', 8, 15, 13, NULL, '2025-01-01', 'active', '2025-09-07 21:00:41', '2025-09-07 21:00:41'),
(113, 'STU20250108', 'Mst Maria', 'Khatun', 'Md Helal ', 'Mst Helena Khatun', NULL, '', '', '2012-05-21', 'female', '', 'Islam', 'Chatian', 'Chatian', '1300367871', '', '', 'Bangladesh', '', 8, 15, 14, NULL, '2025-01-01', 'active', '2025-09-07 21:00:41', '2025-09-07 21:00:41'),
(114, 'STU20250109', 'MD Firoz Ahmed', 'famim', 'Md Based Mondol', 'Mst Firoza Khatun', NULL, '', '', '2012-05-21', 'male', '', 'Islam', 'jorepukuria', 'jorepukuria', '1798243130', '', '', 'Bangladesh', '', 8, 15, 15, NULL, '2025-01-01', 'active', '2025-09-07 21:00:41', '2025-09-07 21:00:41'),
(115, 'STU20250110', 'Jerin', 'Tasnim', 'Md Zamat Ali', 'Mst Sathi Khatun', NULL, '', '', '2012-05-21', 'female', '', 'Islam', 'Jorpukuria', 'Jorpukuria', '1703245343', '', '', 'Bangladesh', '', 8, 15, 16, NULL, '2025-01-01', 'active', '2025-09-07 21:00:41', '2025-09-07 21:00:41'),
(116, 'STU20250111', 'Md Junaeid', 'Ahmad', 'Md Shiman ', 'Mst Khalede Khatun ', NULL, '', '', '2012-05-21', 'male', '', 'Islam', 'Durlovpur ', 'Durlovpur ', '1842429214', '', '', 'Bangladesh', '', 8, 15, 17, NULL, '2025-01-01', 'active', '2025-09-07 21:00:41', '2025-09-07 21:00:41'),
(117, 'STU20250112', 'Md Jeshan', 'Hossain', 'Md Tutul Hossain', 'Mst Rajia Khatun', NULL, '', '', '2012-05-21', 'male', '', 'Islam', 'Jorepukuria', 'Jorepukuria', '1768050596', '', '', 'Bangladesh', '', 8, 15, 18, NULL, '2025-01-01', 'active', '2025-09-07 21:00:41', '2025-09-07 21:00:41'),
(118, 'STU20250113', 'Md Safid Hossen', 'Sohan', 'Md Sadekur Rahman ', 'Shimu Akhtar', NULL, '', '', '2012-05-21', 'male', '', 'Islam', 'Durlovpur Bamondi', 'Durlovpur Bamondi', '1869904247', '', '', 'Bangladesh', '', 8, 15, 19, NULL, '2025-01-01', 'active', '2025-09-07 21:00:41', '2025-09-07 21:00:41'),
(119, 'STU20250114', 'Md Safi', 'Reza', 'Nd Shahin reza', 'Mst Lotifa Khatun', NULL, '', '', '2012-05-21', 'male', '', 'Islam', 'Sholotaka', 'Sholotaka', '1989785515', '', '', 'Bangladesh', '', 8, 15, 20, NULL, '2025-01-01', 'active', '2025-09-07 21:00:41', '2025-09-07 21:00:41'),
(120, 'STU20250115', 'Md Parvej', 'Hasan', 'Md Mehedi Hasan ', 'Mst Parvina Khatun', NULL, '', '', '2012-05-21', 'male', '', 'Islam', 'Chatian', 'Chatian', '1608433801', '', '', 'Bangladesh', '', 8, 15, 21, NULL, '2025-01-01', 'active', '2025-09-07 21:00:41', '2025-09-07 21:00:41'),
(121, 'STU20250116', '', 'Borsha', 'Md ', '', NULL, '', '', '2012-05-21', 'female', '', 'Islam', '', '', '1795034137', '', '', 'Bangladesh', '', 8, 15, 22, NULL, '2025-01-01', 'active', '2025-09-07 21:00:41', '2025-09-07 21:00:41'),
(122, 'STU20250117', 'Md', 'Limon', 'Md Habibur Rohman', 'Mst Lima Khatun', NULL, '', '', '2012-05-21', 'male', '', 'Islam', 'Bholardar Haravanga', 'Bholardar Haravanga', '1752115824', '', '', 'Bangladesh', '', 8, 15, 23, NULL, '2025-01-01', 'active', '2025-09-07 21:00:41', '2025-09-07 21:00:41'),
(123, 'STU20250118', '', 'Masum', 'Md ', '', NULL, '', '', '2012-05-21', 'male', '', 'Islam', '', '', '1741936923', '', '', 'Bangladesh', '', 8, 15, 24, NULL, '2025-01-01', 'inactive', '2025-09-07 21:00:41', '2025-09-20 18:40:00'),
(124, 'STU20250119', 'Mst Kamini', 'Khatun', 'Md kamal Hosen', 'Mst Sikha Khatun', NULL, '', '', '2012-05-21', 'female', '', 'Islam', 'Moheshpur', 'Moheshpur', '1918435135', '', '', 'Bangladesh', '', 9, 12, 1, NULL, '2025-01-01', 'active', '2025-09-07 21:00:41', '2025-09-07 21:00:41'),
(125, 'STU20250120', 'Md', 'Abdullah', 'MD sahidul ', 'Mst Rikta Khatun', NULL, '', '', '2012-05-21', 'male', '', 'Islam', ' Sholotaka', ' Sholotaka', '1608213900', '', '', 'Bangladesh', '', 9, 12, 2, NULL, '2025-01-01', 'active', '2025-09-07 21:00:41', '2025-09-07 21:00:41'),
(126, 'STU20250121', '', 'Sadia', 'Md ', '', NULL, '', '', '2012-05-21', 'female', '', 'Islam', '', '', '1722635933', '', '', 'Bangladesh', '', 9, 12, 3, NULL, '2025-01-01', 'active', '2025-09-07 21:00:41', '2025-09-07 21:00:41'),
(127, 'STU20250122', '', 'Ahona', 'Md Jamat Ali', 'Rita Khatun', NULL, '', '', '2012-05-21', 'female', '', 'Islam', '', '', '1722162429', '', '', 'Bangladesh', '', 9, 12, 4, NULL, '2025-01-01', 'active', '2025-09-07 21:00:41', '2025-09-07 21:00:41'),
(128, 'STU20250123', 'Md Siam', 'Farhan', 'Jalal Uddin', 'Mis Shabnur Aktar', NULL, '', '', '2012-05-21', 'male', '', 'Islam', 'Bharat', 'Bharat', '1301225005', '', '', 'Bangladesh', '', 9, 12, 5, NULL, '2025-01-01', 'active', '2025-09-07 21:00:41', '2025-09-07 21:00:41'),
(129, 'STU20250124', '', 'Ripon', 'Md', '', NULL, '', '', '2012-05-21', 'male', '', 'Islam', '', '', '1727439171', '', '', 'Bangladesh', '', 9, 12, 6, NULL, '2025-01-01', 'active', '2025-09-07 21:00:41', '2025-09-07 21:00:41'),
(130, 'STU20250125', 'Md', 'Mutazzihan', ' Ali', 'Mst Nilufa Khatun', NULL, '', '', '2012-05-21', 'male', '', 'Islam', 'Bhorat', 'Bhorat', '1768002309', '', '', 'Bangladesh', '', 9, 12, 7, NULL, '2025-01-01', 'active', '2025-09-07 21:00:41', '2025-09-07 21:00:41'),
(131, 'STU20250126', 'Md Sabbir', 'Husain', 'MD Mohon Hossain', 'Shathiara Khatun', NULL, '', '', '2012-05-21', 'male', '', 'Islam', 'Bharat', 'Bharat', '1627902334', '', '', 'Bangladesh', '', 9, 12, 8, NULL, '2025-01-01', 'active', '2025-09-07 21:00:41', '2025-09-07 21:00:41'),
(132, 'STU20250127', 'Md Sakibul', 'Islam', 'Md Faroque', 'Mst Sumi Aktar', NULL, '', '', '2012-05-21', 'male', '', 'Islam', 'Olinagor', 'Olinagor', '1409154944', '', '', 'Bangladesh', '', 9, 12, 9, NULL, '2025-01-01', 'active', '2025-09-07 21:00:41', '2025-09-07 21:00:41'),
(133, 'STU20250128', '', 'Lamim', 'Md', 'Mst', NULL, '', '', '2012-05-21', 'male', '', 'Islam', 'G', 'G', '1777820539', '', '', 'Bangladesh', '', 9, 12, 10, NULL, '2025-01-01', 'active', '2025-09-07 21:00:41', '2025-09-07 21:00:41'),
(134, 'STU20250129', 'Md Ali', '', 'Md Rubel Hsen ', 'Mst Rita Khatun', NULL, '', '', '2012-05-21', 'male', '', 'Islam', 'Olinagor', 'Olinagor', '1409105569', '', '', 'Bangladesh', '', 9, 12, 11, NULL, '2025-01-01', 'active', '2025-09-07 21:00:41', '2025-09-07 21:00:41'),
(135, 'STU20250130', '', '', 'Md Golam Kibria', 'Mst Rikta Khatun', NULL, '', '', '2012-05-21', 'male', '', 'Islam', 'Bhorat', 'Bhorat', '1924126503', '', '', 'Bangladesh', '', 9, 12, 12, NULL, '2025-01-01', 'active', '2025-09-07 21:00:41', '2025-09-07 21:00:41'),
(136, 'STU20250131', 'Md Shimul', '', 'Md Shariful Islam ', 'Mst Sumita Khatun', NULL, '', '', '2012-05-21', 'male', '', 'Islam', 'House  no-47 Karamdi ', 'House  no-47 Karamdi ', '1321954114', '', '', 'Bangladesh', '', 9, 12, 13, NULL, '2025-01-01', 'active', '2025-09-07 21:00:41', '2025-09-07 21:00:41'),
(137, 'STU20250132', 'Al Mahmud', 'Abdullah', 'Md Asraful Islam ', 'Mst Dalia Khatun', NULL, '', '', '2012-05-21', 'male', '', 'Islam', 'Jorpukuria', 'Jorpukuria', '1770607926', '', '', 'Bangladesh', '', 9, 12, 14, NULL, '2025-01-01', 'active', '2025-09-07 21:00:41', '2025-09-07 21:00:41'),
(138, 'STU20250133', 'Md', 'Mujahid', 'Md Israfil  Hossain', 'Mst Momena Khatun', NULL, '', '', '2012-05-21', 'male', '', 'Islam', 'Chatian', 'Chatian', '1761604315', '', '', 'Bangladesh', '', 9, 12, 15, NULL, '2025-01-01', 'active', '2025-09-07 21:00:41', '2025-09-07 21:00:41'),
(139, 'STU20250134', 'Md JunaId', 'Ahmmed', 'Md Sahab Uddin', 'Mst Asma Khatun', NULL, '', '', '2012-05-21', 'male', '', 'Islam', 'Jorepukuria', 'Jorepukuria', '1817162621', '', '', 'Bangladesh', '', 9, 12, 16, NULL, '2025-01-01', 'active', '2025-09-07 21:00:41', '2025-09-07 21:00:41'),
(140, 'STU20250135', 'Md Jubaid', 'Ahmed', 'MD Jomsed Ali', 'Rotna Khatun', NULL, '', '', '2012-05-21', 'male', '', 'Islam', 'Terail', 'Terail', '1710117702', '', '', 'Bangladesh', '', 9, 12, 17, NULL, '2025-01-01', 'active', '2025-09-07 21:00:41', '2025-09-07 21:00:41'),
(141, 'STU20250136', 'MD Neyeem', '', 'Md Nazrul Islam ', 'Mst Farjana Shopna', NULL, '', '', '2012-05-21', 'male', '', 'Islam', 'Terail', 'Terail', '1790235111', '', '', 'Bangladesh', '', 9, 12, 18, NULL, '2025-01-01', 'active', '2025-09-07 21:00:41', '2025-09-07 21:00:41'),
(142, 'STU20250137', 'Md Abdullahil', 'Maruf', 'Md Tipu Sultan', 'Mst Halima Khatun', NULL, '', '', '2012-05-21', 'male', '', 'Islam', 'Jorepukuria', 'Jorepukuria', '1624193377', '', '', 'Bangladesh', '', 9, 12, 19, NULL, '2025-01-01', 'active', '2025-09-07 21:00:41', '2025-09-07 21:00:41'),
(143, 'STU20250138', 'Md', 'Saim', 'Md Eajul ', 'Mst shilpi', NULL, '', '', '2012-05-21', 'male', '', 'Islam', 'Terail ', 'Terail ', '1758837875', '', '', 'Bangladesh', '', 9, 12, 20, NULL, '2025-01-01', 'active', '2025-09-07 21:00:41', '2025-09-07 21:00:41'),
(144, 'STU20250139', 'Md', 'Hossain', 'Md Ripon ', 'Mst Ruma Khatun', NULL, '', '', '2012-05-21', 'male', '', 'Islam', 'Bholardar Haravanga', 'Bholardar Haravanga', '1745359765', '', '', 'Bangladesh', '', 10, 16, 1, NULL, '2025-01-01', 'inactive', '2025-09-07 21:00:41', '2025-09-20 18:40:55'),
(145, 'STU20250140', '', 'Hussain', 'Md.Kamrul Islam', 'Mst.Sharmina Khatun', NULL, '', '', '2012-05-21', 'male', '', 'Islam', '', '', '1764162984', '', '', 'Bangladesh', '', 10, 16, 2, NULL, '2025-01-01', 'inactive', '2025-09-07 21:00:41', '2025-09-20 18:42:40'),
(146, 'STU20250141', ' ', 'Jisan', 'Md.Aslam Hossain', 'Mst.Rani Begum', NULL, 'পিতা', '', '2012-05-21', 'male', 'A-', 'Islam', 'টকবকত', 'টকবকত', '01762396713', '', '', 'Bangladesh', '', 10, 16, 3, NULL, '2025-01-01', 'active', '2025-09-07 21:00:41', '2025-09-20 18:46:04'),
(147, 'STU20250142', 'Omor', 'Faruk', 'Md Osman Ali', 'Mst.Julekha Khatun', NULL, 'পিতা', '', '2012-05-21', 'male', 'A+', 'Islam', 'াব্ব', 'াব্ব', '01780195092', '', '', 'Bangladesh', '', 10, 16, 4, NULL, '2025-01-01', 'active', '2025-09-07 21:00:41', '2025-09-20 18:45:23'),
(148, 'STU20250143', 'Md Hamim', 'Ali', 'Md Ekramul Hoque', 'Mst Helena Khatun', NULL, 'পিতা', '', '2012-05-21', 'male', 'A-', 'Islam', 'Bharat', 'Bharat', '01885926363', '', '', 'Bangladesh', '', 10, 16, 5, NULL, '2025-01-01', 'active', '2025-09-07 21:00:41', '2025-09-20 18:44:51'),
(149, 'STU20250144', 'Sohel', 'Rana', 'Md.Sahin', 'Mst.Rojifa', NULL, 'পিতা', '', '2012-05-21', 'male', 'B-', 'Islam', 'জোড়পুকুরিয়া', 'জোড়পুকুরিয়া', '01531349963', '', '', 'Bangladesh', '1757602648_1757304574714.jpg', 10, 16, 6, NULL, '2025-01-01', 'active', '2025-09-07 21:00:41', '2025-09-21 19:43:59'),
(150, 'STU20250145', 'MD Manzarul', 'Islam', 'Md Aslam Ali', 'Mst Shalina Khatun', NULL, '', '', '2012-05-21', 'male', '', 'Islam', 'Bhomordah', 'Bhomordah', '1752495616', '', '', 'Bangladesh', '', 10, 16, 7, NULL, '2025-01-01', 'inactive', '2025-09-07 21:00:41', '2025-09-20 18:42:46'),
(151, 'STU20250146', '', 'Siyam', 'Md Eamin ', 'Mst.Shamoly Khatun', NULL, '', '', '2012-05-21', 'male', '', 'Islam', '', '', '1723355243', '', '', 'Bangladesh', '', 10, 16, 8, NULL, '2025-01-01', 'inactive', '2025-09-07 21:00:41', '2025-09-20 18:42:31'),
(152, 'STU20250147', 'Md Abdullah', 'Hossian', 'Md Jeaur Rahaman', 'Mst Mukta Khayun', NULL, '', '', '2012-05-21', 'male', '', 'Islam', 'Jorepukuria', 'Jorepukuria', '1731787862', '', '', 'Bangladesh', '', 10, 16, 9, NULL, '2025-01-01', 'inactive', '2025-09-07 21:00:41', '2025-09-20 18:42:23'),
(153, 'STU20250148', '', 'Sohan', 'Md', '', NULL, '', '', '2012-05-21', 'male', '', 'Islam', '', '', '0', '', '', 'Bangladesh', '', 10, 16, 10, NULL, '2025-01-01', 'inactive', '2025-09-07 21:00:41', '2025-09-20 18:41:04'),
(154, 'STU20250149', 'Mst', 'sadiya', 'Md Golam Mostofa', 'Mst Rebeka Khatun', NULL, '', '', '2012-05-21', 'female', '', 'Islam', 'Moheshpur', 'Moheshpur', '1730891303', '', '', 'Bangladesh', '', 10, 16, 11, NULL, '2025-01-01', 'inactive', '2025-09-07 21:00:41', '2025-09-20 18:41:10'),
(155, 'STU20250150', '', 'Mahfuj', 'Md Easer', 'Mst.Jolama', NULL, '', '', '2012-05-21', 'male', '', 'Islam', '', '', '1703613407', '', '', 'Bangladesh', '', 10, 16, 12, NULL, '2025-01-01', 'inactive', '2025-09-07 21:00:41', '2025-09-20 18:41:18'),
(156, 'STU20250151', 'Md Imran', 'Ali', 'Md Ripon Ali', 'Mst Morzina Khatun', NULL, '', '', '2012-05-21', 'male', '', 'Islam', 'Moheshpur', 'Moheshpur', '1798010770', '', '', 'Bangladesh', '', 10, 16, 13, NULL, '2025-01-01', 'inactive', '2025-09-07 21:00:41', '2025-09-20 18:41:27'),
(157, 'STU20250152', 'Md Naeem', 'Islam', 'Md Raihan Ali ', 'Mst Laki Khatun ', NULL, '', '', '2012-05-21', 'male', '', 'Islam', 'Jorepukuria ', 'Jorepukuria ', '1315014107', '', '', 'Bangladesh', '', 10, 16, 14, NULL, '2025-01-01', 'inactive', '2025-09-07 21:00:41', '2025-09-20 18:41:33'),
(158, 'STU20250153', 'Abu', 'Hurayra', 'Md.Shoriful', 'Mst.Layli Khatun', NULL, '', '', '2012-05-21', 'male', '', 'Islam', '', '', '1743285050', '', '', 'Bangladesh', '', 10, 16, 15, NULL, '2025-01-01', 'inactive', '2025-09-07 21:00:41', '2025-09-20 18:41:37'),
(159, 'STU20250154', 'Md', 'Sazim', 'Md Torikul', 'Mst Shamoly Khatun', NULL, '', '', '2012-05-21', 'male', '', 'Islam', 'Terail Jorpukuria', 'Terail Jorpukuria', '1796511240', '', '', 'Bangladesh', '', 10, 16, 16, NULL, '2025-01-01', 'inactive', '2025-09-07 21:00:41', '2025-09-20 18:41:41'),
(160, 'STU20250155', '', 'Istiak', 'Md.Baral', 'Mst.Chaina', NULL, '', '', '2012-05-21', 'male', '', 'Islam', '', '', '1758902731', '', '', 'Bangladesh', '', 10, 16, 17, NULL, '2025-01-01', 'inactive', '2025-09-07 21:00:41', '2025-09-20 18:41:46'),
(161, 'STU20250156', '', 'Shoyaib', 'Md', 'Mst', NULL, '', '', '2012-05-21', 'male', '', 'Islam', '', '', '0', '', '', 'Bangladesh', '', 10, 16, 18, NULL, '2025-01-01', 'inactive', '2025-09-07 21:00:41', '2025-09-20 18:41:57'),
(162, 'STU20250157', 'Md', 'Shafinull', 'Md Hamidul Haque', 'Mst.Shima', NULL, '', '', '2012-05-21', 'male', '', 'Islam', 'Bhomordaha', 'Bhomordaha', '1317522731', '', '', 'Bangladesh', '', 10, 16, 19, NULL, '2025-01-01', 'inactive', '2025-09-07 21:00:41', '2025-09-20 18:41:50'),
(163, 'STU20250158', '', 'Mahmudullah', 'Md', '', NULL, '', '', '2012-05-21', 'male', '', 'Islam', '', '', '0', '', '', 'Bangladesh', '', 10, 16, 20, NULL, '2025-01-01', 'inactive', '2025-09-07 21:00:41', '2025-09-20 18:40:43'),
(164, 'STU20250159', 'Md TamIm', 'Iqbal', 'Md Faruk Ali', 'Julaka Khatun', NULL, '', '', '2012-05-21', 'male', '', 'Islam', 'Olinagor', 'Olinagor', '1777497318', '', '', 'Bangladesh', '', 10, 16, 21, NULL, '2025-01-01', 'inactive', '2025-09-07 21:00:41', '2025-09-20 18:40:40'),
(165, 'STU20250160', 'Md Jibon', 'Hossain', 'Md Jintu Mia ', 'Mst Tania Khatun ', NULL, '', '', '2012-05-21', 'male', '', 'Islam', 'Maheshpur ', 'Maheshpur ', '1706176080', '', '', 'Bangladesh', '', 10, 16, 22, NULL, '2025-01-01', 'inactive', '2025-09-07 21:00:41', '2025-09-20 18:40:34'),
(166, 'STU20250161', '', 'Arafat', 'Md.Alhag', 'Mst.Ati', NULL, '', '', '2012-05-21', 'male', '', 'Islam', '', '', '1788735582', '', '', 'Bangladesh', '', 10, 16, 23, NULL, '2025-01-01', 'inactive', '2025-09-07 21:00:41', '2025-09-20 18:40:31'),
(167, 'STU20250162', 'Md Pollob', 'Hossen', 'Md Romzan Ali', 'Mst Poly Khatun', NULL, '', '', '2012-05-21', 'male', '', 'Islam', 'Durlovpur ', 'Durlovpur ', '1734515144', '', '', 'Bangladesh', '', 10, 16, 24, NULL, '2025-01-01', 'inactive', '2025-09-07 21:00:41', '2025-09-20 18:40:28'),
(168, 'STU20250163', '', 'Nurnbi', 'Jaynal', 'Mst chompa Khatun', NULL, '', '', '2012-05-21', 'male', '', 'Islam', 'Bhomordah', 'Bhomordah', '1705085424', '', '', 'Bangladesh', '', 10, 16, 25, NULL, '2025-01-01', 'inactive', '2025-09-07 21:00:41', '2025-09-20 18:40:25'),
(169, 'STU20250164', 'Mst Jannatul', 'Mouwa', 'Md.Abdur Rasid', 'Mst Nahida Aktar Riya', NULL, '', '', '2012-05-21', 'female', '', 'Islam', '', '', '1786286167', '', '', 'Bangladesh', '', 10, 16, 26, NULL, '2025-01-01', 'inactive', '2025-09-07 21:00:41', '2025-09-20 18:40:21'),
(170, 'STU20250165', 'Yeasir Arafat', 'Araf', 'Md Masum', 'Mst Umme Habiba Sultana ', NULL, '', '', '2012-05-21', 'male', '', 'Islam', '', '', '1733279377', '', '', 'Bangladesh', '', 10, 16, 27, NULL, '2025-01-01', 'inactive', '2025-09-07 21:00:41', '2025-09-20 18:40:18'),
(171, 'STU20250166', 'Umme', 'Habiba', 'Md', 'Mst', NULL, '', '', '2012-05-21', 'female', '', 'Islam', 'G', 'G', '1732803330', '', '', 'Bangladesh', '', 10, 16, 28, NULL, '2025-01-01', 'inactive', '2025-09-07 21:00:41', '2025-09-20 18:40:13'),
(173, 'STU20256633', 'আহমেদ ', 'বাশার', 'হক মওলা', 'বিবি জান', NULL, 'মাতা', '', '2025-09-01', 'female', 'B-', 'Islam', 'জোড়পুকুরিয়া ', 'জোড়পুকুরিয়া ', '01885926363', NULL, NULL, NULL, '1759168716_IMG_20250929_144201.jpg', 1, 1, 80, NULL, '2025-09-09', 'active', '2025-09-12 03:57:38', '2025-09-29 17:58:36'),
(174, 'STU20253073', 'নিশাত আমান', 'রাফি', 'সামসুল আমান সেন্টু', 'মনিরা নাছরিন রাঙা', NULL, 'পিতা', '', '2007-12-25', 'male', 'O+', '', 'জোড়পুকুরিয়া, গাংনী, মেহেরপুর', 'জোড়পুকুরিয়া, গাংনী, মেহেরপুর', '01603321944', NULL, NULL, NULL, 'stu_1758526968_3664.png', 10, 16, 48, 21, '2025-01-01', 'active', '2025-09-22 07:42:48', '2025-09-22 07:45:23'),
(175, 'STU20253711', 'মোঃ আবুল হাসনাত', 'উৎস', 'মোঃ আফিরুল ইসলাম', 'মোছাঃ হাসেনা বেগম', NULL, 'পিতা', '', '2008-09-09', 'male', 'B+', '', 'জোড়পুকুরিয়া', 'জোড়পুকুরিয়া', '01319447505', NULL, NULL, NULL, 'stu_1758609306_2350.jpg', 10, 16, 49, 22, '2025-01-01', 'active', '2025-09-23 06:35:06', '2025-09-23 06:36:09'),
(176, 'STU20259367', 'আহমেদ', 'শরিফ', 'আফজাল হোসেন', 'খাদিজা খাতুন', NULL, 'মাতা', NULL, '2025-09-01', 'male', 'B-', 'ইসলাম', 'জোড়পুকুরিয়া, গাংনী, মেহেরপুর', 'জোড়পুকুরিয়া, গাংনী, মেহেরপুর', '01885926363', NULL, NULL, NULL, 'stu_1758636238_7499.jpg', 10, 16, 0, 23, '2025-09-10', 'active', '2025-09-23 14:03:58', '2025-09-23 14:03:58');

-- --------------------------------------------------------

--
-- Table structure for table `student_subjects`
--

CREATE TABLE `student_subjects` (
  `id` int NOT NULL,
  `student_id` int NOT NULL,
  `class_id` int NOT NULL,
  `subject_id` int NOT NULL,
  `assigned_at` timestamp NOT NULL DEFAULT CURRENT_TIMESTAMP
) ENGINE=InnoDB DEFAULT CHARSET=utf8mb4 COLLATE=utf8mb4_general_ci;

--
-- Dumping data for table `student_subjects`
--

INSERT INTO `student_subjects` (`id`, `student_id`, `class_id`, `subject_id`, `assigned_at`) VALUES
(5, 171, 10, 1, '2025-09-16 18:35:44'),
(6, 171, 10, 2, '2025-09-16 18:35:44'),
(7, 171, 10, 3, '2025-09-16 18:35:44'),
(8, 171, 10, 4, '2025-09-16 18:35:44'),
(9, 171, 10, 5, '2025-09-16 18:35:44'),
(10, 171, 10, 6, '2025-09-16 18:35:44'),
(11, 170, 10, 1, '2025-09-17 12:05:27'),
(12, 170, 10, 2, '2025-09-17 12:05:27'),
(13, 170, 10, 3, '2025-09-17 12:05:27'),
(14, 170, 10, 4, '2025-09-17 12:05:27'),
(15, 170, 10, 5, '2025-09-17 12:05:27'),
(16, 170, 10, 6, '2025-09-17 12:05:27'),
(17, 169, 10, 1, '2025-09-17 12:05:31'),
(18, 169, 10, 2, '2025-09-17 12:05:31'),
(19, 169, 10, 3, '2025-09-17 12:05:31'),
(20, 169, 10, 4, '2025-09-17 12:05:31'),
(21, 169, 10, 5, '2025-09-17 12:05:31'),
(22, 169, 10, 6, '2025-09-17 12:05:31'),
(23, 168, 10, 1, '2025-09-17 12:05:40'),
(24, 168, 10, 2, '2025-09-17 12:05:40'),
(25, 168, 10, 3, '2025-09-17 12:05:40'),
(26, 168, 10, 4, '2025-09-17 12:05:40'),
(27, 168, 10, 5, '2025-09-17 12:05:40'),
(28, 168, 10, 6, '2025-09-17 12:05:40'),
(29, 167, 10, 1, '2025-09-17 12:05:46'),
(30, 167, 10, 2, '2025-09-17 12:05:46'),
(31, 167, 10, 3, '2025-09-17 12:05:46'),
(32, 167, 10, 4, '2025-09-17 12:05:46'),
(33, 167, 10, 5, '2025-09-17 12:05:46'),
(34, 167, 10, 6, '2025-09-17 12:05:46'),
(35, 165, 10, 1, '2025-09-19 20:56:32'),
(36, 165, 10, 2, '2025-09-19 20:56:32'),
(37, 165, 10, 3, '2025-09-19 20:56:32'),
(38, 165, 10, 4, '2025-09-19 20:56:32'),
(39, 165, 10, 5, '2025-09-19 20:56:32'),
(40, 165, 10, 6, '2025-09-19 20:56:32'),
(41, 163, 10, 1, '2025-09-19 20:57:07'),
(42, 163, 10, 2, '2025-09-19 20:57:07'),
(43, 163, 10, 3, '2025-09-19 20:57:07'),
(44, 163, 10, 4, '2025-09-19 20:57:07'),
(45, 163, 10, 5, '2025-09-19 20:57:07'),
(46, 163, 10, 6, '2025-09-19 20:57:07'),
(47, 164, 10, 1, '2025-09-19 20:57:13'),
(48, 164, 10, 2, '2025-09-19 20:57:13'),
(49, 164, 10, 3, '2025-09-19 20:57:13'),
(50, 164, 10, 4, '2025-09-19 20:57:13'),
(51, 164, 10, 5, '2025-09-19 20:57:13'),
(52, 164, 10, 6, '2025-09-19 20:57:13'),
(53, 174, 10, 1, '2025-09-23 06:24:04'),
(54, 174, 10, 2, '2025-09-23 06:24:04'),
(55, 174, 10, 3, '2025-09-23 06:24:04'),
(56, 174, 10, 4, '2025-09-23 06:24:04'),
(57, 174, 10, 5, '2025-09-23 06:24:04'),
(58, 174, 10, 6, '2025-09-23 06:24:04'),
(59, 173, 1, 1, '2025-09-29 18:00:15'),
(60, 173, 1, 2, '2025-09-29 18:00:15'),
(61, 173, 1, 3, '2025-09-29 18:00:15'),
(62, 173, 1, 7, '2025-09-29 18:00:15'),
(63, 166, 10, 1, '2025-09-29 18:00:23'),
(64, 166, 10, 2, '2025-09-29 18:00:23'),
(65, 166, 10, 3, '2025-09-29 18:00:23'),
(66, 166, 10, 4, '2025-09-29 18:00:23'),
(67, 166, 10, 5, '2025-09-29 18:00:23'),
(68, 166, 10, 6, '2025-09-29 18:00:23'),
(69, 176, 10, 1, '2025-09-29 18:00:51'),
(70, 176, 10, 2, '2025-09-29 18:00:51'),
(71, 176, 10, 3, '2025-09-29 18:00:51'),
(72, 176, 10, 4, '2025-09-29 18:00:51'),
(73, 176, 10, 5, '2025-09-29 18:00:51'),
(74, 176, 10, 6, '2025-09-29 18:00:51');

-- --------------------------------------------------------

--
-- Table structure for table `subjects`
--

CREATE TABLE `subjects` (
  `id` int NOT NULL,
  `name` varchar(100) CHARACTER SET utf8mb4 COLLATE utf8mb4_general_ci NOT NULL,
  `code` varchar(20) CHARACTER SET utf8mb4 COLLATE utf8mb4_general_ci DEFAULT NULL,
  `description` text CHARACTER SET utf8mb4 COLLATE utf8mb4_general_ci,
  `status` varchar(10) CHARACTER SET utf8mb4 COLLATE utf8mb4_general_ci DEFAULT NULL,
  `created_at` timestamp NOT NULL DEFAULT CURRENT_TIMESTAMP,
  `updated_at` timestamp NOT NULL DEFAULT CURRENT_TIMESTAMP ON UPDATE CURRENT_TIMESTAMP
) ENGINE=InnoDB DEFAULT CHARSET=utf8mb4 COLLATE=utf8mb4_general_ci;

--
-- Dumping data for table `subjects`
--

INSERT INTO `subjects` (`id`, `name`, `code`, `description`, `status`, `created_at`, `updated_at`) VALUES
(1, 'বাংলা', 'BAN', NULL, 'active', '2025-09-07 18:32:53', '2025-09-08 16:39:07'),
(2, 'ইংরেজি', 'ENG', NULL, 'active', '2025-09-07 18:32:53', '2025-09-08 16:43:53'),
(3, 'গণিত', 'MATH', NULL, 'active', '2025-09-07 18:32:53', '2025-09-08 16:43:56'),
(4, 'বিজ্ঞান', 'SCI', NULL, 'active', '2025-09-07 18:32:53', '2025-09-08 16:43:58'),
(5, 'বাংলাদেশ ও বিশ্বপরিচয়', 'BGS', '', 'active', '2025-09-07 18:32:53', '2025-09-14 02:20:33'),
(6, 'ধর্ম শিক্ষা', 'REL', NULL, 'active', '2025-09-07 18:32:53', '2025-09-08 16:44:03'),
(7, 'সাধারণ জ্ঞান, আরবি ও চিত্রাঙ্কন', 'GK', '', 'active', '2025-09-07 18:32:53', '2025-09-14 02:21:35'),
(10, 'বাংলা ১ম পত্র', 'BAN-I', '', 'active', '2025-09-14 02:23:08', '2025-09-14 02:23:08'),
(11, 'বাংলা ২য় পত্র', 'BAN-II', '', 'active', '2025-09-14 02:23:51', '2025-09-14 02:23:51'),
(12, 'ইংরেজি ১ম পত্র', 'ENG-I', '', 'active', '2025-09-14 02:26:27', '2025-09-14 02:26:27'),
(13, 'ইংরেজি ২য় পত্র', 'ENG-II', '', 'active', '2025-09-14 02:27:07', '2025-09-14 02:27:07');

-- --------------------------------------------------------

--
-- Table structure for table `tabulation_cache`
--

CREATE TABLE `tabulation_cache` (
  `id` int NOT NULL,
  `exam_id` int NOT NULL,
  `student_id` int NOT NULL,
  `total_marks` decimal(10,2) DEFAULT '0.00',
  `subjects_passed` int DEFAULT '0',
  `subjects_failed` int DEFAULT '0',
  `position` int DEFAULT NULL,
  `result_status` enum('pass','fail') CHARACTER SET utf8mb4 COLLATE utf8mb4_general_ci DEFAULT 'fail',
  `computed_at` timestamp NULL DEFAULT CURRENT_TIMESTAMP
) ENGINE=InnoDB DEFAULT CHARSET=utf8mb4 COLLATE=utf8mb4_general_ci;

--
-- Dumping data for table `tabulation_cache`
--

INSERT INTO `tabulation_cache` (`id`, `exam_id`, `student_id`, `total_marks`, `subjects_passed`, `subjects_failed`, `position`, `result_status`, `computed_at`) VALUES
(1, 1, 79, 305.00, 4, 0, 1, 'pass', '2025-09-19 20:02:59'),
(2, 1, 80, 272.00, 3, 1, 2, 'fail', '2025-09-19 20:03:00'),
(3, 1, 81, 231.00, 3, 1, 4, 'fail', '2025-09-19 20:03:01'),
(4, 1, 94, 86.00, 2, 2, 15, 'fail', '2025-09-19 20:02:50'),
(5, 1, 95, 130.00, 2, 2, 11, 'fail', '2025-09-22 12:08:27'),
(6, 1, 96, 89.00, 2, 2, 14, 'fail', '2025-09-22 12:08:28'),
(7, 1, 97, 98.50, 1, 3, 16, 'fail', '2025-09-22 12:08:31'),
(8, 1, 98, 179.42, 2, 2, 6, 'fail', '2025-09-22 12:08:33'),
(9, 1, 99, 127.50, 2, 2, 12, 'fail', '2025-09-19 19:39:28'),
(10, 1, 82, 243.00, 3, 1, 3, 'fail', '2025-09-19 20:03:02'),
(11, 1, 83, 133.00, 2, 2, 10, 'fail', '2025-09-19 20:03:02'),
(12, 1, 84, 140.00, 2, 2, 9, 'fail', '2025-09-19 20:03:03'),
(13, 1, 85, 143.00, 2, 2, 8, 'fail', '2025-09-19 20:03:04'),
(14, 1, 86, 159.00, 2, 2, 7, 'fail', '2025-09-19 20:03:05'),
(15, 1, 87, 34.00, 0, 4, 19, 'fail', '2025-09-19 20:03:06'),
(16, 1, 88, 102.00, 2, 2, 13, 'fail', '2025-09-19 20:03:07'),
(17, 1, 89, 227.00, 3, 1, 5, 'fail', '2025-09-21 20:23:09'),
(18, 1, 90, 25.00, 0, 4, 20, 'fail', '2025-09-19 20:02:46'),
(19, 1, 91, 25.00, 0, 4, 20, 'fail', '2025-09-19 20:02:47'),
(20, 1, 92, 58.00, 1, 3, 17, 'fail', '2025-09-19 20:02:48'),
(21, 1, 93, 42.00, 1, 3, 18, 'fail', '2025-09-19 20:02:49'),
(22, 2, 56, 177.00, 4, 5, 6, 'fail', '2025-10-02 04:52:41'),
(23, 2, 57, 243.00, 4, 5, 5, 'fail', '2025-10-02 04:52:41'),
(24, 2, 58, 269.00, 4, 5, 2, 'fail', '2025-10-02 04:52:42'),
(25, 2, 59, 251.00, 4, 5, 4, 'fail', '2025-10-02 04:52:43'),
(26, 2, 60, 310.00, 4, 5, 1, 'fail', '2025-10-02 04:52:43'),
(27, 2, 61, 254.00, 4, 5, 3, 'fail', '2025-10-02 04:52:45'),
(28, 2, 62, 198.00, 2, 7, 8, 'fail', '2025-10-02 04:52:50'),
(29, 2, 63, 201.00, 3, 6, 7, 'fail', '2025-10-02 04:52:50'),
(30, 2, 64, 112.00, 2, 7, 9, 'fail', '2025-10-02 04:52:52'),
(31, 2, 65, 106.00, 2, 7, 10, 'fail', '2025-10-02 04:52:53'),
(32, 2, 66, 62.00, 1, 8, 11, 'fail', '2025-10-02 04:52:54'),
(33, 2, 67, 57.00, 1, 8, 12, 'fail', '2025-10-02 04:52:56'),
(34, 2, 68, 35.00, 1, 8, 13, 'fail', '2025-10-02 04:52:58');

-- --------------------------------------------------------

--
-- Table structure for table `teacher_attendance`
--

CREATE TABLE `teacher_attendance` (
  `id` int NOT NULL,
  `teacher_id` int NOT NULL,
  `date` date NOT NULL,
  `check_in` time DEFAULT NULL,
  `check_out` time DEFAULT NULL,
  `status` enum('Early','Present','Absent','Late') CHARACTER SET utf8mb3 COLLATE utf8mb3_unicode_ci DEFAULT 'Absent',
  `check_in_photo` varchar(255) CHARACTER SET utf8mb3 COLLATE utf8mb3_unicode_ci DEFAULT NULL,
  `check_out_photo` varchar(255) CHARACTER SET utf8mb3 COLLATE utf8mb3_unicode_ci DEFAULT NULL,
  `check_in_location` varchar(100) CHARACTER SET utf8mb3 COLLATE utf8mb3_unicode_ci DEFAULT NULL,
  `check_out_location` varchar(100) CHARACTER SET utf8mb3 COLLATE utf8mb3_unicode_ci DEFAULT NULL,
  `created_at` timestamp NULL DEFAULT CURRENT_TIMESTAMP,
  `updated_at` timestamp NULL DEFAULT CURRENT_TIMESTAMP ON UPDATE CURRENT_TIMESTAMP
) ENGINE=InnoDB DEFAULT CHARSET=utf8mb4 COLLATE=utf8mb4_general_ci;

--
-- Dumping data for table `teacher_attendance`
--

INSERT INTO `teacher_attendance` (`id`, `teacher_id`, `date`, `check_in`, `check_out`, `status`, `check_in_photo`, `check_out_photo`, `check_in_location`, `check_out_location`, `created_at`, `updated_at`) VALUES
(15, 17, '2025-09-19', '10:02:49', '10:33:50', 'Present', 'uploads/attendance/17_1758254569.jpg', 'uploads/attendance/17_1758256430.jpg', '23.8557014,88.7777709', '23.8556988,88.7777723', '2025-09-19 04:02:49', '2025-09-19 04:33:50'),
(16, 20, '2025-09-19', '10:35:33', '15:48:27', 'Late', 'uploads/attendance/20_1758256533.jpg', 'uploads/attendance/20_1758275307.jpg', '23.8556977,88.7777717', '23.8557008,88.7777714', '2025-09-19 04:35:33', '2025-09-19 09:48:27'),
(17, 17, '2025-09-20', '08:23:03', '10:40:37', 'Present', 'uploads/attendance/17_1758334983.jpg', 'uploads/attendance/17_1758343237.jpg', '23.8571832,88.7778034', '23.8615837,88.7783344', '2025-09-20 02:23:03', '2025-09-20 04:40:37'),
(18, 20, '2025-09-20', '08:23:23', '10:42:18', 'Present', 'uploads/attendance/20_1758335003.jpg', 'uploads/attendance/20_1758343338.jpg', '23.8556982,88.777772', '23.8615813,88.7783324', '2025-09-20 02:23:23', '2025-09-20 04:42:18'),
(19, 17, '2025-09-21', '11:53:31', '11:53:50', 'Late', 'uploads/attendance/17_1758434011.jpg', 'uploads/attendance/17_1758434030.jpg', '23.8613867,88.7784578', '23.8612694,88.7784323', '2025-09-21 05:53:31', '2025-09-21 05:53:50'),
(20, 20, '2025-09-22', '02:00:31', '08:47:17', 'Early', 'uploads/attendance/20_1758484831.jpg', 'uploads/attendance/20_1758509237.jpg', '23.9665152,89.0601472', '23.8556988,88.7777723', '2025-09-21 20:00:31', '2025-09-22 02:47:17'),
(21, 17, '2025-09-22', '08:55:20', NULL, 'Present', 'uploads/attendance/17_1758509720.jpg', NULL, '23.8556988,88.7777723', NULL, '2025-09-22 02:55:20', '2025-09-22 02:55:20'),
(22, 17, '2025-09-23', '12:22:48', '19:41:55', 'Late', 'uploads/attendance/17_1758608568.jpg', 'uploads/attendance/17_1758634915.jpg', '23.8615724,88.7783341', '23.8668816,88.7820097', '2025-09-23 06:22:48', '2025-09-23 13:41:55'),
(23, 20, '2025-09-23', '12:25:55', NULL, 'Late', 'uploads/attendance/20_1758608755.jpg', NULL, '23.8615736,88.7783334', NULL, '2025-09-23 06:25:55', '2025-09-23 06:25:55'),
(24, 20, '2025-09-29', '23:53:23', '23:53:51', 'Late', 'uploads/attendance/20_1759168403.jpg', 'uploads/attendance/20_1759168431.jpg', '23.8557012,88.777771', '23.8557012,88.777771', '2025-09-29 17:53:23', '2025-09-29 17:53:51'),
(25, 17, '2025-09-30', '00:03:27', '22:45:00', 'Early', 'uploads/attendance/17_1759169007.jpg', 'uploads/attendance/17_1759250700.jpg', '23.8556977,88.7777717', '23.8615927,88.7783342', '2025-09-29 18:03:27', '2025-09-30 16:45:00'),
(26, 20, '2025-10-01', '00:06:17', '09:34:26', 'Early', 'uploads/attendance/20_1759255577.jpg', 'uploads/attendance/20_1759289666.jpg', '23.8556998,88.7777519', '23.8557023,88.7777639', '2025-09-30 18:06:17', '2025-10-01 03:34:26'),
(27, 17, '2025-10-01', '09:33:41', NULL, 'Late', 'uploads/attendance/17_1759289621.jpg', NULL, '23.8557033,88.7777607', NULL, '2025-10-01 03:33:41', '2025-10-01 03:33:41'),
(28, 17, '2025-10-02', '09:05:48', NULL, 'Late', 'uploads/attendance/17_1759374348.jpg', NULL, '23.8615937,88.7783331', NULL, '2025-10-02 03:05:48', '2025-10-02 03:05:48'),
(29, 20, '2025-10-02', '09:06:19', NULL, 'Late', 'uploads/attendance/20_1759374379.jpg', NULL, '23.8615937,88.7783331', NULL, '2025-10-02 03:06:19', '2025-10-02 03:06:19'),
(30, 17, '2025-10-04', '10:05:52', '13:09:28', 'Late', 'uploads/attendance/17_1759550752.jpg', 'uploads/attendance/17_1759561768.jpg', '23.8616225,88.7781284', '23.8615787,88.778336', '2025-10-04 04:05:52', '2025-10-04 07:09:28'),
(31, 20, '2025-10-04', '10:07:18', '13:08:56', 'Late', 'uploads/attendance/20_1759550838.jpg', 'uploads/attendance/20_1759561736.jpg', '23.8616225,88.7781284', '23.8615787,88.778336', '2025-10-04 04:07:18', '2025-10-04 07:08:56'),
(32, 17, '2025-10-05', '21:33:58', NULL, 'Late', 'uploads/attendance/17_1759678438.jpg', NULL, '23.8557037,88.7777644', NULL, '2025-10-05 15:33:58', '2025-10-05 15:33:58');

-- --------------------------------------------------------

--
-- Table structure for table `teacher_evaluations`
--

CREATE TABLE `teacher_evaluations` (
  `id` int NOT NULL,
  `teacher_id` int NOT NULL,
  `student_id` int NOT NULL,
  `class_id` int NOT NULL,
  `section_id` int NOT NULL,
  `evaluation_date` date NOT NULL,
  `rating` int NOT NULL,
  `comments` text CHARACTER SET utf8mb4 COLLATE utf8mb4_general_ci,
  `created_at` timestamp NOT NULL DEFAULT CURRENT_TIMESTAMP,
  `updated_at` timestamp NOT NULL DEFAULT CURRENT_TIMESTAMP ON UPDATE CURRENT_TIMESTAMP
) ENGINE=InnoDB DEFAULT CHARSET=utf8mb4 COLLATE=utf8mb4_general_ci;

-- --------------------------------------------------------

--
-- Stand-in structure for view `teacher_list_view`
-- (See below for the actual view)
--
CREATE TABLE `teacher_list_view` (
`id` int
,`username` varchar(50)
,`email` varchar(100)
,`phone` varchar(20)
,`full_name` varchar(100)
,`address` text
,`status` enum('active','inactive')
,`user_photo` varchar(255)
,`profile_photo` varchar(255)
,`father_name` varchar(255)
,`mother_name` varchar(255)
,`date_of_birth` date
,`gender` enum('male','female','other')
,`blood_group` enum('A+','A-','B+','B-','AB+','AB-','O+','O-')
,`religion` enum('Islam','Hinduism','Christianity','Buddhism','Other')
,`joining_date` date
,`qualification` text
,`experience` text
,`total_classes` bigint
,`total_subjects` bigint
,`created_at` timestamp
,`updated_at` timestamp
);

-- --------------------------------------------------------

--
-- Table structure for table `teacher_profiles`
--

CREATE TABLE `teacher_profiles` (
  `id` int NOT NULL,
  `teacher_id` int NOT NULL,
  `father_name` varchar(255) CHARACTER SET utf8mb3 COLLATE utf8mb3_unicode_ci DEFAULT NULL,
  `mother_name` varchar(255) CHARACTER SET utf8mb3 COLLATE utf8mb3_unicode_ci DEFAULT NULL,
  `date_of_birth` date DEFAULT NULL,
  `gender` enum('male','female','other') CHARACTER SET utf8mb3 COLLATE utf8mb3_unicode_ci DEFAULT NULL,
  `blood_group` enum('A+','A-','B+','B-','AB+','AB-','O+','O-') CHARACTER SET utf8mb3 COLLATE utf8mb3_unicode_ci DEFAULT NULL,
  `religion` enum('Islam','Hinduism','Christianity','Buddhism','Other') CHARACTER SET utf8mb3 COLLATE utf8mb3_unicode_ci DEFAULT NULL,
  `address` text CHARACTER SET utf8mb3 COLLATE utf8mb3_unicode_ci,
  `joining_date` date DEFAULT NULL,
  `qualification` text CHARACTER SET utf8mb3 COLLATE utf8mb3_unicode_ci,
  `experience` text CHARACTER SET utf8mb3 COLLATE utf8mb3_unicode_ci,
  `photo` varchar(255) CHARACTER SET utf8mb3 COLLATE utf8mb3_unicode_ci DEFAULT NULL,
  `created_at` timestamp NULL DEFAULT CURRENT_TIMESTAMP,
  `updated_at` timestamp NULL DEFAULT CURRENT_TIMESTAMP
) ENGINE=InnoDB DEFAULT CHARSET=utf8mb4 COLLATE=utf8mb4_general_ci;

--
-- Dumping data for table `teacher_profiles`
--

INSERT INTO `teacher_profiles` (`id`, `teacher_id`, `father_name`, `mother_name`, `date_of_birth`, `gender`, `blood_group`, `religion`, `address`, `joining_date`, `qualification`, `experience`, `photo`, `created_at`, `updated_at`) VALUES
(2, 3, 'মো: আব্দুল করিম', 'রহিমা বেগম', '1980-11-20', 'male', 'B+', 'Islam', 'গুলশান, ঢাকা', '2012-03-05', 'বিএড, এমএসসি (গণিত)', '১৫ বছর', NULL, '2025-09-08 15:57:07', '2025-09-08 15:57:07'),
(7, 14, 'খেদের আলী', 'মিনিয়ারা বেগম', '1996-06-20', 'male', 'O+', 'Islam', 'জোড়পুকুরিয়া, গাংনী, মেহেরপুর', '2025-09-01', 'এমবিএ', '১০ বছর', NULL, '2025-09-08 17:00:19', '2025-09-08 17:00:19'),
(8, 17, 'Ggsn', 'Fkvbu', '1996-07-20', 'male', 'B-', 'Islam', 'Hhv', '2025-09-11', '15bhgv', 'Dvbh', NULL, '2025-09-12 16:39:33', '2025-09-12 16:39:33'),
(9, 18, '', '', '2025-09-07', 'male', 'A-', 'Islam', '', '2025-09-16', '', '', NULL, '2025-09-14 18:57:37', '2025-09-14 18:57:37'),
(10, 20, '', '', '2025-09-04', 'male', 'A-', 'Islam', '', '2025-09-04', '', '', NULL, '2025-09-18 17:35:43', '2025-09-18 17:35:43');

-- --------------------------------------------------------

--
-- Table structure for table `users`
--

CREATE TABLE `users` (
  `id` int NOT NULL,
  `username` varchar(50) CHARACTER SET utf8mb4 COLLATE utf8mb4_general_ci NOT NULL,
  `password` varchar(255) CHARACTER SET utf8mb4 COLLATE utf8mb4_general_ci NOT NULL,
  `role` enum('super_admin','teacher','guardian') CHARACTER SET utf8mb4 COLLATE utf8mb4_general_ci NOT NULL,
  `email` varchar(100) CHARACTER SET utf8mb4 COLLATE utf8mb4_general_ci DEFAULT NULL,
  `phone` varchar(20) CHARACTER SET utf8mb4 COLLATE utf8mb4_general_ci DEFAULT NULL,
  `full_name` varchar(100) CHARACTER SET utf8mb4 COLLATE utf8mb4_general_ci NOT NULL,
  `address` text CHARACTER SET utf8mb4 COLLATE utf8mb4_general_ci,
  `photo` varchar(255) CHARACTER SET utf8mb4 COLLATE utf8mb4_general_ci DEFAULT NULL,
  `status` enum('active','inactive') CHARACTER SET utf8mb4 COLLATE utf8mb4_general_ci DEFAULT 'active',
  `last_login` timestamp NULL DEFAULT NULL,
  `created_at` timestamp NOT NULL DEFAULT CURRENT_TIMESTAMP,
  `updated_at` timestamp NOT NULL DEFAULT CURRENT_TIMESTAMP ON UPDATE CURRENT_TIMESTAMP
) ENGINE=InnoDB DEFAULT CHARSET=utf8mb4 COLLATE=utf8mb4_general_ci;

--
-- Dumping data for table `users`
--

INSERT INTO `users` (`id`, `username`, `password`, `role`, `email`, `phone`, `full_name`, `address`, `photo`, `status`, `last_login`, `created_at`, `updated_at`) VALUES
(1, 'admin', '$2y$10$92IXUNpkjO0rOQ5byMi.Ye4oKoEa3Ro9llC/.og/at2.uheWG/igi', 'super_admin', 'admin@school.com', '+8801XXXXXXXXX', 'সুপার অ্যাডমিন', NULL, 'user_1_1758039436.jpeg', 'active', NULL, '2025-09-07 18:32:53', '2025-09-16 16:17:16'),
(3, 'karim', '$2y$10$92IXUNpkjO0rOQ5byMi.Ye4oKoEa3Ro9llC/.og/at2.uheWG/igi', 'teacher', 'karim@school.com', '01722222222', 'করিম উদ্দিন', 'গুলশান, ঢাকা', '1757349604_erasebg-transformed (19) (1).png', '', NULL, '2025-09-08 15:57:07', '2025-09-19 15:06:11'),
(14, 'abul', '$2y$10$La66X.OPwkLTvurU8jaR6eKL7l1xCnNiTprjB5g/jnbLtNiMwMXOq', 'teacher', 'abul@mail.com', '017885926363', 'আবুল হোসেন', 'জোড়পুকুরিয়া, গাংনী, মেহেরপুর', '1757350819_1757310266070.jpg', '', NULL, '2025-09-08 17:00:19', '2025-09-19 15:06:02'),
(17, 'sun.halim', '$2y$10$iG4i23M270oY58t34ibXT.pisXbrtcb4a9GnRzRp5nKz3zl/e.HDS', 'teacher', 'halimtalk9@gmail.com', '01762396713', 'আব্দুল হালিম', 'Hhv', '1758230291_halim.jpg', 'active', NULL, '2025-09-12 16:39:33', '2025-09-18 21:18:11'),
(18, 'sun.lalon', '$2y$10$h3HQ3EzzVMocAa49PzTI/OTZGg.ePNFpiAkTjR0cweO5Fgx9arMlq', 'teacher', 'lalon@site.com', '0176239673', 'Lalon', '', '1757876257_jss_logo.png', '', NULL, '2025-09-14 18:57:37', '2025-09-19 15:05:50'),
(20, 'sun.rafi', '$2y$10$OxPwu02eSnyyWJdb/A.wzu5hLBtOIO/BPEG97049JdQZ4IsJJBQEq', 'teacher', 'rafi@hfsh.com', '01722113324', 'নিশাত আমান রাফি', '', '1758216943_12.jpg', 'active', NULL, '2025-09-18 17:35:43', '2025-09-20 04:51:55'),
(21, 'STU20253073', '$2y$10$lhgkISXN8QpdQZpfisap2uDl8d8uxihND2HSei3Jen49FEmlZMYRC', 'guardian', '', '01603321944', 'সামসুল আমান সেন্টু', 'জোড়পুকুরিয়া, গাংনী, মেহেরপুর', NULL, 'active', NULL, '2025-09-22 07:42:48', '2025-09-22 07:42:48'),
(22, 'STU20253711', '$2y$10$WpM1c8sKg2QvkrqQ73Rf9.TdAwKxjDU9m5p4gZQEQdJZyEtkZjpQ.', 'guardian', '', '01319447505', 'মোঃ আফিরুল ইসলাম', 'জোড়পুকুরিয়া', NULL, 'active', NULL, '2025-09-23 06:35:06', '2025-09-23 06:35:06'),
(23, 'STU20259367', '$2y$10$5pikRNQ5DSYRG9ah9KyYTOJHYpUZM9BVCPm0CDHamFpGK0MRXLRkK', 'guardian', '', '01885926363', 'খাদিজা খাতুন', 'জোড়পুকুরিয়া, গাংনী, মেহেরপুর', NULL, 'active', NULL, '2025-09-23 14:03:58', '2025-09-23 14:03:58');

-- --------------------------------------------------------

--
-- Table structure for table `weekly_holidays`
--

CREATE TABLE `weekly_holidays` (
  `id` int NOT NULL,
  `day_name` varchar(20) CHARACTER SET utf8mb3 NOT NULL,
  `day_number` tinyint(1) NOT NULL COMMENT '1=Sunday, 2=Monday, ..., 7=Saturday',
  `status` enum('active','inactive') CHARACTER SET utf8mb3 NOT NULL DEFAULT 'active',
  `created_at` timestamp NOT NULL DEFAULT CURRENT_TIMESTAMP,
  `updated_at` timestamp NOT NULL DEFAULT CURRENT_TIMESTAMP ON UPDATE CURRENT_TIMESTAMP
) ENGINE=InnoDB DEFAULT CHARSET=utf8mb4 COLLATE=utf8mb4_general_ci;

--
-- Dumping data for table `weekly_holidays`
--

INSERT INTO `weekly_holidays` (`id`, `day_name`, `day_number`, `status`, `created_at`, `updated_at`) VALUES
(1, 'রবিবার', 7, 'inactive', '2025-09-08 19:37:38', '2025-09-12 07:51:21'),
(2, 'সোমবার', 1, 'inactive', '2025-09-08 19:37:38', '2025-09-12 07:51:02'),
(3, 'মঙ্গলবার', 2, 'inactive', '2025-09-08 19:37:38', '2025-09-12 07:51:05'),
(4, 'বুধবার', 3, 'inactive', '2025-09-08 19:37:38', '2025-09-12 07:51:08'),
(5, 'বৃহস্পতিবার', 4, 'inactive', '2025-09-08 19:37:38', '2025-09-12 07:51:39'),
(6, 'শুক্রবার', 5, 'active', '2025-09-08 19:37:38', '2025-09-21 20:35:18'),
(7, 'শনিবার', 6, 'active', '2025-09-08 19:37:38', '2025-09-21 20:35:18');

-- --------------------------------------------------------

--
-- Structure for view `teacher_list_view`
--
DROP TABLE IF EXISTS `teacher_list_view`;

CREATE ALGORITHM=UNDEFINED DEFINER=`jorepuku`@`localhost` SQL SECURITY DEFINER VIEW `teacher_list_view`  AS SELECT `u`.`id` AS `id`, `u`.`username` AS `username`, `u`.`email` AS `email`, `u`.`phone` AS `phone`, `u`.`full_name` AS `full_name`, `u`.`address` AS `address`, `u`.`status` AS `status`, `u`.`photo` AS `user_photo`, `tp`.`photo` AS `profile_photo`, `tp`.`father_name` AS `father_name`, `tp`.`mother_name` AS `mother_name`, `tp`.`date_of_birth` AS `date_of_birth`, `tp`.`gender` AS `gender`, `tp`.`blood_group` AS `blood_group`, `tp`.`religion` AS `religion`, `tp`.`joining_date` AS `joining_date`, `tp`.`qualification` AS `qualification`, `tp`.`experience` AS `experience`, count(distinct `ct`.`class_id`) AS `total_classes`, count(distinct `cst`.`subject_id`) AS `total_subjects`, `u`.`created_at` AS `created_at`, `u`.`updated_at` AS `updated_at` FROM (((`users` `u` left join `teacher_profiles` `tp` on((`u`.`id` = `tp`.`teacher_id`))) left join `class_teachers` `ct` on((`u`.`id` = `ct`.`teacher_id`))) left join `class_subject_teachers` `cst` on((`u`.`id` = `cst`.`teacher_id`))) WHERE (`u`.`role` = 'teacher') GROUP BY `u`.`id` ;

--
-- Indexes for dumped tables
--

--
-- Indexes for table `academic_years`
--
ALTER TABLE `academic_years`
  ADD PRIMARY KEY (`id`);

--
-- Indexes for table `attendance`
--
ALTER TABLE `attendance`
  ADD PRIMARY KEY (`id`),
  ADD KEY `student_id` (`student_id`),
  ADD KEY `class_id` (`class_id`),
  ADD KEY `section_id` (`section_id`),
  ADD KEY `recorded_by` (`recorded_by`);

--
-- Indexes for table `classes`
--
ALTER TABLE `classes`
  ADD PRIMARY KEY (`id`),
  ADD KEY `class_teacher_id` (`class_teacher_id`);

--
-- Indexes for table `class_periods`
--
ALTER TABLE `class_periods`
  ADD PRIMARY KEY (`id`),
  ADD UNIQUE KEY `class_id` (`class_id`,`section_id`);

--
-- Indexes for table `class_subjects`
--
ALTER TABLE `class_subjects`
  ADD PRIMARY KEY (`id`);

--
-- Indexes for table `class_subject_teachers`
--
ALTER TABLE `class_subject_teachers`
  ADD PRIMARY KEY (`id`),
  ADD UNIQUE KEY `unique_class_subject_teacher` (`class_id`,`subject_id`,`teacher_id`),
  ADD KEY `subject_id` (`subject_id`),
  ADD KEY `teacher_id` (`teacher_id`);

--
-- Indexes for table `class_teachers`
--
ALTER TABLE `class_teachers`
  ADD PRIMARY KEY (`id`),
  ADD UNIQUE KEY `unique_class_teacher` (`class_id`,`teacher_id`),
  ADD KEY `teacher_id` (`teacher_id`);

--
-- Indexes for table `events`
--
ALTER TABLE `events`
  ADD PRIMARY KEY (`id`),
  ADD KEY `created_by` (`created_by`);

--
-- Indexes for table `exams`
--
ALTER TABLE `exams`
  ADD PRIMARY KEY (`id`),
  ADD KEY `class_id` (`class_id`),
  ADD KEY `exam_type_id` (`exam_type_id`);

--
-- Indexes for table `exam_heads`
--
ALTER TABLE `exam_heads`
  ADD PRIMARY KEY (`id`),
  ADD UNIQUE KEY `code` (`code`);

--
-- Indexes for table `exam_results`
--
ALTER TABLE `exam_results`
  ADD PRIMARY KEY (`id`),
  ADD KEY `exam_id` (`exam_id`),
  ADD KEY `student_id` (`student_id`);

--
-- Indexes for table `exam_result_rules`
--
ALTER TABLE `exam_result_rules`
  ADD PRIMARY KEY (`id`);

--
-- Indexes for table `exam_settings`
--
ALTER TABLE `exam_settings`
  ADD PRIMARY KEY (`id`);

--
-- Indexes for table `exam_subjects`
--
ALTER TABLE `exam_subjects`
  ADD PRIMARY KEY (`id`),
  ADD KEY `exam_id` (`exam_id`),
  ADD KEY `subject_id` (`subject_id`);

--
-- Indexes for table `exam_types`
--
ALTER TABLE `exam_types`
  ADD PRIMARY KEY (`id`),
  ADD UNIQUE KEY `code` (`code`);

--
-- Indexes for table `fee_categories`
--
ALTER TABLE `fee_categories`
  ADD PRIMARY KEY (`id`);

--
-- Indexes for table `fee_payments`
--
ALTER TABLE `fee_payments`
  ADD PRIMARY KEY (`id`),
  ADD KEY `student_id` (`student_id`),
  ADD KEY `fee_structure_id` (`fee_structure_id`),
  ADD KEY `collected_by` (`collected_by`);

--
-- Indexes for table `fee_structures`
--
ALTER TABLE `fee_structures`
  ADD PRIMARY KEY (`id`),
  ADD KEY `class_id` (`class_id`),
  ADD KEY `fee_category_id` (`fee_category_id`);

--
-- Indexes for table `guardian_relations`
--
ALTER TABLE `guardian_relations`
  ADD PRIMARY KEY (`id`);

--
-- Indexes for table `holidays`
--
ALTER TABLE `holidays`
  ADD PRIMARY KEY (`id`),
  ADD UNIQUE KEY `date` (`date`);

--
-- Indexes for table `homework`
--
ALTER TABLE `homework`
  ADD PRIMARY KEY (`id`),
  ADD KEY `class_id` (`class_id`),
  ADD KEY `section_id` (`section_id`),
  ADD KEY `created_by` (`created_by`);

--
-- Indexes for table `leave_applications`
--
ALTER TABLE `leave_applications`
  ADD PRIMARY KEY (`id`),
  ADD KEY `student_id` (`student_id`),
  ADD KEY `guardian_id` (`guardian_id`),
  ADD KEY `approved_by` (`approved_by`);

--
-- Indexes for table `lesson_evaluation`
--
ALTER TABLE `lesson_evaluation`
  ADD PRIMARY KEY (`id`),
  ADD KEY `teacher_id` (`teacher_id`),
  ADD KEY `class_id` (`class_id`),
  ADD KEY `section_id` (`section_id`);

--
-- Indexes for table `marks`
--
ALTER TABLE `marks`
  ADD PRIMARY KEY (`id`),
  ADD UNIQUE KEY `ux_marks_student_subject` (`exam_subject_id`,`student_id`),
  ADD KEY `student_id` (`student_id`),
  ADD KEY `idx_marks_exam_subject` (`exam_id`,`exam_subject_id`);

--
-- Indexes for table `notices`
--
ALTER TABLE `notices`
  ADD PRIMARY KEY (`id`),
  ADD KEY `created_by` (`created_by`);

--
-- Indexes for table `routines`
--
ALTER TABLE `routines`
  ADD PRIMARY KEY (`id`),
  ADD KEY `class_id` (`class_id`),
  ADD KEY `section_id` (`section_id`),
  ADD KEY `subject_id` (`subject_id`),
  ADD KEY `teacher_id` (`teacher_id`);

--
-- Indexes for table `school_info`
--
ALTER TABLE `school_info`
  ADD PRIMARY KEY (`id`);

--
-- Indexes for table `sections`
--
ALTER TABLE `sections`
  ADD PRIMARY KEY (`id`),
  ADD KEY `class_id` (`class_id`),
  ADD KEY `section_teacher_id` (`section_teacher_id`);

--
-- Indexes for table `settings`
--
ALTER TABLE `settings`
  ADD PRIMARY KEY (`key`);

--
-- Indexes for table `sms_logs`
--
ALTER TABLE `sms_logs`
  ADD PRIMARY KEY (`id`),
  ADD KEY `idx_student_created` (`student_id`,`created_at`),
  ADD KEY `idx_mobile_created` (`mobile`,`created_at`),
  ADD KEY `idx_status_created` (`status`,`created_at`);

--
-- Indexes for table `sms_templates`
--
ALTER TABLE `sms_templates`
  ADD PRIMARY KEY (`id`);

--
-- Indexes for table `students`
--
ALTER TABLE `students`
  ADD PRIMARY KEY (`id`),
  ADD UNIQUE KEY `student_id` (`student_id`),
  ADD KEY `class_id` (`class_id`),
  ADD KEY `section_id` (`section_id`),
  ADD KEY `guardian_id` (`guardian_id`);

--
-- Indexes for table `student_subjects`
--
ALTER TABLE `student_subjects`
  ADD PRIMARY KEY (`id`),
  ADD UNIQUE KEY `unique_student_subject` (`student_id`,`subject_id`),
  ADD KEY `student_id` (`student_id`),
  ADD KEY `class_id` (`class_id`),
  ADD KEY `subject_id` (`subject_id`);

--
-- Indexes for table `subjects`
--
ALTER TABLE `subjects`
  ADD PRIMARY KEY (`id`),
  ADD UNIQUE KEY `code` (`code`);

--
-- Indexes for table `tabulation_cache`
--
ALTER TABLE `tabulation_cache`
  ADD PRIMARY KEY (`id`),
  ADD UNIQUE KEY `ux_tab_exam_student` (`exam_id`,`student_id`),
  ADD KEY `student_id` (`student_id`);

--
-- Indexes for table `teacher_attendance`
--
ALTER TABLE `teacher_attendance`
  ADD PRIMARY KEY (`id`),
  ADD KEY `teacher_id` (`teacher_id`);

--
-- Indexes for table `teacher_evaluations`
--
ALTER TABLE `teacher_evaluations`
  ADD PRIMARY KEY (`id`),
  ADD KEY `teacher_id` (`teacher_id`),
  ADD KEY `student_id` (`student_id`),
  ADD KEY `class_id` (`class_id`),
  ADD KEY `section_id` (`section_id`);

--
-- Indexes for table `teacher_profiles`
--
ALTER TABLE `teacher_profiles`
  ADD PRIMARY KEY (`id`),
  ADD UNIQUE KEY `unique_teacher_profile` (`teacher_id`);

--
-- Indexes for table `users`
--
ALTER TABLE `users`
  ADD PRIMARY KEY (`id`),
  ADD UNIQUE KEY `username` (`username`);

--
-- Indexes for table `weekly_holidays`
--
ALTER TABLE `weekly_holidays`
  ADD PRIMARY KEY (`id`),
  ADD UNIQUE KEY `day_number` (`day_number`);

--
-- AUTO_INCREMENT for dumped tables
--

--
-- AUTO_INCREMENT for table `academic_years`
--
ALTER TABLE `academic_years`
  MODIFY `id` int NOT NULL AUTO_INCREMENT, AUTO_INCREMENT=2;

--
-- AUTO_INCREMENT for table `attendance`
--
ALTER TABLE `attendance`
  MODIFY `id` int NOT NULL AUTO_INCREMENT, AUTO_INCREMENT=733;

--
-- AUTO_INCREMENT for table `classes`
--
ALTER TABLE `classes`
  MODIFY `id` int NOT NULL AUTO_INCREMENT, AUTO_INCREMENT=11;

--
-- AUTO_INCREMENT for table `class_periods`
--
ALTER TABLE `class_periods`
  MODIFY `id` int NOT NULL AUTO_INCREMENT, AUTO_INCREMENT=17;

--
-- AUTO_INCREMENT for table `class_subjects`
--
ALTER TABLE `class_subjects`
  MODIFY `id` int NOT NULL AUTO_INCREMENT, AUTO_INCREMENT=45;

--
-- AUTO_INCREMENT for table `class_subject_teachers`
--
ALTER TABLE `class_subject_teachers`
  MODIFY `id` int NOT NULL AUTO_INCREMENT, AUTO_INCREMENT=119;

--
-- AUTO_INCREMENT for table `class_teachers`
--
ALTER TABLE `class_teachers`
  MODIFY `id` int NOT NULL AUTO_INCREMENT, AUTO_INCREMENT=40;

--
-- AUTO_INCREMENT for table `events`
--
ALTER TABLE `events`
  MODIFY `id` int NOT NULL AUTO_INCREMENT;

--
-- AUTO_INCREMENT for table `exams`
--
ALTER TABLE `exams`
  MODIFY `id` int NOT NULL AUTO_INCREMENT, AUTO_INCREMENT=3;

--
-- AUTO_INCREMENT for table `exam_heads`
--
ALTER TABLE `exam_heads`
  MODIFY `id` int NOT NULL AUTO_INCREMENT, AUTO_INCREMENT=2;

--
-- AUTO_INCREMENT for table `exam_results`
--
ALTER TABLE `exam_results`
  MODIFY `id` int NOT NULL AUTO_INCREMENT;

--
-- AUTO_INCREMENT for table `exam_result_rules`
--
ALTER TABLE `exam_result_rules`
  MODIFY `id` int NOT NULL AUTO_INCREMENT, AUTO_INCREMENT=3;

--
-- AUTO_INCREMENT for table `exam_settings`
--
ALTER TABLE `exam_settings`
  MODIFY `id` int NOT NULL AUTO_INCREMENT;

--
-- AUTO_INCREMENT for table `exam_subjects`
--
ALTER TABLE `exam_subjects`
  MODIFY `id` int NOT NULL AUTO_INCREMENT, AUTO_INCREMENT=32;

--
-- AUTO_INCREMENT for table `exam_types`
--
ALTER TABLE `exam_types`
  MODIFY `id` int NOT NULL AUTO_INCREMENT, AUTO_INCREMENT=6;

--
-- AUTO_INCREMENT for table `fee_categories`
--
ALTER TABLE `fee_categories`
  MODIFY `id` int NOT NULL AUTO_INCREMENT, AUTO_INCREMENT=6;

--
-- AUTO_INCREMENT for table `fee_payments`
--
ALTER TABLE `fee_payments`
  MODIFY `id` int NOT NULL AUTO_INCREMENT;

--
-- AUTO_INCREMENT for table `fee_structures`
--
ALTER TABLE `fee_structures`
  MODIFY `id` int NOT NULL AUTO_INCREMENT;

--
-- AUTO_INCREMENT for table `guardian_relations`
--
ALTER TABLE `guardian_relations`
  MODIFY `id` int NOT NULL AUTO_INCREMENT, AUTO_INCREMENT=10;

--
-- AUTO_INCREMENT for table `holidays`
--
ALTER TABLE `holidays`
  MODIFY `id` int NOT NULL AUTO_INCREMENT, AUTO_INCREMENT=10;

--
-- AUTO_INCREMENT for table `homework`
--
ALTER TABLE `homework`
  MODIFY `id` int NOT NULL AUTO_INCREMENT, AUTO_INCREMENT=2;

--
-- AUTO_INCREMENT for table `leave_applications`
--
ALTER TABLE `leave_applications`
  MODIFY `id` int NOT NULL AUTO_INCREMENT;

--
-- AUTO_INCREMENT for table `lesson_evaluation`
--
ALTER TABLE `lesson_evaluation`
  MODIFY `id` int NOT NULL AUTO_INCREMENT, AUTO_INCREMENT=15;

--
-- AUTO_INCREMENT for table `marks`
--
ALTER TABLE `marks`
  MODIFY `id` int NOT NULL AUTO_INCREMENT, AUTO_INCREMENT=92;

--
-- AUTO_INCREMENT for table `notices`
--
ALTER TABLE `notices`
  MODIFY `id` int NOT NULL AUTO_INCREMENT;

--
-- AUTO_INCREMENT for table `routines`
--
ALTER TABLE `routines`
  MODIFY `id` int NOT NULL AUTO_INCREMENT, AUTO_INCREMENT=14;

--
-- AUTO_INCREMENT for table `school_info`
--
ALTER TABLE `school_info`
  MODIFY `id` int NOT NULL AUTO_INCREMENT, AUTO_INCREMENT=2;

--
-- AUTO_INCREMENT for table `sections`
--
ALTER TABLE `sections`
  MODIFY `id` int NOT NULL AUTO_INCREMENT, AUTO_INCREMENT=18;

--
-- AUTO_INCREMENT for table `sms_logs`
--
ALTER TABLE `sms_logs`
  MODIFY `id` bigint UNSIGNED NOT NULL AUTO_INCREMENT, AUTO_INCREMENT=49;

--
-- AUTO_INCREMENT for table `sms_templates`
--
ALTER TABLE `sms_templates`
  MODIFY `id` int NOT NULL AUTO_INCREMENT, AUTO_INCREMENT=6;

--
-- AUTO_INCREMENT for table `students`
--
ALTER TABLE `students`
  MODIFY `id` int NOT NULL AUTO_INCREMENT, AUTO_INCREMENT=177;

--
-- AUTO_INCREMENT for table `student_subjects`
--
ALTER TABLE `student_subjects`
  MODIFY `id` int NOT NULL AUTO_INCREMENT, AUTO_INCREMENT=75;

--
-- AUTO_INCREMENT for table `subjects`
--
ALTER TABLE `subjects`
  MODIFY `id` int NOT NULL AUTO_INCREMENT, AUTO_INCREMENT=14;

--
-- AUTO_INCREMENT for table `tabulation_cache`
--
ALTER TABLE `tabulation_cache`
  MODIFY `id` int NOT NULL AUTO_INCREMENT, AUTO_INCREMENT=35;

--
-- AUTO_INCREMENT for table `teacher_attendance`
--
ALTER TABLE `teacher_attendance`
  MODIFY `id` int NOT NULL AUTO_INCREMENT, AUTO_INCREMENT=33;

--
-- AUTO_INCREMENT for table `teacher_evaluations`
--
ALTER TABLE `teacher_evaluations`
  MODIFY `id` int NOT NULL AUTO_INCREMENT;

--
-- AUTO_INCREMENT for table `teacher_profiles`
--
ALTER TABLE `teacher_profiles`
  MODIFY `id` int NOT NULL AUTO_INCREMENT, AUTO_INCREMENT=11;

--
-- AUTO_INCREMENT for table `users`
--
ALTER TABLE `users`
  MODIFY `id` int NOT NULL AUTO_INCREMENT, AUTO_INCREMENT=24;

--
-- AUTO_INCREMENT for table `weekly_holidays`
--
ALTER TABLE `weekly_holidays`
  MODIFY `id` int NOT NULL AUTO_INCREMENT, AUTO_INCREMENT=8;

--
-- Constraints for dumped tables
--

--
-- Constraints for table `attendance`
--
ALTER TABLE `attendance`
  ADD CONSTRAINT `attendance_ibfk_1` FOREIGN KEY (`student_id`) REFERENCES `students` (`id`) ON DELETE CASCADE,
  ADD CONSTRAINT `attendance_ibfk_2` FOREIGN KEY (`class_id`) REFERENCES `classes` (`id`),
  ADD CONSTRAINT `attendance_ibfk_3` FOREIGN KEY (`section_id`) REFERENCES `sections` (`id`),
  ADD CONSTRAINT `attendance_ibfk_4` FOREIGN KEY (`recorded_by`) REFERENCES `users` (`id`);

--
-- Constraints for table `classes`
--
ALTER TABLE `classes`
  ADD CONSTRAINT `classes_ibfk_1` FOREIGN KEY (`class_teacher_id`) REFERENCES `users` (`id`) ON DELETE SET NULL;

--
-- Constraints for table `class_subject_teachers`
--
ALTER TABLE `class_subject_teachers`
  ADD CONSTRAINT `class_subject_teachers_ibfk_1` FOREIGN KEY (`class_id`) REFERENCES `classes` (`id`) ON DELETE CASCADE,
  ADD CONSTRAINT `class_subject_teachers_ibfk_2` FOREIGN KEY (`subject_id`) REFERENCES `subjects` (`id`) ON DELETE CASCADE,
  ADD CONSTRAINT `class_subject_teachers_ibfk_3` FOREIGN KEY (`teacher_id`) REFERENCES `users` (`id`) ON DELETE CASCADE;

--
-- Constraints for table `class_teachers`
--
ALTER TABLE `class_teachers`
  ADD CONSTRAINT `class_teachers_ibfk_1` FOREIGN KEY (`class_id`) REFERENCES `classes` (`id`) ON DELETE CASCADE,
  ADD CONSTRAINT `class_teachers_ibfk_2` FOREIGN KEY (`teacher_id`) REFERENCES `users` (`id`) ON DELETE CASCADE;

--
-- Constraints for table `events`
--
ALTER TABLE `events`
  ADD CONSTRAINT `events_ibfk_1` FOREIGN KEY (`created_by`) REFERENCES `users` (`id`);

--
-- Constraints for table `exams`
--
ALTER TABLE `exams`
  ADD CONSTRAINT `exams_ibfk_1` FOREIGN KEY (`class_id`) REFERENCES `classes` (`id`) ON DELETE CASCADE,
  ADD CONSTRAINT `exams_ibfk_2` FOREIGN KEY (`exam_type_id`) REFERENCES `exam_types` (`id`) ON DELETE CASCADE;

--
-- Constraints for table `exam_results`
--
ALTER TABLE `exam_results`
  ADD CONSTRAINT `exam_results_ibfk_1` FOREIGN KEY (`exam_id`) REFERENCES `exams` (`id`) ON DELETE CASCADE,
  ADD CONSTRAINT `exam_results_ibfk_2` FOREIGN KEY (`student_id`) REFERENCES `students` (`id`) ON DELETE CASCADE;

--
-- Constraints for table `exam_subjects`
--
ALTER TABLE `exam_subjects`
  ADD CONSTRAINT `exam_subjects_ibfk_1` FOREIGN KEY (`exam_id`) REFERENCES `exams` (`id`) ON DELETE CASCADE,
  ADD CONSTRAINT `exam_subjects_ibfk_2` FOREIGN KEY (`subject_id`) REFERENCES `subjects` (`id`) ON DELETE CASCADE;

--
-- Constraints for table `fee_payments`
--
ALTER TABLE `fee_payments`
  ADD CONSTRAINT `fee_payments_ibfk_1` FOREIGN KEY (`student_id`) REFERENCES `students` (`id`),
  ADD CONSTRAINT `fee_payments_ibfk_2` FOREIGN KEY (`fee_structure_id`) REFERENCES `fee_structures` (`id`),
  ADD CONSTRAINT `fee_payments_ibfk_3` FOREIGN KEY (`collected_by`) REFERENCES `users` (`id`);

--
-- Constraints for table `fee_structures`
--
ALTER TABLE `fee_structures`
  ADD CONSTRAINT `fee_structures_ibfk_1` FOREIGN KEY (`class_id`) REFERENCES `classes` (`id`),
  ADD CONSTRAINT `fee_structures_ibfk_2` FOREIGN KEY (`fee_category_id`) REFERENCES `fee_categories` (`id`);

--
-- Constraints for table `homework`
--
ALTER TABLE `homework`
  ADD CONSTRAINT `homework_ibfk_1` FOREIGN KEY (`class_id`) REFERENCES `classes` (`id`),
  ADD CONSTRAINT `homework_ibfk_2` FOREIGN KEY (`section_id`) REFERENCES `sections` (`id`),
  ADD CONSTRAINT `homework_ibfk_3` FOREIGN KEY (`created_by`) REFERENCES `users` (`id`);

--
-- Constraints for table `leave_applications`
--
ALTER TABLE `leave_applications`
  ADD CONSTRAINT `leave_applications_ibfk_1` FOREIGN KEY (`student_id`) REFERENCES `students` (`id`),
  ADD CONSTRAINT `leave_applications_ibfk_2` FOREIGN KEY (`guardian_id`) REFERENCES `users` (`id`),
  ADD CONSTRAINT `leave_applications_ibfk_3` FOREIGN KEY (`approved_by`) REFERENCES `users` (`id`);

--
-- Constraints for table `lesson_evaluation`
--
ALTER TABLE `lesson_evaluation`
  ADD CONSTRAINT `lesson_evaluation_ibfk_1` FOREIGN KEY (`teacher_id`) REFERENCES `users` (`id`),
  ADD CONSTRAINT `lesson_evaluation_ibfk_2` FOREIGN KEY (`class_id`) REFERENCES `classes` (`id`),
  ADD CONSTRAINT `lesson_evaluation_ibfk_3` FOREIGN KEY (`section_id`) REFERENCES `sections` (`id`);

--
-- Constraints for table `marks`
--
ALTER TABLE `marks`
  ADD CONSTRAINT `marks_ibfk_1` FOREIGN KEY (`exam_id`) REFERENCES `exams` (`id`) ON DELETE CASCADE,
  ADD CONSTRAINT `marks_ibfk_2` FOREIGN KEY (`exam_subject_id`) REFERENCES `exam_subjects` (`id`) ON DELETE CASCADE,
  ADD CONSTRAINT `marks_ibfk_3` FOREIGN KEY (`student_id`) REFERENCES `students` (`id`) ON DELETE CASCADE;

--
-- Constraints for table `notices`
--
ALTER TABLE `notices`
  ADD CONSTRAINT `notices_ibfk_1` FOREIGN KEY (`created_by`) REFERENCES `users` (`id`);

--
-- Constraints for table `routines`
--
ALTER TABLE `routines`
  ADD CONSTRAINT `routines_ibfk_1` FOREIGN KEY (`class_id`) REFERENCES `classes` (`id`),
  ADD CONSTRAINT `routines_ibfk_2` FOREIGN KEY (`section_id`) REFERENCES `sections` (`id`),
  ADD CONSTRAINT `routines_ibfk_3` FOREIGN KEY (`subject_id`) REFERENCES `subjects` (`id`),
  ADD CONSTRAINT `routines_ibfk_4` FOREIGN KEY (`teacher_id`) REFERENCES `users` (`id`);

--
-- Constraints for table `sections`
--
ALTER TABLE `sections`
  ADD CONSTRAINT `sections_ibfk_1` FOREIGN KEY (`class_id`) REFERENCES `classes` (`id`) ON DELETE CASCADE,
  ADD CONSTRAINT `sections_ibfk_2` FOREIGN KEY (`section_teacher_id`) REFERENCES `users` (`id`) ON DELETE SET NULL;

--
-- Constraints for table `students`
--
ALTER TABLE `students`
  ADD CONSTRAINT `students_ibfk_1` FOREIGN KEY (`class_id`) REFERENCES `classes` (`id`),
  ADD CONSTRAINT `students_ibfk_2` FOREIGN KEY (`section_id`) REFERENCES `sections` (`id`),
  ADD CONSTRAINT `students_ibfk_3` FOREIGN KEY (`guardian_id`) REFERENCES `users` (`id`);

--
-- Constraints for table `tabulation_cache`
--
ALTER TABLE `tabulation_cache`
  ADD CONSTRAINT `tabulation_cache_ibfk_1` FOREIGN KEY (`exam_id`) REFERENCES `exams` (`id`) ON DELETE CASCADE,
  ADD CONSTRAINT `tabulation_cache_ibfk_2` FOREIGN KEY (`student_id`) REFERENCES `students` (`id`) ON DELETE CASCADE;

--
-- Constraints for table `teacher_attendance`
--
ALTER TABLE `teacher_attendance`
  ADD CONSTRAINT `teacher_attendance_ibfk_1` FOREIGN KEY (`teacher_id`) REFERENCES `users` (`id`) ON DELETE CASCADE;

--
-- Constraints for table `teacher_evaluations`
--
ALTER TABLE `teacher_evaluations`
  ADD CONSTRAINT `teacher_evaluations_ibfk_1` FOREIGN KEY (`teacher_id`) REFERENCES `users` (`id`),
  ADD CONSTRAINT `teacher_evaluations_ibfk_2` FOREIGN KEY (`student_id`) REFERENCES `students` (`id`),
  ADD CONSTRAINT `teacher_evaluations_ibfk_3` FOREIGN KEY (`class_id`) REFERENCES `classes` (`id`),
  ADD CONSTRAINT `teacher_evaluations_ibfk_4` FOREIGN KEY (`section_id`) REFERENCES `sections` (`id`);

--
-- Constraints for table `teacher_profiles`
--
ALTER TABLE `teacher_profiles`
  ADD CONSTRAINT `teacher_profiles_ibfk_1` FOREIGN KEY (`teacher_id`) REFERENCES `users` (`id`) ON DELETE CASCADE;
COMMIT;

/*!40101 SET CHARACTER_SET_CLIENT=@OLD_CHARACTER_SET_CLIENT */;
/*!40101 SET CHARACTER_SET_RESULTS=@OLD_CHARACTER_SET_RESULTS */;
/*!40101 SET COLLATION_CONNECTION=@OLD_COLLATION_CONNECTION */;
