-- phpMyAdmin SQL Dump
-- version 5.2.1
-- https://www.phpmyadmin.net/
--
-- Host: localhost:3306
-- Generation Time: Sep 13, 2025 at 11:04 PM
-- Server version: 8.0.40
-- PHP Version: 8.3.13

SET SQL_MODE = "NO_AUTO_VALUE_ON_ZERO";
START TRANSACTION;
SET time_zone = "+00:00";


/*!40101 SET @OLD_CHARACTER_SET_CLIENT=@@CHARACTER_SET_CLIENT */;
/*!40101 SET @OLD_CHARACTER_SET_RESULTS=@@CHARACTER_SET_RESULTS */;
/*!40101 SET @OLD_COLLATION_CONNECTION=@@COLLATION_CONNECTION */;
/*!40101 SET NAMES utf8mb4 */;

--
-- Database: `jorepuku_ksms`
--

-- --------------------------------------------------------

--
-- Table structure for table `academic_years`
--

CREATE TABLE `academic_years` (
  `id` int NOT NULL,
  `year` varchar(20) COLLATE utf8mb4_general_ci NOT NULL,
  `start_date` date NOT NULL,
  `end_date` date NOT NULL,
  `is_current` tinyint(1) DEFAULT '0',
  `created_at` timestamp NOT NULL DEFAULT CURRENT_TIMESTAMP,
  `updated_at` timestamp NOT NULL DEFAULT CURRENT_TIMESTAMP ON UPDATE CURRENT_TIMESTAMP
) ENGINE=InnoDB DEFAULT CHARSET=utf8mb4 COLLATE=utf8mb4_general_ci;

--
-- Dumping data for table `academic_years`
--

INSERT INTO `academic_years` (`id`, `year`, `start_date`, `end_date`, `is_current`, `created_at`, `updated_at`) VALUES
(1, '২০২৫', '2025-01-01', '2025-12-31', 1, '2025-09-07 18:32:53', '2025-09-08 13:53:24');

-- --------------------------------------------------------

--
-- Table structure for table `attendance`
--

CREATE TABLE `attendance` (
  `id` int NOT NULL,
  `student_id` int NOT NULL,
  `class_id` int NOT NULL,
  `section_id` int NOT NULL,
  `date` date NOT NULL,
  `status` enum('present','absent','late','half_day') COLLATE utf8mb4_general_ci NOT NULL,
  `remarks` text COLLATE utf8mb4_general_ci,
  `recorded_by` int NOT NULL,
  `created_at` timestamp NOT NULL DEFAULT CURRENT_TIMESTAMP,
  `updated_at` timestamp NOT NULL DEFAULT CURRENT_TIMESTAMP ON UPDATE CURRENT_TIMESTAMP
) ENGINE=InnoDB DEFAULT CHARSET=utf8mb4 COLLATE=utf8mb4_general_ci;

--
-- Dumping data for table `attendance`
--

INSERT INTO `attendance` (`id`, `student_id`, `class_id`, `section_id`, `date`, `status`, `remarks`, `recorded_by`, `created_at`, `updated_at`) VALUES
(1, 79, 7, 14, '2025-09-12', 'present', '', 1, '2025-09-12 01:31:58', '2025-09-12 01:31:58'),
(2, 80, 7, 14, '2025-09-12', 'present', '', 1, '2025-09-12 01:31:58', '2025-09-12 01:31:58'),
(3, 81, 7, 14, '2025-09-12', 'present', '', 1, '2025-09-12 01:31:58', '2025-09-12 01:31:58'),
(4, 82, 7, 14, '2025-09-12', 'absent', '', 1, '2025-09-12 01:31:58', '2025-09-12 01:31:58'),
(5, 83, 7, 14, '2025-09-12', 'present', '', 1, '2025-09-12 01:31:58', '2025-09-12 01:31:58'),
(6, 84, 7, 14, '2025-09-12', 'present', '', 1, '2025-09-12 01:31:58', '2025-09-12 01:31:58'),
(7, 85, 7, 14, '2025-09-12', 'present', '', 1, '2025-09-12 01:31:58', '2025-09-12 01:31:58'),
(8, 86, 7, 14, '2025-09-12', 'present', '', 1, '2025-09-12 01:31:58', '2025-09-12 01:31:58'),
(9, 87, 7, 14, '2025-09-12', 'present', '', 1, '2025-09-12 01:31:58', '2025-09-12 01:31:58'),
(10, 88, 7, 14, '2025-09-12', 'present', '', 1, '2025-09-12 01:31:58', '2025-09-12 01:31:58'),
(11, 89, 7, 14, '2025-09-12', 'present', '', 1, '2025-09-12 01:31:58', '2025-09-12 01:31:58'),
(12, 90, 7, 14, '2025-09-12', 'present', '', 1, '2025-09-12 01:31:58', '2025-09-12 01:31:58'),
(13, 91, 7, 14, '2025-09-12', 'present', '', 1, '2025-09-12 01:31:58', '2025-09-12 01:31:58'),
(14, 92, 7, 14, '2025-09-12', 'present', '', 1, '2025-09-12 01:31:58', '2025-09-12 01:31:58'),
(15, 93, 7, 14, '2025-09-12', 'present', '', 1, '2025-09-12 01:31:58', '2025-09-12 01:31:58'),
(16, 94, 7, 14, '2025-09-12', 'present', '', 1, '2025-09-12 01:31:58', '2025-09-12 01:31:58'),
(17, 95, 7, 14, '2025-09-12', 'late', '', 1, '2025-09-12 01:31:58', '2025-09-12 01:31:58'),
(18, 96, 7, 14, '2025-09-12', 'present', '', 1, '2025-09-12 01:31:58', '2025-09-12 01:31:58'),
(19, 97, 7, 14, '2025-09-12', 'present', '', 1, '2025-09-12 01:31:58', '2025-09-12 01:31:58'),
(20, 98, 7, 14, '2025-09-12', 'absent', 'মায়ের অসুস্থতার জন্য ছুটি ', 1, '2025-09-12 01:31:58', '2025-09-12 01:31:58'),
(21, 99, 7, 14, '2025-09-12', 'present', '', 1, '2025-09-12 01:31:58', '2025-09-12 01:31:58'),
(22, 79, 7, 14, '2025-09-18', 'present', '', 1, '2025-09-12 02:13:26', '2025-09-12 02:17:19'),
(23, 80, 7, 14, '2025-09-18', 'present', '', 1, '2025-09-12 02:13:26', '2025-09-12 02:17:19'),
(24, 81, 7, 14, '2025-09-18', 'present', '', 1, '2025-09-12 02:13:26', '2025-09-12 02:17:19'),
(25, 82, 7, 14, '2025-09-18', 'present', '', 1, '2025-09-12 02:13:26', '2025-09-12 02:17:19'),
(26, 83, 7, 14, '2025-09-18', 'absent', 'প্রধান শিক্ষক ছুটি দিয়েছে', 1, '2025-09-12 02:13:26', '2025-09-12 02:17:19'),
(27, 84, 7, 14, '2025-09-18', 'present', '', 1, '2025-09-12 02:13:26', '2025-09-12 02:17:19'),
(28, 85, 7, 14, '2025-09-18', 'present', '', 1, '2025-09-12 02:13:26', '2025-09-12 02:17:19'),
(29, 86, 7, 14, '2025-09-18', 'present', '', 1, '2025-09-12 02:13:26', '2025-09-12 02:17:19'),
(30, 87, 7, 14, '2025-09-18', 'present', '', 1, '2025-09-12 02:13:26', '2025-09-12 02:17:19'),
(31, 88, 7, 14, '2025-09-18', 'present', '', 1, '2025-09-12 02:13:26', '2025-09-12 02:17:19'),
(32, 89, 7, 14, '2025-09-18', 'present', '', 1, '2025-09-12 02:13:26', '2025-09-12 02:17:19'),
(33, 90, 7, 14, '2025-09-18', 'present', '', 1, '2025-09-12 02:13:26', '2025-09-12 02:17:19'),
(34, 91, 7, 14, '2025-09-18', 'present', '', 1, '2025-09-12 02:13:26', '2025-09-12 02:17:19'),
(35, 92, 7, 14, '2025-09-18', 'present', '', 1, '2025-09-12 02:13:26', '2025-09-12 02:17:19'),
(36, 93, 7, 14, '2025-09-18', 'present', '', 1, '2025-09-12 02:13:26', '2025-09-12 02:17:19'),
(37, 94, 7, 14, '2025-09-18', 'present', '', 1, '2025-09-12 02:13:26', '2025-09-12 02:17:19'),
(38, 95, 7, 14, '2025-09-18', 'present', '', 1, '2025-09-12 02:13:26', '2025-09-12 02:17:19'),
(39, 96, 7, 14, '2025-09-18', 'present', '', 1, '2025-09-12 02:13:26', '2025-09-12 02:17:19'),
(40, 97, 7, 14, '2025-09-18', 'present', '', 1, '2025-09-12 02:13:26', '2025-09-12 02:17:19'),
(41, 98, 7, 14, '2025-09-18', 'present', '', 1, '2025-09-12 02:13:26', '2025-09-12 02:17:19'),
(42, 99, 7, 14, '2025-09-18', 'present', '', 1, '2025-09-12 02:13:26', '2025-09-12 02:17:19'),
(43, 79, 7, 14, '2025-09-14', 'present', '', 1, '2025-09-12 02:28:50', '2025-09-12 02:28:50'),
(44, 80, 7, 14, '2025-09-14', 'present', '', 1, '2025-09-12 02:28:50', '2025-09-12 02:28:50'),
(45, 81, 7, 14, '2025-09-14', 'present', '', 1, '2025-09-12 02:28:50', '2025-09-12 02:28:50'),
(46, 82, 7, 14, '2025-09-14', 'present', '', 1, '2025-09-12 02:28:50', '2025-09-12 02:28:50'),
(47, 83, 7, 14, '2025-09-14', 'absent', '', 1, '2025-09-12 02:28:50', '2025-09-12 02:28:50'),
(48, 84, 7, 14, '2025-09-14', 'present', '', 1, '2025-09-12 02:28:50', '2025-09-12 02:28:50'),
(49, 85, 7, 14, '2025-09-14', 'present', '', 1, '2025-09-12 02:28:50', '2025-09-12 02:28:50'),
(50, 86, 7, 14, '2025-09-14', 'present', '', 1, '2025-09-12 02:28:50', '2025-09-12 02:28:50'),
(51, 87, 7, 14, '2025-09-14', 'present', '', 1, '2025-09-12 02:28:50', '2025-09-12 02:28:50'),
(52, 88, 7, 14, '2025-09-14', 'present', '', 1, '2025-09-12 02:28:50', '2025-09-12 02:28:50'),
(53, 89, 7, 14, '2025-09-14', 'present', '', 1, '2025-09-12 02:28:50', '2025-09-12 02:28:50'),
(54, 90, 7, 14, '2025-09-14', 'present', '', 1, '2025-09-12 02:28:50', '2025-09-12 02:28:50'),
(55, 91, 7, 14, '2025-09-14', 'present', '', 1, '2025-09-12 02:28:50', '2025-09-12 02:28:50'),
(56, 92, 7, 14, '2025-09-14', 'present', '', 1, '2025-09-12 02:28:50', '2025-09-12 02:28:50'),
(57, 93, 7, 14, '2025-09-14', 'present', '', 1, '2025-09-12 02:28:50', '2025-09-12 02:28:50'),
(58, 94, 7, 14, '2025-09-14', 'present', '', 1, '2025-09-12 02:28:50', '2025-09-12 02:28:50'),
(59, 95, 7, 14, '2025-09-14', 'present', '', 1, '2025-09-12 02:28:50', '2025-09-12 02:28:50'),
(60, 96, 7, 14, '2025-09-14', 'present', '', 1, '2025-09-12 02:28:50', '2025-09-12 02:28:50'),
(61, 97, 7, 14, '2025-09-14', 'present', '', 1, '2025-09-12 02:28:50', '2025-09-12 02:28:50'),
(62, 98, 7, 14, '2025-09-14', 'present', '', 1, '2025-09-12 02:28:50', '2025-09-12 02:28:50'),
(63, 99, 7, 14, '2025-09-14', 'present', '', 1, '2025-09-12 02:28:50', '2025-09-12 02:28:50'),
(64, 79, 7, 14, '2025-09-15', 'present', '', 1, '2025-09-12 02:29:04', '2025-09-12 02:29:04'),
(65, 80, 7, 14, '2025-09-15', 'present', '', 1, '2025-09-12 02:29:04', '2025-09-12 02:29:04'),
(66, 81, 7, 14, '2025-09-15', 'present', '', 1, '2025-09-12 02:29:04', '2025-09-12 02:29:04'),
(67, 82, 7, 14, '2025-09-15', 'present', '', 1, '2025-09-12 02:29:04', '2025-09-12 02:29:04'),
(68, 83, 7, 14, '2025-09-15', 'absent', '', 1, '2025-09-12 02:29:04', '2025-09-12 02:29:04'),
(69, 84, 7, 14, '2025-09-15', 'present', '', 1, '2025-09-12 02:29:04', '2025-09-12 02:29:04'),
(70, 85, 7, 14, '2025-09-15', 'present', '', 1, '2025-09-12 02:29:04', '2025-09-12 02:29:04'),
(71, 86, 7, 14, '2025-09-15', 'present', '', 1, '2025-09-12 02:29:04', '2025-09-12 02:29:04'),
(72, 87, 7, 14, '2025-09-15', 'present', '', 1, '2025-09-12 02:29:04', '2025-09-12 02:29:04'),
(73, 88, 7, 14, '2025-09-15', 'present', '', 1, '2025-09-12 02:29:04', '2025-09-12 02:29:04'),
(74, 89, 7, 14, '2025-09-15', 'present', '', 1, '2025-09-12 02:29:04', '2025-09-12 02:29:04'),
(75, 90, 7, 14, '2025-09-15', 'present', '', 1, '2025-09-12 02:29:04', '2025-09-12 02:29:04'),
(76, 91, 7, 14, '2025-09-15', 'present', '', 1, '2025-09-12 02:29:04', '2025-09-12 02:29:04'),
(77, 92, 7, 14, '2025-09-15', 'present', '', 1, '2025-09-12 02:29:04', '2025-09-12 02:29:04'),
(78, 93, 7, 14, '2025-09-15', 'present', '', 1, '2025-09-12 02:29:04', '2025-09-12 02:29:04'),
(79, 94, 7, 14, '2025-09-15', 'present', '', 1, '2025-09-12 02:29:04', '2025-09-12 02:29:04'),
(80, 95, 7, 14, '2025-09-15', 'present', '', 1, '2025-09-12 02:29:04', '2025-09-12 02:29:04'),
(81, 96, 7, 14, '2025-09-15', 'present', '', 1, '2025-09-12 02:29:04', '2025-09-12 02:29:04'),
(82, 97, 7, 14, '2025-09-15', 'present', '', 1, '2025-09-12 02:29:04', '2025-09-12 02:29:04'),
(83, 98, 7, 14, '2025-09-15', 'present', '', 1, '2025-09-12 02:29:04', '2025-09-12 02:29:04'),
(84, 99, 7, 14, '2025-09-15', 'present', '', 1, '2025-09-12 02:29:04', '2025-09-12 02:29:04'),
(85, 79, 7, 14, '2025-09-16', 'present', '', 1, '2025-09-12 02:29:16', '2025-09-12 04:03:03'),
(86, 80, 7, 14, '2025-09-16', 'present', '', 1, '2025-09-12 02:29:16', '2025-09-12 04:03:03'),
(87, 81, 7, 14, '2025-09-16', 'present', '', 1, '2025-09-12 02:29:16', '2025-09-12 04:03:03'),
(88, 82, 7, 14, '2025-09-16', 'present', '', 1, '2025-09-12 02:29:16', '2025-09-12 04:03:03'),
(89, 83, 7, 14, '2025-09-16', 'present', '', 1, '2025-09-12 02:29:16', '2025-09-12 04:03:03'),
(90, 84, 7, 14, '2025-09-16', 'present', '', 1, '2025-09-12 02:29:16', '2025-09-12 04:03:03'),
(91, 85, 7, 14, '2025-09-16', 'present', '', 1, '2025-09-12 02:29:16', '2025-09-12 04:03:03'),
(92, 86, 7, 14, '2025-09-16', 'present', '', 1, '2025-09-12 02:29:16', '2025-09-12 04:03:03'),
(93, 87, 7, 14, '2025-09-16', 'present', '', 1, '2025-09-12 02:29:16', '2025-09-12 04:03:03'),
(94, 88, 7, 14, '2025-09-16', 'present', '', 1, '2025-09-12 02:29:16', '2025-09-12 04:03:03'),
(95, 89, 7, 14, '2025-09-16', 'present', '', 1, '2025-09-12 02:29:16', '2025-09-12 04:03:03'),
(96, 90, 7, 14, '2025-09-16', 'present', '', 1, '2025-09-12 02:29:16', '2025-09-12 04:03:03'),
(97, 91, 7, 14, '2025-09-16', 'present', '', 1, '2025-09-12 02:29:16', '2025-09-12 04:03:03'),
(98, 92, 7, 14, '2025-09-16', 'present', '', 1, '2025-09-12 02:29:16', '2025-09-12 04:03:03'),
(99, 93, 7, 14, '2025-09-16', 'present', '', 1, '2025-09-12 02:29:16', '2025-09-12 04:03:03'),
(100, 94, 7, 14, '2025-09-16', 'present', '', 1, '2025-09-12 02:29:16', '2025-09-12 04:03:03'),
(101, 95, 7, 14, '2025-09-16', 'present', '', 1, '2025-09-12 02:29:16', '2025-09-12 04:03:03'),
(102, 96, 7, 14, '2025-09-16', 'present', '', 1, '2025-09-12 02:29:16', '2025-09-12 04:03:03'),
(103, 97, 7, 14, '2025-09-16', 'present', '', 1, '2025-09-12 02:29:16', '2025-09-12 04:03:03'),
(104, 98, 7, 14, '2025-09-16', 'present', '', 1, '2025-09-12 02:29:16', '2025-09-12 04:03:03'),
(105, 99, 7, 14, '2025-09-16', 'present', '', 1, '2025-09-12 02:29:16', '2025-09-12 04:03:03'),
(106, 79, 7, 14, '2025-09-17', 'present', '', 1, '2025-09-12 02:30:19', '2025-09-12 02:30:19'),
(107, 80, 7, 14, '2025-09-17', 'present', '', 1, '2025-09-12 02:30:19', '2025-09-12 02:30:19'),
(108, 81, 7, 14, '2025-09-17', 'present', '', 1, '2025-09-12 02:30:19', '2025-09-12 02:30:19'),
(109, 82, 7, 14, '2025-09-17', 'present', '', 1, '2025-09-12 02:30:19', '2025-09-12 02:30:19'),
(110, 83, 7, 14, '2025-09-17', 'absent', 'যোগাযোগ করা সম্ভব হয় নি', 1, '2025-09-12 02:30:19', '2025-09-12 02:30:19'),
(111, 84, 7, 14, '2025-09-17', 'present', '', 1, '2025-09-12 02:30:19', '2025-09-12 02:30:19'),
(112, 85, 7, 14, '2025-09-17', 'present', '', 1, '2025-09-12 02:30:19', '2025-09-12 02:30:19'),
(113, 86, 7, 14, '2025-09-17', 'present', '', 1, '2025-09-12 02:30:19', '2025-09-12 02:30:19'),
(114, 87, 7, 14, '2025-09-17', 'present', '', 1, '2025-09-12 02:30:19', '2025-09-12 02:30:19'),
(115, 88, 7, 14, '2025-09-17', 'present', '', 1, '2025-09-12 02:30:19', '2025-09-12 02:30:19'),
(116, 89, 7, 14, '2025-09-17', 'present', '', 1, '2025-09-12 02:30:19', '2025-09-12 02:30:19'),
(117, 90, 7, 14, '2025-09-17', 'present', '', 1, '2025-09-12 02:30:19', '2025-09-12 02:30:19'),
(118, 91, 7, 14, '2025-09-17', 'present', '', 1, '2025-09-12 02:30:19', '2025-09-12 02:30:19'),
(119, 92, 7, 14, '2025-09-17', 'present', '', 1, '2025-09-12 02:30:19', '2025-09-12 02:30:19'),
(120, 93, 7, 14, '2025-09-17', 'present', '', 1, '2025-09-12 02:30:19', '2025-09-12 02:30:19'),
(121, 94, 7, 14, '2025-09-17', 'present', '', 1, '2025-09-12 02:30:19', '2025-09-12 02:30:19'),
(122, 95, 7, 14, '2025-09-17', 'present', '', 1, '2025-09-12 02:30:19', '2025-09-12 02:30:19'),
(123, 96, 7, 14, '2025-09-17', 'present', '', 1, '2025-09-12 02:30:19', '2025-09-12 02:30:19'),
(124, 97, 7, 14, '2025-09-17', 'present', '', 1, '2025-09-12 02:30:19', '2025-09-12 02:30:19'),
(125, 98, 7, 14, '2025-09-17', 'present', '', 1, '2025-09-12 02:30:19', '2025-09-12 02:30:19'),
(126, 99, 7, 14, '2025-09-17', 'present', '', 1, '2025-09-12 02:30:19', '2025-09-12 02:30:19'),
(127, 79, 7, 14, '2025-09-30', 'present', '', 1, '2025-09-12 04:01:42', '2025-09-12 04:01:42'),
(128, 80, 7, 14, '2025-09-30', 'present', '', 1, '2025-09-12 04:01:42', '2025-09-12 04:01:42'),
(129, 81, 7, 14, '2025-09-30', 'present', '', 1, '2025-09-12 04:01:42', '2025-09-12 04:01:42'),
(130, 82, 7, 14, '2025-09-30', 'present', '', 1, '2025-09-12 04:01:42', '2025-09-12 04:01:42'),
(131, 83, 7, 14, '2025-09-30', 'absent', '', 1, '2025-09-12 04:01:42', '2025-09-12 04:01:42'),
(132, 84, 7, 14, '2025-09-30', 'present', '', 1, '2025-09-12 04:01:42', '2025-09-12 04:01:42'),
(133, 85, 7, 14, '2025-09-30', 'present', '', 1, '2025-09-12 04:01:42', '2025-09-12 04:01:42'),
(134, 86, 7, 14, '2025-09-30', 'present', '', 1, '2025-09-12 04:01:42', '2025-09-12 04:01:42'),
(135, 87, 7, 14, '2025-09-30', 'present', '', 1, '2025-09-12 04:01:42', '2025-09-12 04:01:42'),
(136, 88, 7, 14, '2025-09-30', 'present', '', 1, '2025-09-12 04:01:42', '2025-09-12 04:01:42'),
(137, 89, 7, 14, '2025-09-30', 'present', '', 1, '2025-09-12 04:01:42', '2025-09-12 04:01:42'),
(138, 90, 7, 14, '2025-09-30', 'present', '', 1, '2025-09-12 04:01:42', '2025-09-12 04:01:42'),
(139, 91, 7, 14, '2025-09-30', 'present', '', 1, '2025-09-12 04:01:42', '2025-09-12 04:01:42'),
(140, 92, 7, 14, '2025-09-30', 'present', '', 1, '2025-09-12 04:01:42', '2025-09-12 04:01:42'),
(141, 93, 7, 14, '2025-09-30', 'present', '', 1, '2025-09-12 04:01:42', '2025-09-12 04:01:42'),
(142, 94, 7, 14, '2025-09-30', 'present', '', 1, '2025-09-12 04:01:42', '2025-09-12 04:01:42'),
(143, 95, 7, 14, '2025-09-30', 'present', '', 1, '2025-09-12 04:01:42', '2025-09-12 04:01:42'),
(144, 96, 7, 14, '2025-09-30', 'present', '', 1, '2025-09-12 04:01:42', '2025-09-12 04:01:42'),
(145, 97, 7, 14, '2025-09-30', 'present', '', 1, '2025-09-12 04:01:42', '2025-09-12 04:01:42'),
(146, 98, 7, 14, '2025-09-30', 'present', '', 1, '2025-09-12 04:01:42', '2025-09-12 04:01:42'),
(147, 99, 7, 14, '2025-09-30', 'present', '', 1, '2025-09-12 04:01:42', '2025-09-12 04:01:42'),
(148, 100, 8, 15, '2025-09-12', 'present', '', 1, '2025-09-12 04:06:12', '2025-09-12 04:06:12'),
(149, 101, 8, 15, '2025-09-12', 'present', '', 1, '2025-09-12 04:06:12', '2025-09-12 04:06:12'),
(150, 102, 8, 15, '2025-09-12', 'present', '', 1, '2025-09-12 04:06:12', '2025-09-12 04:06:12'),
(151, 103, 8, 15, '2025-09-12', 'present', '', 1, '2025-09-12 04:06:12', '2025-09-12 04:06:12'),
(152, 104, 8, 15, '2025-09-12', 'present', '', 1, '2025-09-12 04:06:12', '2025-09-12 04:06:12'),
(153, 105, 8, 15, '2025-09-12', 'present', '', 1, '2025-09-12 04:06:12', '2025-09-12 04:06:12'),
(154, 106, 8, 15, '2025-09-12', 'present', '', 1, '2025-09-12 04:06:12', '2025-09-12 04:06:12'),
(155, 107, 8, 15, '2025-09-12', 'present', '', 1, '2025-09-12 04:06:12', '2025-09-12 04:06:12'),
(156, 108, 8, 15, '2025-09-12', 'present', '', 1, '2025-09-12 04:06:12', '2025-09-12 04:06:12'),
(157, 109, 8, 15, '2025-09-12', 'present', '', 1, '2025-09-12 04:06:12', '2025-09-12 04:06:12'),
(158, 110, 8, 15, '2025-09-12', 'absent', '', 1, '2025-09-12 04:06:12', '2025-09-12 04:06:12'),
(159, 111, 8, 15, '2025-09-12', 'present', '', 1, '2025-09-12 04:06:12', '2025-09-12 04:06:12'),
(160, 112, 8, 15, '2025-09-12', 'present', '', 1, '2025-09-12 04:06:12', '2025-09-12 04:06:12'),
(161, 113, 8, 15, '2025-09-12', 'present', '', 1, '2025-09-12 04:06:12', '2025-09-12 04:06:12'),
(162, 114, 8, 15, '2025-09-12', 'present', '', 1, '2025-09-12 04:06:12', '2025-09-12 04:06:12'),
(163, 115, 8, 15, '2025-09-12', 'present', '', 1, '2025-09-12 04:06:12', '2025-09-12 04:06:12'),
(164, 116, 8, 15, '2025-09-12', 'present', '', 1, '2025-09-12 04:06:12', '2025-09-12 04:06:12'),
(165, 117, 8, 15, '2025-09-12', 'present', '', 1, '2025-09-12 04:06:12', '2025-09-12 04:06:12'),
(166, 118, 8, 15, '2025-09-12', 'present', '', 1, '2025-09-12 04:06:12', '2025-09-12 04:06:12'),
(167, 119, 8, 15, '2025-09-12', 'present', '', 1, '2025-09-12 04:06:12', '2025-09-12 04:06:12'),
(168, 120, 8, 15, '2025-09-12', 'present', '', 1, '2025-09-12 04:06:12', '2025-09-12 04:06:12'),
(169, 121, 8, 15, '2025-09-12', 'absent', '', 1, '2025-09-12 04:06:12', '2025-09-12 04:06:12'),
(170, 122, 8, 15, '2025-09-12', 'present', '', 1, '2025-09-12 04:06:12', '2025-09-12 04:06:12'),
(171, 123, 8, 15, '2025-09-12', 'present', '', 1, '2025-09-12 04:06:12', '2025-09-12 04:06:12'),
(172, 36, 2, 3, '2025-09-12', 'present', '', 1, '2025-09-12 04:06:25', '2025-09-12 04:06:25'),
(173, 37, 2, 3, '2025-09-12', 'present', '', 1, '2025-09-12 04:06:25', '2025-09-12 04:06:25'),
(174, 3, 2, 3, '2025-09-12', 'present', '', 1, '2025-09-12 04:06:25', '2025-09-12 04:06:25'),
(175, 38, 2, 3, '2025-09-12', 'present', '', 1, '2025-09-12 04:06:25', '2025-09-12 04:06:25'),
(176, 39, 2, 3, '2025-09-12', 'present', '', 1, '2025-09-12 04:06:25', '2025-09-12 04:06:25'),
(177, 40, 2, 3, '2025-09-12', 'present', '', 1, '2025-09-12 04:06:25', '2025-09-12 04:06:25'),
(178, 41, 2, 3, '2025-09-12', 'present', '', 1, '2025-09-12 04:06:25', '2025-09-12 04:06:25'),
(179, 42, 2, 3, '2025-09-12', 'present', '', 1, '2025-09-12 04:06:25', '2025-09-12 04:06:25'),
(180, 43, 2, 3, '2025-09-12', 'absent', '', 1, '2025-09-12 04:06:25', '2025-09-12 04:06:25'),
(181, 44, 2, 3, '2025-09-12', 'present', '', 1, '2025-09-12 04:06:25', '2025-09-12 04:06:25'),
(182, 45, 2, 3, '2025-09-12', 'present', '', 1, '2025-09-12 04:06:25', '2025-09-12 04:06:25'),
(183, 46, 2, 3, '2025-09-12', 'present', '', 1, '2025-09-12 04:06:25', '2025-09-12 04:06:25'),
(184, 47, 2, 3, '2025-09-12', 'present', '', 1, '2025-09-12 04:06:25', '2025-09-12 04:06:25'),
(185, 48, 2, 3, '2025-09-12', 'present', '', 1, '2025-09-12 04:06:25', '2025-09-12 04:06:25'),
(186, 49, 2, 3, '2025-09-12', 'present', '', 1, '2025-09-12 04:06:25', '2025-09-12 04:06:25'),
(187, 50, 2, 3, '2025-09-12', 'present', '', 1, '2025-09-12 04:06:25', '2025-09-12 04:06:25'),
(188, 51, 2, 3, '2025-09-12', 'present', '', 1, '2025-09-12 04:06:25', '2025-09-12 04:06:25'),
(189, 52, 2, 3, '2025-09-12', 'present', '', 1, '2025-09-12 04:06:25', '2025-09-12 04:06:25'),
(190, 53, 2, 3, '2025-09-12', 'present', '', 1, '2025-09-12 04:06:25', '2025-09-12 04:06:25'),
(191, 54, 2, 3, '2025-09-12', 'present', '', 1, '2025-09-12 04:06:25', '2025-09-12 04:06:25'),
(192, 55, 2, 3, '2025-09-12', 'absent', '', 1, '2025-09-12 04:06:25', '2025-09-12 04:06:25'),
(193, 1, 1, 1, '2025-09-12', 'present', '', 1, '2025-09-12 04:06:40', '2025-09-12 18:02:26'),
(194, 6, 1, 1, '2025-09-12', 'present', '', 1, '2025-09-12 04:06:40', '2025-09-12 18:02:26'),
(195, 7, 1, 1, '2025-09-12', 'present', '', 1, '2025-09-12 04:06:40', '2025-09-12 18:02:26'),
(196, 8, 1, 1, '2025-09-12', 'present', '', 1, '2025-09-12 04:06:40', '2025-09-12 18:02:26'),
(197, 9, 1, 1, '2025-09-12', 'present', '', 1, '2025-09-12 04:06:40', '2025-09-12 18:02:26'),
(198, 10, 1, 1, '2025-09-12', 'present', '', 1, '2025-09-12 04:06:40', '2025-09-12 18:02:26'),
(199, 11, 1, 1, '2025-09-12', 'present', '', 1, '2025-09-12 04:06:40', '2025-09-12 18:02:26'),
(200, 12, 1, 1, '2025-09-12', 'present', '', 1, '2025-09-12 04:06:40', '2025-09-12 18:02:26'),
(201, 13, 1, 1, '2025-09-12', 'present', '', 1, '2025-09-12 04:06:40', '2025-09-12 18:02:26'),
(202, 14, 1, 1, '2025-09-12', 'present', '', 1, '2025-09-12 04:06:40', '2025-09-12 18:02:26'),
(203, 15, 1, 1, '2025-09-12', 'present', '', 1, '2025-09-12 04:06:40', '2025-09-12 18:02:26'),
(204, 16, 1, 1, '2025-09-12', 'present', '', 1, '2025-09-12 04:06:40', '2025-09-12 18:02:26'),
(205, 17, 1, 1, '2025-09-12', 'present', '', 1, '2025-09-12 04:06:40', '2025-09-12 18:02:26'),
(206, 18, 1, 1, '2025-09-12', 'present', '', 1, '2025-09-12 04:06:40', '2025-09-12 18:02:26'),
(207, 19, 1, 1, '2025-09-12', 'present', '', 1, '2025-09-12 04:06:40', '2025-09-12 18:02:26'),
(208, 5, 1, 1, '2025-09-12', 'present', '', 1, '2025-09-12 04:06:40', '2025-09-12 18:02:26'),
(209, 20, 1, 1, '2025-09-12', 'present', '', 1, '2025-09-12 04:06:40', '2025-09-12 18:02:26'),
(210, 21, 1, 1, '2025-09-12', 'present', '', 1, '2025-09-12 04:06:40', '2025-09-12 18:02:26'),
(211, 22, 1, 1, '2025-09-12', 'present', '', 1, '2025-09-12 04:06:40', '2025-09-12 18:02:26'),
(212, 23, 1, 1, '2025-09-12', 'present', '', 1, '2025-09-12 04:06:40', '2025-09-12 18:02:26'),
(213, 24, 1, 1, '2025-09-12', 'present', '', 1, '2025-09-12 04:06:40', '2025-09-12 18:02:26'),
(214, 25, 1, 1, '2025-09-12', 'present', '', 1, '2025-09-12 04:06:40', '2025-09-12 18:02:26'),
(215, 26, 1, 1, '2025-09-12', 'present', '', 1, '2025-09-12 04:06:40', '2025-09-12 18:02:26'),
(216, 27, 1, 1, '2025-09-12', 'present', '', 1, '2025-09-12 04:06:40', '2025-09-12 18:02:26'),
(217, 28, 1, 1, '2025-09-12', 'present', '', 1, '2025-09-12 04:06:40', '2025-09-12 18:02:26'),
(218, 29, 1, 1, '2025-09-12', 'present', '', 1, '2025-09-12 04:06:40', '2025-09-12 18:02:26'),
(219, 30, 1, 1, '2025-09-12', 'present', '', 1, '2025-09-12 04:06:40', '2025-09-12 18:02:26'),
(220, 31, 1, 1, '2025-09-12', 'present', '', 1, '2025-09-12 04:06:40', '2025-09-12 18:02:26'),
(221, 32, 1, 1, '2025-09-12', 'present', '', 1, '2025-09-12 04:06:40', '2025-09-12 18:02:26'),
(222, 33, 1, 1, '2025-09-12', 'present', '', 1, '2025-09-12 04:06:40', '2025-09-12 18:02:26'),
(223, 34, 1, 1, '2025-09-12', 'present', '', 1, '2025-09-12 04:06:40', '2025-09-12 18:02:26'),
(224, 35, 1, 1, '2025-09-12', 'present', '', 1, '2025-09-12 04:06:40', '2025-09-12 18:02:26'),
(225, 173, 1, 1, '2025-09-12', 'present', '', 1, '2025-09-12 04:06:40', '2025-09-12 18:02:26'),
(226, 56, 6, 13, '2025-09-12', 'present', '', 1, '2025-09-12 04:06:50', '2025-09-12 04:06:50'),
(227, 57, 6, 13, '2025-09-12', 'present', '', 1, '2025-09-12 04:06:50', '2025-09-12 04:06:50'),
(228, 58, 6, 13, '2025-09-12', 'present', '', 1, '2025-09-12 04:06:50', '2025-09-12 04:06:50'),
(229, 59, 6, 13, '2025-09-12', 'present', '', 1, '2025-09-12 04:06:50', '2025-09-12 04:06:50'),
(230, 60, 6, 13, '2025-09-12', 'present', '', 1, '2025-09-12 04:06:50', '2025-09-12 04:06:50'),
(231, 61, 6, 13, '2025-09-12', 'present', '', 1, '2025-09-12 04:06:50', '2025-09-12 04:06:50'),
(232, 62, 6, 13, '2025-09-12', 'present', '', 1, '2025-09-12 04:06:50', '2025-09-12 04:06:50'),
(233, 63, 6, 13, '2025-09-12', 'present', '', 1, '2025-09-12 04:06:50', '2025-09-12 04:06:50'),
(234, 64, 6, 13, '2025-09-12', 'present', '', 1, '2025-09-12 04:06:50', '2025-09-12 04:06:50'),
(235, 65, 6, 13, '2025-09-12', 'present', '', 1, '2025-09-12 04:06:50', '2025-09-12 04:06:50'),
(236, 66, 6, 13, '2025-09-12', 'present', '', 1, '2025-09-12 04:06:50', '2025-09-12 04:06:50'),
(237, 67, 6, 13, '2025-09-12', 'present', '', 1, '2025-09-12 04:06:50', '2025-09-12 04:06:50'),
(238, 68, 6, 13, '2025-09-12', 'present', '', 1, '2025-09-12 04:06:50', '2025-09-12 04:06:50'),
(239, 69, 6, 13, '2025-09-12', 'present', '', 1, '2025-09-12 04:06:50', '2025-09-12 04:06:50'),
(240, 70, 6, 13, '2025-09-12', 'present', '', 1, '2025-09-12 04:06:50', '2025-09-12 04:06:50'),
(241, 71, 6, 13, '2025-09-12', 'present', '', 1, '2025-09-12 04:06:50', '2025-09-12 04:06:50'),
(242, 72, 6, 13, '2025-09-12', 'present', '', 1, '2025-09-12 04:06:50', '2025-09-12 04:06:50'),
(243, 73, 6, 13, '2025-09-12', 'present', '', 1, '2025-09-12 04:06:50', '2025-09-12 04:06:50'),
(244, 74, 6, 13, '2025-09-12', 'present', '', 1, '2025-09-12 04:06:50', '2025-09-12 04:06:50'),
(245, 75, 6, 13, '2025-09-12', 'present', '', 1, '2025-09-12 04:06:50', '2025-09-12 04:06:50'),
(246, 76, 6, 13, '2025-09-12', 'present', '', 1, '2025-09-12 04:06:50', '2025-09-12 04:06:50'),
(247, 77, 6, 13, '2025-09-12', 'present', '', 1, '2025-09-12 04:06:50', '2025-09-12 04:06:50'),
(248, 78, 6, 13, '2025-09-12', 'present', '', 1, '2025-09-12 04:06:50', '2025-09-12 04:06:50'),
(249, 124, 9, 12, '2025-09-12', 'present', '', 1, '2025-09-12 04:07:00', '2025-09-12 04:07:00'),
(250, 125, 9, 12, '2025-09-12', 'absent', '', 1, '2025-09-12 04:07:00', '2025-09-12 04:07:00'),
(251, 126, 9, 12, '2025-09-12', 'present', '', 1, '2025-09-12 04:07:00', '2025-09-12 04:07:00'),
(252, 127, 9, 12, '2025-09-12', 'present', '', 1, '2025-09-12 04:07:00', '2025-09-12 04:07:00'),
(253, 128, 9, 12, '2025-09-12', 'present', '', 1, '2025-09-12 04:07:00', '2025-09-12 04:07:00'),
(254, 4, 9, 12, '2025-09-12', 'present', '', 1, '2025-09-12 04:07:00', '2025-09-12 04:07:00'),
(255, 129, 9, 12, '2025-09-12', 'present', '', 1, '2025-09-12 04:07:00', '2025-09-12 04:07:00'),
(256, 130, 9, 12, '2025-09-12', 'present', '', 1, '2025-09-12 04:07:00', '2025-09-12 04:07:00'),
(257, 131, 9, 12, '2025-09-12', 'present', '', 1, '2025-09-12 04:07:00', '2025-09-12 04:07:00'),
(258, 132, 9, 12, '2025-09-12', 'present', '', 1, '2025-09-12 04:07:00', '2025-09-12 04:07:00'),
(259, 133, 9, 12, '2025-09-12', 'present', '', 1, '2025-09-12 04:07:00', '2025-09-12 04:07:00'),
(260, 134, 9, 12, '2025-09-12', 'present', '', 1, '2025-09-12 04:07:00', '2025-09-12 04:07:00'),
(261, 135, 9, 12, '2025-09-12', 'present', '', 1, '2025-09-12 04:07:00', '2025-09-12 04:07:00'),
(262, 136, 9, 12, '2025-09-12', 'present', '', 1, '2025-09-12 04:07:00', '2025-09-12 04:07:00'),
(263, 137, 9, 12, '2025-09-12', 'present', '', 1, '2025-09-12 04:07:00', '2025-09-12 04:07:00'),
(264, 138, 9, 12, '2025-09-12', 'present', '', 1, '2025-09-12 04:07:00', '2025-09-12 04:07:00'),
(265, 139, 9, 12, '2025-09-12', 'present', '', 1, '2025-09-12 04:07:00', '2025-09-12 04:07:00'),
(266, 140, 9, 12, '2025-09-12', 'present', '', 1, '2025-09-12 04:07:00', '2025-09-12 04:07:00'),
(267, 141, 9, 12, '2025-09-12', 'present', '', 1, '2025-09-12 04:07:00', '2025-09-12 04:07:00'),
(268, 142, 9, 12, '2025-09-12', 'present', '', 1, '2025-09-12 04:07:00', '2025-09-12 04:07:00'),
(269, 143, 9, 12, '2025-09-12', 'present', '', 1, '2025-09-12 04:07:00', '2025-09-12 04:07:00'),
(270, 144, 10, 16, '2025-09-12', 'present', '', 1, '2025-09-12 04:07:12', '2025-09-12 04:07:12'),
(271, 145, 10, 16, '2025-09-12', 'present', '', 1, '2025-09-12 04:07:12', '2025-09-12 04:07:12'),
(272, 146, 10, 16, '2025-09-12', 'present', '', 1, '2025-09-12 04:07:12', '2025-09-12 04:07:12'),
(273, 147, 10, 16, '2025-09-12', 'present', '', 1, '2025-09-12 04:07:12', '2025-09-12 04:07:12'),
(274, 148, 10, 16, '2025-09-12', 'absent', '', 1, '2025-09-12 04:07:12', '2025-09-12 04:07:12'),
(275, 149, 10, 16, '2025-09-12', 'present', '', 1, '2025-09-12 04:07:12', '2025-09-12 04:07:12'),
(276, 150, 10, 16, '2025-09-12', 'present', '', 1, '2025-09-12 04:07:12', '2025-09-12 04:07:12'),
(277, 151, 10, 16, '2025-09-12', 'present', '', 1, '2025-09-12 04:07:12', '2025-09-12 04:07:12'),
(278, 152, 10, 16, '2025-09-12', 'present', '', 1, '2025-09-12 04:07:12', '2025-09-12 04:07:12'),
(279, 153, 10, 16, '2025-09-12', 'present', '', 1, '2025-09-12 04:07:12', '2025-09-12 04:07:12'),
(280, 154, 10, 16, '2025-09-12', 'present', '', 1, '2025-09-12 04:07:12', '2025-09-12 04:07:12'),
(281, 155, 10, 16, '2025-09-12', 'present', '', 1, '2025-09-12 04:07:12', '2025-09-12 04:07:12'),
(282, 156, 10, 16, '2025-09-12', 'present', '', 1, '2025-09-12 04:07:12', '2025-09-12 04:07:12'),
(283, 157, 10, 16, '2025-09-12', 'present', '', 1, '2025-09-12 04:07:12', '2025-09-12 04:07:12'),
(284, 158, 10, 16, '2025-09-12', 'present', '', 1, '2025-09-12 04:07:12', '2025-09-12 04:07:12'),
(285, 159, 10, 16, '2025-09-12', 'present', '', 1, '2025-09-12 04:07:12', '2025-09-12 04:07:12'),
(286, 160, 10, 16, '2025-09-12', 'present', '', 1, '2025-09-12 04:07:12', '2025-09-12 04:07:12'),
(287, 161, 10, 16, '2025-09-12', 'present', '', 1, '2025-09-12 04:07:12', '2025-09-12 04:07:12'),
(288, 162, 10, 16, '2025-09-12', 'present', '', 1, '2025-09-12 04:07:12', '2025-09-12 04:07:12'),
(289, 163, 10, 16, '2025-09-12', 'present', '', 1, '2025-09-12 04:07:12', '2025-09-12 04:07:12'),
(290, 164, 10, 16, '2025-09-12', 'present', '', 1, '2025-09-12 04:07:12', '2025-09-12 04:07:12'),
(291, 165, 10, 16, '2025-09-12', 'present', '', 1, '2025-09-12 04:07:12', '2025-09-12 04:07:12'),
(292, 166, 10, 16, '2025-09-12', 'present', '', 1, '2025-09-12 04:07:12', '2025-09-12 04:07:12'),
(293, 167, 10, 16, '2025-09-12', 'present', '', 1, '2025-09-12 04:07:12', '2025-09-12 04:07:12'),
(294, 168, 10, 16, '2025-09-12', 'present', '', 1, '2025-09-12 04:07:12', '2025-09-12 04:07:12'),
(295, 169, 10, 16, '2025-09-12', 'present', '', 1, '2025-09-12 04:07:12', '2025-09-12 04:07:12'),
(296, 170, 10, 16, '2025-09-12', 'present', '', 1, '2025-09-12 04:07:12', '2025-09-12 04:07:12'),
(297, 171, 10, 16, '2025-09-12', 'present', '', 1, '2025-09-12 04:07:12', '2025-09-12 04:07:12'),
(298, 100, 8, 15, '2025-09-10', 'present', '', 17, '2025-09-12 17:20:00', '2025-09-12 17:20:00'),
(299, 101, 8, 15, '2025-09-10', 'present', '', 17, '2025-09-12 17:20:00', '2025-09-12 17:20:00'),
(300, 102, 8, 15, '2025-09-10', 'present', '', 17, '2025-09-12 17:20:00', '2025-09-12 17:20:00'),
(301, 103, 8, 15, '2025-09-10', 'absent', '', 17, '2025-09-12 17:20:00', '2025-09-12 17:20:00'),
(302, 104, 8, 15, '2025-09-10', 'present', '', 17, '2025-09-12 17:20:00', '2025-09-12 17:20:00'),
(303, 105, 8, 15, '2025-09-10', 'present', '', 17, '2025-09-12 17:20:00', '2025-09-12 17:20:00'),
(304, 106, 8, 15, '2025-09-10', 'present', '', 17, '2025-09-12 17:20:00', '2025-09-12 17:20:00'),
(305, 107, 8, 15, '2025-09-10', 'present', '', 17, '2025-09-12 17:20:00', '2025-09-12 17:20:00'),
(306, 108, 8, 15, '2025-09-10', 'present', '', 17, '2025-09-12 17:20:00', '2025-09-12 17:20:00'),
(307, 109, 8, 15, '2025-09-10', 'present', '', 17, '2025-09-12 17:20:00', '2025-09-12 17:20:00'),
(308, 110, 8, 15, '2025-09-10', 'present', '', 17, '2025-09-12 17:20:00', '2025-09-12 17:20:00'),
(309, 111, 8, 15, '2025-09-10', 'present', '', 17, '2025-09-12 17:20:00', '2025-09-12 17:20:00'),
(310, 112, 8, 15, '2025-09-10', 'present', '', 17, '2025-09-12 17:20:00', '2025-09-12 17:20:00'),
(311, 113, 8, 15, '2025-09-10', 'present', '', 17, '2025-09-12 17:20:00', '2025-09-12 17:20:00'),
(312, 114, 8, 15, '2025-09-10', 'present', '', 17, '2025-09-12 17:20:00', '2025-09-12 17:20:00'),
(313, 115, 8, 15, '2025-09-10', 'absent', '', 17, '2025-09-12 17:20:00', '2025-09-12 17:20:00'),
(314, 116, 8, 15, '2025-09-10', 'present', '', 17, '2025-09-12 17:20:00', '2025-09-12 17:20:00'),
(315, 117, 8, 15, '2025-09-10', 'present', '', 17, '2025-09-12 17:20:00', '2025-09-12 17:20:00'),
(316, 118, 8, 15, '2025-09-10', 'present', '', 17, '2025-09-12 17:20:00', '2025-09-12 17:20:00'),
(317, 119, 8, 15, '2025-09-10', 'present', '', 17, '2025-09-12 17:20:00', '2025-09-12 17:20:00'),
(318, 120, 8, 15, '2025-09-10', 'present', '', 17, '2025-09-12 17:20:00', '2025-09-12 17:20:00'),
(319, 121, 8, 15, '2025-09-10', 'present', '', 17, '2025-09-12 17:20:00', '2025-09-12 17:20:00'),
(320, 122, 8, 15, '2025-09-10', 'present', '', 17, '2025-09-12 17:20:00', '2025-09-12 17:20:00'),
(321, 123, 8, 15, '2025-09-10', 'late', '', 17, '2025-09-12 17:20:00', '2025-09-12 17:20:00'),
(322, 79, 7, 14, '2025-09-13', 'present', '', 1, '2025-09-13 01:32:47', '2025-09-13 01:32:47'),
(323, 80, 7, 14, '2025-09-13', 'present', '', 1, '2025-09-13 01:32:47', '2025-09-13 01:32:47'),
(324, 81, 7, 14, '2025-09-13', 'present', '', 1, '2025-09-13 01:32:47', '2025-09-13 01:32:47'),
(325, 82, 7, 14, '2025-09-13', 'present', '', 1, '2025-09-13 01:32:47', '2025-09-13 01:32:47'),
(326, 83, 7, 14, '2025-09-13', 'absent', '', 1, '2025-09-13 01:32:47', '2025-09-13 01:32:47'),
(327, 84, 7, 14, '2025-09-13', 'present', '', 1, '2025-09-13 01:32:47', '2025-09-13 01:32:47'),
(328, 85, 7, 14, '2025-09-13', 'present', '', 1, '2025-09-13 01:32:47', '2025-09-13 01:32:47'),
(329, 86, 7, 14, '2025-09-13', 'present', '', 1, '2025-09-13 01:32:47', '2025-09-13 01:32:47'),
(330, 87, 7, 14, '2025-09-13', 'present', '', 1, '2025-09-13 01:32:47', '2025-09-13 01:32:47'),
(331, 88, 7, 14, '2025-09-13', 'present', '', 1, '2025-09-13 01:32:47', '2025-09-13 01:32:47'),
(332, 89, 7, 14, '2025-09-13', 'present', '', 1, '2025-09-13 01:32:47', '2025-09-13 01:32:47'),
(333, 90, 7, 14, '2025-09-13', 'present', '', 1, '2025-09-13 01:32:47', '2025-09-13 01:32:47'),
(334, 91, 7, 14, '2025-09-13', 'present', '', 1, '2025-09-13 01:32:47', '2025-09-13 01:32:47'),
(335, 92, 7, 14, '2025-09-13', 'present', '', 1, '2025-09-13 01:32:47', '2025-09-13 01:32:47'),
(336, 93, 7, 14, '2025-09-13', 'present', '', 1, '2025-09-13 01:32:47', '2025-09-13 01:32:47'),
(337, 94, 7, 14, '2025-09-13', 'present', '', 1, '2025-09-13 01:32:47', '2025-09-13 01:32:47'),
(338, 95, 7, 14, '2025-09-13', 'present', '', 1, '2025-09-13 01:32:47', '2025-09-13 01:32:47'),
(339, 96, 7, 14, '2025-09-13', 'absent', '', 1, '2025-09-13 01:32:47', '2025-09-13 01:32:47'),
(340, 97, 7, 14, '2025-09-13', 'present', '', 1, '2025-09-13 01:32:47', '2025-09-13 01:32:47'),
(341, 98, 7, 14, '2025-09-13', 'present', '', 1, '2025-09-13 01:32:47', '2025-09-13 01:32:47'),
(342, 99, 7, 14, '2025-09-13', 'present', '', 1, '2025-09-13 01:32:47', '2025-09-13 01:32:47'),
(343, 100, 8, 15, '2025-09-13', 'present', '', 1, '2025-09-13 01:33:22', '2025-09-13 01:33:22'),
(344, 101, 8, 15, '2025-09-13', 'present', '', 1, '2025-09-13 01:33:22', '2025-09-13 01:33:22'),
(345, 102, 8, 15, '2025-09-13', 'present', '', 1, '2025-09-13 01:33:22', '2025-09-13 01:33:22'),
(346, 103, 8, 15, '2025-09-13', 'present', '', 1, '2025-09-13 01:33:22', '2025-09-13 01:33:22'),
(347, 104, 8, 15, '2025-09-13', 'present', '', 1, '2025-09-13 01:33:22', '2025-09-13 01:33:22'),
(348, 105, 8, 15, '2025-09-13', 'present', '', 1, '2025-09-13 01:33:22', '2025-09-13 01:33:22'),
(349, 106, 8, 15, '2025-09-13', 'absent', '', 1, '2025-09-13 01:33:22', '2025-09-13 01:33:22'),
(350, 107, 8, 15, '2025-09-13', 'present', '', 1, '2025-09-13 01:33:22', '2025-09-13 01:33:22'),
(351, 108, 8, 15, '2025-09-13', 'present', '', 1, '2025-09-13 01:33:22', '2025-09-13 01:33:22'),
(352, 109, 8, 15, '2025-09-13', 'present', '', 1, '2025-09-13 01:33:22', '2025-09-13 01:33:22'),
(353, 110, 8, 15, '2025-09-13', 'present', '', 1, '2025-09-13 01:33:22', '2025-09-13 01:33:22'),
(354, 111, 8, 15, '2025-09-13', 'present', '', 1, '2025-09-13 01:33:22', '2025-09-13 01:33:22'),
(355, 112, 8, 15, '2025-09-13', 'present', '', 1, '2025-09-13 01:33:22', '2025-09-13 01:33:22'),
(356, 113, 8, 15, '2025-09-13', 'present', '', 1, '2025-09-13 01:33:22', '2025-09-13 01:33:22'),
(357, 114, 8, 15, '2025-09-13', 'present', '', 1, '2025-09-13 01:33:22', '2025-09-13 01:33:22'),
(358, 115, 8, 15, '2025-09-13', 'present', '', 1, '2025-09-13 01:33:22', '2025-09-13 01:33:22'),
(359, 116, 8, 15, '2025-09-13', 'present', '', 1, '2025-09-13 01:33:22', '2025-09-13 01:33:22'),
(360, 117, 8, 15, '2025-09-13', 'present', '', 1, '2025-09-13 01:33:22', '2025-09-13 01:33:22'),
(361, 118, 8, 15, '2025-09-13', 'present', '', 1, '2025-09-13 01:33:22', '2025-09-13 01:33:22'),
(362, 119, 8, 15, '2025-09-13', 'present', '', 1, '2025-09-13 01:33:22', '2025-09-13 01:33:22'),
(363, 120, 8, 15, '2025-09-13', 'present', '', 1, '2025-09-13 01:33:22', '2025-09-13 01:33:22'),
(364, 121, 8, 15, '2025-09-13', 'absent', '', 1, '2025-09-13 01:33:22', '2025-09-13 01:33:22'),
(365, 122, 8, 15, '2025-09-13', 'present', '', 1, '2025-09-13 01:33:22', '2025-09-13 01:33:22'),
(366, 123, 8, 15, '2025-09-13', 'present', '', 1, '2025-09-13 01:33:22', '2025-09-13 01:33:22'),
(367, 36, 2, 3, '2025-09-13', 'absent', '', 1, '2025-09-13 01:33:40', '2025-09-13 01:44:16'),
(368, 37, 2, 3, '2025-09-13', 'present', '', 1, '2025-09-13 01:33:40', '2025-09-13 01:44:16'),
(369, 3, 2, 3, '2025-09-13', 'present', '', 1, '2025-09-13 01:33:40', '2025-09-13 01:44:16'),
(370, 38, 2, 3, '2025-09-13', 'present', '', 1, '2025-09-13 01:33:40', '2025-09-13 01:44:16'),
(371, 39, 2, 3, '2025-09-13', 'present', '', 1, '2025-09-13 01:33:40', '2025-09-13 01:44:16'),
(372, 40, 2, 3, '2025-09-13', 'present', '', 1, '2025-09-13 01:33:40', '2025-09-13 01:44:16'),
(373, 41, 2, 3, '2025-09-13', 'present', '', 1, '2025-09-13 01:33:40', '2025-09-13 01:44:16'),
(374, 42, 2, 3, '2025-09-13', 'present', '', 1, '2025-09-13 01:33:40', '2025-09-13 01:44:16'),
(375, 43, 2, 3, '2025-09-13', 'present', '', 1, '2025-09-13 01:33:40', '2025-09-13 01:44:16'),
(376, 44, 2, 3, '2025-09-13', 'present', '', 1, '2025-09-13 01:33:40', '2025-09-13 01:44:16'),
(377, 45, 2, 3, '2025-09-13', 'present', '', 1, '2025-09-13 01:33:40', '2025-09-13 01:44:16'),
(378, 46, 2, 3, '2025-09-13', 'present', '', 1, '2025-09-13 01:33:40', '2025-09-13 01:44:16'),
(379, 47, 2, 3, '2025-09-13', 'present', '', 1, '2025-09-13 01:33:40', '2025-09-13 01:44:16'),
(380, 48, 2, 3, '2025-09-13', 'present', '', 1, '2025-09-13 01:33:40', '2025-09-13 01:44:16'),
(381, 49, 2, 3, '2025-09-13', 'present', '', 1, '2025-09-13 01:33:40', '2025-09-13 01:44:16'),
(382, 50, 2, 3, '2025-09-13', 'present', '', 1, '2025-09-13 01:33:40', '2025-09-13 01:44:16'),
(383, 51, 2, 3, '2025-09-13', 'present', '', 1, '2025-09-13 01:33:40', '2025-09-13 01:44:16'),
(384, 52, 2, 3, '2025-09-13', 'present', '', 1, '2025-09-13 01:33:40', '2025-09-13 01:44:16'),
(385, 53, 2, 3, '2025-09-13', 'present', '', 1, '2025-09-13 01:33:40', '2025-09-13 01:44:16'),
(386, 54, 2, 3, '2025-09-13', 'present', '', 1, '2025-09-13 01:33:40', '2025-09-13 01:44:16'),
(387, 55, 2, 3, '2025-09-13', 'absent', '', 1, '2025-09-13 01:33:40', '2025-09-13 01:44:16'),
(388, 1, 1, 1, '2025-09-13', 'present', '', 1, '2025-09-13 01:34:05', '2025-09-13 01:34:05'),
(389, 6, 1, 1, '2025-09-13', 'present', '', 1, '2025-09-13 01:34:05', '2025-09-13 01:34:05'),
(390, 7, 1, 1, '2025-09-13', 'present', '', 1, '2025-09-13 01:34:05', '2025-09-13 01:34:05'),
(391, 8, 1, 1, '2025-09-13', 'present', '', 1, '2025-09-13 01:34:05', '2025-09-13 01:34:05'),
(392, 9, 1, 1, '2025-09-13', 'present', '', 1, '2025-09-13 01:34:05', '2025-09-13 01:34:05'),
(393, 10, 1, 1, '2025-09-13', 'present', '', 1, '2025-09-13 01:34:05', '2025-09-13 01:34:05'),
(394, 11, 1, 1, '2025-09-13', 'present', '', 1, '2025-09-13 01:34:05', '2025-09-13 01:34:05'),
(395, 12, 1, 1, '2025-09-13', 'present', '', 1, '2025-09-13 01:34:05', '2025-09-13 01:34:05'),
(396, 13, 1, 1, '2025-09-13', 'absent', '', 1, '2025-09-13 01:34:05', '2025-09-13 01:34:05'),
(397, 14, 1, 1, '2025-09-13', 'present', '', 1, '2025-09-13 01:34:05', '2025-09-13 01:34:05'),
(398, 15, 1, 1, '2025-09-13', 'present', '', 1, '2025-09-13 01:34:05', '2025-09-13 01:34:05'),
(399, 16, 1, 1, '2025-09-13', 'present', '', 1, '2025-09-13 01:34:05', '2025-09-13 01:34:05'),
(400, 17, 1, 1, '2025-09-13', 'present', '', 1, '2025-09-13 01:34:05', '2025-09-13 01:34:05'),
(401, 18, 1, 1, '2025-09-13', 'present', '', 1, '2025-09-13 01:34:05', '2025-09-13 01:34:05'),
(402, 19, 1, 1, '2025-09-13', 'present', '', 1, '2025-09-13 01:34:05', '2025-09-13 01:34:05'),
(403, 5, 1, 1, '2025-09-13', 'present', '', 1, '2025-09-13 01:34:05', '2025-09-13 01:34:05'),
(404, 20, 1, 1, '2025-09-13', 'present', '', 1, '2025-09-13 01:34:05', '2025-09-13 01:34:05'),
(405, 21, 1, 1, '2025-09-13', 'present', '', 1, '2025-09-13 01:34:05', '2025-09-13 01:34:05'),
(406, 22, 1, 1, '2025-09-13', 'present', '', 1, '2025-09-13 01:34:05', '2025-09-13 01:34:05'),
(407, 23, 1, 1, '2025-09-13', 'present', '', 1, '2025-09-13 01:34:05', '2025-09-13 01:34:05'),
(408, 24, 1, 1, '2025-09-13', 'present', '', 1, '2025-09-13 01:34:05', '2025-09-13 01:34:05'),
(409, 25, 1, 1, '2025-09-13', 'present', '', 1, '2025-09-13 01:34:05', '2025-09-13 01:34:05'),
(410, 26, 1, 1, '2025-09-13', 'present', '', 1, '2025-09-13 01:34:05', '2025-09-13 01:34:05'),
(411, 27, 1, 1, '2025-09-13', 'present', '', 1, '2025-09-13 01:34:05', '2025-09-13 01:34:05'),
(412, 28, 1, 1, '2025-09-13', 'present', '', 1, '2025-09-13 01:34:05', '2025-09-13 01:34:05'),
(413, 29, 1, 1, '2025-09-13', 'present', '', 1, '2025-09-13 01:34:05', '2025-09-13 01:34:05'),
(414, 30, 1, 1, '2025-09-13', 'present', '', 1, '2025-09-13 01:34:05', '2025-09-13 01:34:05'),
(415, 31, 1, 1, '2025-09-13', 'present', '', 1, '2025-09-13 01:34:05', '2025-09-13 01:34:05'),
(416, 32, 1, 1, '2025-09-13', 'present', '', 1, '2025-09-13 01:34:05', '2025-09-13 01:34:05'),
(417, 33, 1, 1, '2025-09-13', 'present', '', 1, '2025-09-13 01:34:05', '2025-09-13 01:34:05'),
(418, 34, 1, 1, '2025-09-13', 'present', '', 1, '2025-09-13 01:34:05', '2025-09-13 01:34:05'),
(419, 35, 1, 1, '2025-09-13', 'present', '', 1, '2025-09-13 01:34:05', '2025-09-13 01:34:05'),
(420, 173, 1, 1, '2025-09-13', 'present', '', 1, '2025-09-13 01:34:05', '2025-09-13 01:34:05'),
(421, 56, 6, 13, '2025-09-13', 'present', '', 1, '2025-09-13 01:34:33', '2025-09-13 01:34:33'),
(422, 57, 6, 13, '2025-09-13', 'present', '', 1, '2025-09-13 01:34:33', '2025-09-13 01:34:33'),
(423, 58, 6, 13, '2025-09-13', 'present', '', 1, '2025-09-13 01:34:33', '2025-09-13 01:34:33'),
(424, 59, 6, 13, '2025-09-13', 'present', '', 1, '2025-09-13 01:34:33', '2025-09-13 01:34:33'),
(425, 60, 6, 13, '2025-09-13', 'present', '', 1, '2025-09-13 01:34:33', '2025-09-13 01:34:33'),
(426, 61, 6, 13, '2025-09-13', 'absent', '', 1, '2025-09-13 01:34:33', '2025-09-13 01:34:33'),
(427, 62, 6, 13, '2025-09-13', 'present', '', 1, '2025-09-13 01:34:33', '2025-09-13 01:34:33'),
(428, 63, 6, 13, '2025-09-13', 'present', '', 1, '2025-09-13 01:34:33', '2025-09-13 01:34:33'),
(429, 64, 6, 13, '2025-09-13', 'present', '', 1, '2025-09-13 01:34:33', '2025-09-13 01:34:33'),
(430, 65, 6, 13, '2025-09-13', 'present', '', 1, '2025-09-13 01:34:33', '2025-09-13 01:34:33'),
(431, 66, 6, 13, '2025-09-13', 'present', '', 1, '2025-09-13 01:34:33', '2025-09-13 01:34:33'),
(432, 67, 6, 13, '2025-09-13', 'present', '', 1, '2025-09-13 01:34:33', '2025-09-13 01:34:33'),
(433, 68, 6, 13, '2025-09-13', 'present', '', 1, '2025-09-13 01:34:33', '2025-09-13 01:34:33'),
(434, 69, 6, 13, '2025-09-13', 'present', '', 1, '2025-09-13 01:34:33', '2025-09-13 01:34:33'),
(435, 70, 6, 13, '2025-09-13', 'present', '', 1, '2025-09-13 01:34:33', '2025-09-13 01:34:33'),
(436, 71, 6, 13, '2025-09-13', 'present', '', 1, '2025-09-13 01:34:33', '2025-09-13 01:34:33'),
(437, 72, 6, 13, '2025-09-13', 'present', '', 1, '2025-09-13 01:34:33', '2025-09-13 01:34:33'),
(438, 73, 6, 13, '2025-09-13', 'absent', '', 1, '2025-09-13 01:34:33', '2025-09-13 01:34:33'),
(439, 74, 6, 13, '2025-09-13', 'present', '', 1, '2025-09-13 01:34:33', '2025-09-13 01:34:33'),
(440, 75, 6, 13, '2025-09-13', 'present', '', 1, '2025-09-13 01:34:33', '2025-09-13 01:34:33'),
(441, 76, 6, 13, '2025-09-13', 'present', '', 1, '2025-09-13 01:34:33', '2025-09-13 01:34:33'),
(442, 77, 6, 13, '2025-09-13', 'present', '', 1, '2025-09-13 01:34:33', '2025-09-13 01:34:33'),
(443, 78, 6, 13, '2025-09-13', 'present', '', 1, '2025-09-13 01:34:33', '2025-09-13 01:34:33'),
(444, 124, 9, 12, '2025-09-13', 'present', '', 1, '2025-09-13 01:34:58', '2025-09-13 01:34:58'),
(445, 125, 9, 12, '2025-09-13', 'present', '', 1, '2025-09-13 01:34:58', '2025-09-13 01:34:58'),
(446, 126, 9, 12, '2025-09-13', 'absent', '', 1, '2025-09-13 01:34:58', '2025-09-13 01:34:58'),
(447, 127, 9, 12, '2025-09-13', 'present', '', 1, '2025-09-13 01:34:58', '2025-09-13 01:34:58'),
(448, 128, 9, 12, '2025-09-13', 'present', '', 1, '2025-09-13 01:34:58', '2025-09-13 01:34:58'),
(449, 4, 9, 12, '2025-09-13', 'present', '', 1, '2025-09-13 01:34:58', '2025-09-13 01:34:58'),
(450, 129, 9, 12, '2025-09-13', 'present', '', 1, '2025-09-13 01:34:58', '2025-09-13 01:34:58'),
(451, 130, 9, 12, '2025-09-13', 'present', '', 1, '2025-09-13 01:34:58', '2025-09-13 01:34:58'),
(452, 131, 9, 12, '2025-09-13', 'present', '', 1, '2025-09-13 01:34:58', '2025-09-13 01:34:58'),
(453, 132, 9, 12, '2025-09-13', 'present', '', 1, '2025-09-13 01:34:58', '2025-09-13 01:34:58'),
(454, 133, 9, 12, '2025-09-13', 'absent', '', 1, '2025-09-13 01:34:58', '2025-09-13 01:34:58'),
(455, 134, 9, 12, '2025-09-13', 'present', '', 1, '2025-09-13 01:34:58', '2025-09-13 01:34:58'),
(456, 135, 9, 12, '2025-09-13', 'absent', '', 1, '2025-09-13 01:34:58', '2025-09-13 01:34:58'),
(457, 136, 9, 12, '2025-09-13', 'present', '', 1, '2025-09-13 01:34:58', '2025-09-13 01:34:58'),
(458, 137, 9, 12, '2025-09-13', 'present', '', 1, '2025-09-13 01:34:58', '2025-09-13 01:34:58'),
(459, 138, 9, 12, '2025-09-13', 'present', '', 1, '2025-09-13 01:34:58', '2025-09-13 01:34:58'),
(460, 139, 9, 12, '2025-09-13', 'present', '', 1, '2025-09-13 01:34:58', '2025-09-13 01:34:58'),
(461, 140, 9, 12, '2025-09-13', 'present', '', 1, '2025-09-13 01:34:58', '2025-09-13 01:34:58'),
(462, 141, 9, 12, '2025-09-13', 'present', '', 1, '2025-09-13 01:34:58', '2025-09-13 01:34:58'),
(463, 142, 9, 12, '2025-09-13', 'absent', '', 1, '2025-09-13 01:34:58', '2025-09-13 01:34:58'),
(464, 143, 9, 12, '2025-09-13', 'present', '', 1, '2025-09-13 01:34:58', '2025-09-13 01:34:58'),
(465, 144, 10, 16, '2025-09-13', 'present', '', 1, '2025-09-13 01:35:11', '2025-09-13 01:35:11'),
(466, 145, 10, 16, '2025-09-13', 'present', '', 1, '2025-09-13 01:35:11', '2025-09-13 01:35:11'),
(467, 146, 10, 16, '2025-09-13', 'present', '', 1, '2025-09-13 01:35:11', '2025-09-13 01:35:11'),
(468, 147, 10, 16, '2025-09-13', 'present', '', 1, '2025-09-13 01:35:11', '2025-09-13 01:35:11'),
(469, 148, 10, 16, '2025-09-13', 'present', '', 1, '2025-09-13 01:35:11', '2025-09-13 01:35:11'),
(470, 149, 10, 16, '2025-09-13', 'present', '', 1, '2025-09-13 01:35:11', '2025-09-13 01:35:11'),
(471, 150, 10, 16, '2025-09-13', 'present', '', 1, '2025-09-13 01:35:11', '2025-09-13 01:35:11'),
(472, 151, 10, 16, '2025-09-13', 'present', '', 1, '2025-09-13 01:35:11', '2025-09-13 01:35:11'),
(473, 152, 10, 16, '2025-09-13', 'present', '', 1, '2025-09-13 01:35:11', '2025-09-13 01:35:11'),
(474, 153, 10, 16, '2025-09-13', 'present', '', 1, '2025-09-13 01:35:11', '2025-09-13 01:35:11'),
(475, 154, 10, 16, '2025-09-13', 'present', '', 1, '2025-09-13 01:35:11', '2025-09-13 01:35:11'),
(476, 155, 10, 16, '2025-09-13', 'present', '', 1, '2025-09-13 01:35:11', '2025-09-13 01:35:11'),
(477, 156, 10, 16, '2025-09-13', 'present', '', 1, '2025-09-13 01:35:11', '2025-09-13 01:35:11'),
(478, 157, 10, 16, '2025-09-13', 'present', '', 1, '2025-09-13 01:35:11', '2025-09-13 01:35:11'),
(479, 158, 10, 16, '2025-09-13', 'present', '', 1, '2025-09-13 01:35:11', '2025-09-13 01:35:11'),
(480, 159, 10, 16, '2025-09-13', 'present', '', 1, '2025-09-13 01:35:11', '2025-09-13 01:35:11'),
(481, 160, 10, 16, '2025-09-13', 'present', '', 1, '2025-09-13 01:35:11', '2025-09-13 01:35:11'),
(482, 161, 10, 16, '2025-09-13', 'present', '', 1, '2025-09-13 01:35:11', '2025-09-13 01:35:11'),
(483, 162, 10, 16, '2025-09-13', 'present', '', 1, '2025-09-13 01:35:11', '2025-09-13 01:35:11'),
(484, 163, 10, 16, '2025-09-13', 'present', '', 1, '2025-09-13 01:35:11', '2025-09-13 01:35:11'),
(485, 164, 10, 16, '2025-09-13', 'present', '', 1, '2025-09-13 01:35:11', '2025-09-13 01:35:11'),
(486, 165, 10, 16, '2025-09-13', 'present', '', 1, '2025-09-13 01:35:11', '2025-09-13 01:35:11'),
(487, 166, 10, 16, '2025-09-13', 'present', '', 1, '2025-09-13 01:35:11', '2025-09-13 01:35:11'),
(488, 167, 10, 16, '2025-09-13', 'present', '', 1, '2025-09-13 01:35:11', '2025-09-13 01:35:11'),
(489, 168, 10, 16, '2025-09-13', 'present', '', 1, '2025-09-13 01:35:11', '2025-09-13 01:35:11'),
(490, 169, 10, 16, '2025-09-13', 'present', '', 1, '2025-09-13 01:35:11', '2025-09-13 01:35:11'),
(491, 170, 10, 16, '2025-09-13', 'present', '', 1, '2025-09-13 01:35:11', '2025-09-13 01:35:11'),
(492, 171, 10, 16, '2025-09-13', 'present', '', 1, '2025-09-13 01:35:11', '2025-09-13 01:35:11');

-- --------------------------------------------------------

--
-- Table structure for table `classes`
--

CREATE TABLE `classes` (
  `id` int NOT NULL,
  `name` varchar(50) COLLATE utf8mb4_general_ci NOT NULL,
  `numeric_value` int DEFAULT NULL,
  `capacity` int DEFAULT NULL,
  `room_number` varchar(20) COLLATE utf8mb4_general_ci DEFAULT NULL,
  `class_teacher_id` int DEFAULT NULL,
  `monthly_fee` decimal(10,2) DEFAULT '0.00',
  `admission_fee` decimal(10,2) DEFAULT '0.00',
  `status` enum('active','inactive') COLLATE utf8mb4_general_ci DEFAULT 'active',
  `created_at` timestamp NOT NULL DEFAULT CURRENT_TIMESTAMP,
  `updated_at` timestamp NOT NULL DEFAULT CURRENT_TIMESTAMP ON UPDATE CURRENT_TIMESTAMP
) ENGINE=InnoDB DEFAULT CHARSET=utf8mb4 COLLATE=utf8mb4_general_ci;

--
-- Dumping data for table `classes`
--

INSERT INTO `classes` (`id`, `name`, `numeric_value`, `capacity`, `room_number`, `class_teacher_id`, `monthly_fee`, `admission_fee`, `status`, `created_at`, `updated_at`) VALUES
(1, 'দ্বিতীয়', 4, 50, '১০১', NULL, 400.00, 600.00, 'active', '2025-09-07 19:53:37', '2025-09-12 18:04:14'),
(2, 'প্রথম', 3, 50, '১০২', NULL, 350.00, 600.00, 'active', '2025-09-07 19:53:37', '2025-09-07 21:20:01'),
(6, 'তৃতীয়', 4, 50, '103', NULL, 350.00, 600.00, 'active', '2025-09-07 20:26:39', '2025-09-07 21:20:34'),
(7, 'নার্সারী', 0, 50, '101', NULL, 500.00, 500.00, 'active', '2025-09-07 21:17:42', '2025-09-07 21:17:42'),
(8, 'নার্সারী আপ', 2, 50, '102', NULL, 500.00, 500.00, 'active', '2025-09-07 21:18:42', '2025-09-07 21:19:42'),
(9, 'চতুর্থ', 5, 50, '', 17, 500.00, 500.00, 'active', '2025-09-07 21:20:56', '2025-09-12 18:00:43'),
(10, 'পঞ্চম', 7, 50, '', NULL, 0.00, 0.00, 'active', '2025-09-07 21:21:04', '2025-09-08 14:12:50');

-- --------------------------------------------------------

--
-- Table structure for table `class_subjects`
--

CREATE TABLE `class_subjects` (
  `id` int NOT NULL,
  `class_id` int NOT NULL,
  `subject_id` int NOT NULL,
  `teacher_id` int DEFAULT NULL,
  `created_at` timestamp NOT NULL DEFAULT CURRENT_TIMESTAMP,
  `updated_at` timestamp NOT NULL DEFAULT CURRENT_TIMESTAMP ON UPDATE CURRENT_TIMESTAMP
) ENGINE=InnoDB DEFAULT CHARSET=utf8mb4 COLLATE=utf8mb4_general_ci;

-- --------------------------------------------------------

--
-- Table structure for table `class_subject_teachers`
--

CREATE TABLE `class_subject_teachers` (
  `id` int NOT NULL,
  `class_id` int NOT NULL,
  `subject_id` int NOT NULL,
  `teacher_id` int NOT NULL,
  `created_at` timestamp NULL DEFAULT CURRENT_TIMESTAMP
) ENGINE=InnoDB DEFAULT CHARSET=utf8mb4 COLLATE=utf8mb4_0900_ai_ci;

--
-- Dumping data for table `class_subject_teachers`
--

INSERT INTO `class_subject_teachers` (`id`, `class_id`, `subject_id`, `teacher_id`, `created_at`) VALUES
(54, 7, 1, 3, '2025-09-08 18:45:37'),
(55, 7, 4, 3, '2025-09-08 18:45:37'),
(56, 8, 3, 3, '2025-09-08 18:45:37'),
(57, 2, 2, 3, '2025-09-08 18:45:37'),
(58, 2, 6, 3, '2025-09-08 18:45:37'),
(59, 1, 4, 3, '2025-09-08 18:45:37'),
(60, 1, 5, 3, '2025-09-08 18:45:37'),
(61, 6, 7, 3, '2025-09-08 18:45:37'),
(62, 6, 8, 3, '2025-09-08 18:45:37'),
(63, 9, 1, 3, '2025-09-08 18:45:37'),
(64, 9, 5, 3, '2025-09-08 18:45:37'),
(65, 9, 6, 3, '2025-09-08 18:45:37'),
(66, 10, 1, 3, '2025-09-08 18:45:37'),
(67, 10, 5, 3, '2025-09-08 18:45:37'),
(68, 10, 6, 3, '2025-09-08 18:45:37'),
(69, 8, 1, 14, '2025-09-09 03:53:55'),
(70, 8, 4, 14, '2025-09-09 03:53:55'),
(71, 9, 1, 14, '2025-09-09 03:53:55'),
(72, 10, 8, 14, '2025-09-09 03:53:55'),
(82, 7, 2, 17, '2025-09-12 17:17:18'),
(83, 8, 3, 17, '2025-09-12 17:17:18'),
(84, 8, 5, 17, '2025-09-12 17:17:18'),
(85, 2, 3, 17, '2025-09-12 17:17:18'),
(86, 1, 2, 17, '2025-09-12 17:17:18'),
(87, 1, 4, 17, '2025-09-12 17:17:18'),
(88, 6, 3, 17, '2025-09-12 17:17:18'),
(89, 6, 6, 17, '2025-09-12 17:17:18'),
(90, 9, 3, 17, '2025-09-12 17:17:18'),
(91, 10, 4, 17, '2025-09-12 17:17:18');

-- --------------------------------------------------------

--
-- Table structure for table `class_teachers`
--

CREATE TABLE `class_teachers` (
  `id` int NOT NULL,
  `class_id` int NOT NULL,
  `teacher_id` int NOT NULL,
  `created_at` timestamp NOT NULL DEFAULT CURRENT_TIMESTAMP,
  `updated_at` timestamp NOT NULL DEFAULT CURRENT_TIMESTAMP ON UPDATE CURRENT_TIMESTAMP
) ENGINE=InnoDB DEFAULT CHARSET=utf8mb4 COLLATE=utf8mb4_general_ci;

--
-- Dumping data for table `class_teachers`
--

INSERT INTO `class_teachers` (`id`, `class_id`, `teacher_id`, `created_at`, `updated_at`) VALUES
(21, 7, 3, '2025-09-08 18:45:37', '2025-09-08 18:45:37'),
(22, 8, 3, '2025-09-08 18:45:37', '2025-09-08 18:45:37'),
(23, 2, 3, '2025-09-08 18:45:37', '2025-09-08 18:45:37'),
(24, 1, 3, '2025-09-08 18:45:37', '2025-09-08 18:45:37'),
(25, 6, 3, '2025-09-08 18:45:37', '2025-09-08 18:45:37'),
(26, 9, 3, '2025-09-08 18:45:37', '2025-09-08 18:45:37'),
(27, 10, 3, '2025-09-08 18:45:37', '2025-09-08 18:45:37'),
(28, 6, 14, '2025-09-09 03:53:55', '2025-09-09 03:53:55'),
(30, 2, 17, '2025-09-12 17:17:18', '2025-09-12 17:17:18');

-- --------------------------------------------------------

--
-- Table structure for table `events`
--

CREATE TABLE `events` (
  `id` int NOT NULL,
  `title` varchar(255) COLLATE utf8mb4_general_ci NOT NULL,
  `description` text COLLATE utf8mb4_general_ci,
  `event_date` date NOT NULL,
  `event_time` time DEFAULT NULL,
  `location` varchar(255) COLLATE utf8mb4_general_ci DEFAULT NULL,
  `audience` enum('all','teachers','guardians','students') COLLATE utf8mb4_general_ci DEFAULT 'all',
  `created_by` int NOT NULL,
  `created_at` timestamp NOT NULL DEFAULT CURRENT_TIMESTAMP,
  `updated_at` timestamp NOT NULL DEFAULT CURRENT_TIMESTAMP ON UPDATE CURRENT_TIMESTAMP
) ENGINE=InnoDB DEFAULT CHARSET=utf8mb4 COLLATE=utf8mb4_general_ci;

-- --------------------------------------------------------

--
-- Table structure for table `exams`
--

CREATE TABLE `exams` (
  `id` int NOT NULL,
  `name` varchar(100) COLLATE utf8mb4_general_ci NOT NULL,
  `academic_year` varchar(20) COLLATE utf8mb4_general_ci NOT NULL,
  `class_id` int NOT NULL,
  `subject_id` int NOT NULL,
  `section_id` int NOT NULL,
  `exam_date` date DEFAULT NULL,
  `total_marks` decimal(5,2) NOT NULL,
  `pass_marks` decimal(5,2) NOT NULL,
  `created_at` timestamp NOT NULL DEFAULT CURRENT_TIMESTAMP,
  `updated_at` timestamp NOT NULL DEFAULT CURRENT_TIMESTAMP ON UPDATE CURRENT_TIMESTAMP
) ENGINE=InnoDB DEFAULT CHARSET=utf8mb4 COLLATE=utf8mb4_general_ci;

-- --------------------------------------------------------

--
-- Table structure for table `exam_results`
--

CREATE TABLE `exam_results` (
  `id` int NOT NULL,
  `exam_id` int NOT NULL,
  `student_id` int NOT NULL,
  `marks_obtained` decimal(5,2) NOT NULL,
  `grade` varchar(5) COLLATE utf8mb4_general_ci DEFAULT NULL,
  `remarks` text COLLATE utf8mb4_general_ci,
  `created_at` timestamp NOT NULL DEFAULT CURRENT_TIMESTAMP,
  `updated_at` timestamp NOT NULL DEFAULT CURRENT_TIMESTAMP ON UPDATE CURRENT_TIMESTAMP
) ENGINE=InnoDB DEFAULT CHARSET=utf8mb4 COLLATE=utf8mb4_general_ci;

-- --------------------------------------------------------

--
-- Table structure for table `fee_categories`
--

CREATE TABLE `fee_categories` (
  `id` int NOT NULL,
  `name` varchar(100) COLLATE utf8mb4_general_ci NOT NULL,
  `description` text COLLATE utf8mb4_general_ci,
  `created_at` timestamp NOT NULL DEFAULT CURRENT_TIMESTAMP,
  `updated_at` timestamp NOT NULL DEFAULT CURRENT_TIMESTAMP ON UPDATE CURRENT_TIMESTAMP
) ENGINE=InnoDB DEFAULT CHARSET=utf8mb4 COLLATE=utf8mb4_general_ci;

--
-- Dumping data for table `fee_categories`
--

INSERT INTO `fee_categories` (`id`, `name`, `description`, `created_at`, `updated_at`) VALUES
(1, 'টিউশন ফি', 'মাসিক টিউশন ফি', '2025-09-07 18:32:53', '2025-09-07 18:32:53'),
(2, 'ভর্তি ফি', 'নতুন ভর্তির ফি', '2025-09-07 18:32:53', '2025-09-07 18:32:53'),
(3, 'পরীক্ষা ফি', 'পরীক্ষার ফি', '2025-09-07 18:32:53', '2025-09-07 18:32:53'),
(4, 'বই ফি', 'বই ও গাইড ফি', '2025-09-07 18:32:53', '2025-09-07 18:32:53'),
(5, 'অন্যান্য', 'অন্যান্য সকল ফি', '2025-09-07 18:32:53', '2025-09-07 18:32:53');

-- --------------------------------------------------------

--
-- Table structure for table `fee_payments`
--

CREATE TABLE `fee_payments` (
  `id` int NOT NULL,
  `student_id` int NOT NULL,
  `fee_structure_id` int NOT NULL,
  `amount` decimal(10,2) NOT NULL,
  `payment_date` date NOT NULL,
  `payment_method` enum('cash','bank_transfer','check','mobile_banking') COLLATE utf8mb4_general_ci DEFAULT 'cash',
  `transaction_id` varchar(100) COLLATE utf8mb4_general_ci DEFAULT NULL,
  `status` enum('paid','pending','partial') COLLATE utf8mb4_general_ci DEFAULT 'pending',
  `collected_by` int NOT NULL,
  `created_at` timestamp NOT NULL DEFAULT CURRENT_TIMESTAMP,
  `updated_at` timestamp NOT NULL DEFAULT CURRENT_TIMESTAMP ON UPDATE CURRENT_TIMESTAMP
) ENGINE=InnoDB DEFAULT CHARSET=utf8mb4 COLLATE=utf8mb4_general_ci;

-- --------------------------------------------------------

--
-- Table structure for table `fee_structures`
--

CREATE TABLE `fee_structures` (
  `id` int NOT NULL,
  `class_id` int NOT NULL,
  `fee_category_id` int NOT NULL,
  `amount` decimal(10,2) NOT NULL,
  `academic_year` varchar(20) COLLATE utf8mb4_general_ci NOT NULL,
  `created_at` timestamp NOT NULL DEFAULT CURRENT_TIMESTAMP,
  `updated_at` timestamp NOT NULL DEFAULT CURRENT_TIMESTAMP ON UPDATE CURRENT_TIMESTAMP
) ENGINE=InnoDB DEFAULT CHARSET=utf8mb4 COLLATE=utf8mb4_general_ci;

-- --------------------------------------------------------

--
-- Table structure for table `guardian_relations`
--

CREATE TABLE `guardian_relations` (
  `id` int NOT NULL,
  `name` varchar(50) COLLATE utf8mb4_general_ci NOT NULL,
  `created_at` timestamp NOT NULL DEFAULT CURRENT_TIMESTAMP
) ENGINE=InnoDB DEFAULT CHARSET=utf8mb4 COLLATE=utf8mb4_general_ci;

--
-- Dumping data for table `guardian_relations`
--

INSERT INTO `guardian_relations` (`id`, `name`, `created_at`) VALUES
(1, 'পিতা', '2025-09-07 19:41:14'),
(2, 'মাতা', '2025-09-07 19:41:14'),
(3, 'চাচা', '2025-09-07 19:41:14'),
(4, 'চাচী', '2025-09-07 19:41:14'),
(5, 'দাদা', '2025-09-07 19:41:14'),
(6, 'দাদী', '2025-09-07 19:41:14'),
(7, 'নানা', '2025-09-07 19:41:14'),
(8, 'নানী', '2025-09-07 19:41:14'),
(9, 'অন্যান্য', '2025-09-07 19:41:14');

-- --------------------------------------------------------

--
-- Table structure for table `holidays`
--

CREATE TABLE `holidays` (
  `id` int NOT NULL,
  `title` varchar(255) NOT NULL,
  `date` date NOT NULL,
  `description` text,
  `status` enum('active','inactive') NOT NULL DEFAULT 'active',
  `created_at` timestamp NOT NULL DEFAULT CURRENT_TIMESTAMP,
  `updated_at` timestamp NOT NULL DEFAULT CURRENT_TIMESTAMP ON UPDATE CURRENT_TIMESTAMP
) ENGINE=InnoDB DEFAULT CHARSET=utf8mb3;

--
-- Dumping data for table `holidays`
--

INSERT INTO `holidays` (`id`, `title`, `date`, `description`, `status`, `created_at`, `updated_at`) VALUES
(6, 'Hm', '2025-09-30', '', 'active', '2025-09-12 15:25:49', '2025-09-12 15:25:49');

-- --------------------------------------------------------

--
-- Table structure for table `leave_applications`
--

CREATE TABLE `leave_applications` (
  `id` int NOT NULL,
  `student_id` int NOT NULL,
  `guardian_id` int NOT NULL,
  `leave_type` enum('sick','personal','family','other') COLLATE utf8mb4_general_ci NOT NULL,
  `start_date` date NOT NULL,
  `end_date` date NOT NULL,
  `reason` text COLLATE utf8mb4_general_ci NOT NULL,
  `status` enum('pending','approved','rejected') COLLATE utf8mb4_general_ci DEFAULT 'pending',
  `approved_by` int DEFAULT NULL,
  `created_at` timestamp NOT NULL DEFAULT CURRENT_TIMESTAMP,
  `updated_at` timestamp NOT NULL DEFAULT CURRENT_TIMESTAMP ON UPDATE CURRENT_TIMESTAMP
) ENGINE=InnoDB DEFAULT CHARSET=utf8mb4 COLLATE=utf8mb4_general_ci;

-- --------------------------------------------------------

--
-- Table structure for table `notices`
--

CREATE TABLE `notices` (
  `id` int NOT NULL,
  `title` varchar(255) COLLATE utf8mb4_general_ci NOT NULL,
  `content` text COLLATE utf8mb4_general_ci NOT NULL,
  `target_audience` enum('all','teachers','guardians','students') COLLATE utf8mb4_general_ci DEFAULT 'all',
  `publish_date` date NOT NULL,
  `expire_date` date DEFAULT NULL,
  `created_by` int NOT NULL,
  `created_at` timestamp NOT NULL DEFAULT CURRENT_TIMESTAMP,
  `updated_at` timestamp NOT NULL DEFAULT CURRENT_TIMESTAMP ON UPDATE CURRENT_TIMESTAMP
) ENGINE=InnoDB DEFAULT CHARSET=utf8mb4 COLLATE=utf8mb4_general_ci;

-- --------------------------------------------------------

--
-- Table structure for table `routines`
--

CREATE TABLE `routines` (
  `id` int NOT NULL,
  `class_id` int NOT NULL,
  `section_id` int NOT NULL,
  `day_of_week` enum('saturday','sunday','monday','tuesday','wednesday','thursday','friday') COLLATE utf8mb4_general_ci NOT NULL,
  `period_number` int NOT NULL,
  `subject_id` int NOT NULL,
  `teacher_id` int NOT NULL,
  `start_time` time NOT NULL,
  `end_time` time NOT NULL,
  `created_at` timestamp NOT NULL DEFAULT CURRENT_TIMESTAMP,
  `updated_at` timestamp NOT NULL DEFAULT CURRENT_TIMESTAMP ON UPDATE CURRENT_TIMESTAMP
) ENGINE=InnoDB DEFAULT CHARSET=utf8mb4 COLLATE=utf8mb4_general_ci;

-- --------------------------------------------------------

--
-- Table structure for table `school_info`
--

CREATE TABLE `school_info` (
  `id` int NOT NULL,
  `name` varchar(255) COLLATE utf8mb4_general_ci NOT NULL,
  `address` text COLLATE utf8mb4_general_ci NOT NULL,
  `phone` varchar(20) COLLATE utf8mb4_general_ci DEFAULT NULL,
  `email` varchar(100) COLLATE utf8mb4_general_ci DEFAULT NULL,
  `logo` varchar(255) COLLATE utf8mb4_general_ci DEFAULT NULL,
  `established_year` int DEFAULT NULL,
  `principal_name` varchar(100) COLLATE utf8mb4_general_ci DEFAULT NULL,
  `website` varchar(255) COLLATE utf8mb4_general_ci DEFAULT NULL,
  `created_at` timestamp NOT NULL DEFAULT CURRENT_TIMESTAMP,
  `updated_at` timestamp NOT NULL DEFAULT CURRENT_TIMESTAMP ON UPDATE CURRENT_TIMESTAMP
) ENGINE=InnoDB DEFAULT CHARSET=utf8mb4 COLLATE=utf8mb4_general_ci;

--
-- Dumping data for table `school_info`
--

INSERT INTO `school_info` (`id`, `name`, `address`, `phone`, `email`, `logo`, `established_year`, `principal_name`, `website`, `created_at`, `updated_at`) VALUES
(1, 'বাতিঘর প্রি-ক্যাডেট স্কুল', 'জোড়পুকুরিয়া, গাংনী, মেহেরপুর', '+8801718868852', 'info@batighorbd.com', '1757281102_jss_logo.png', 2008, 'আ.স.ম সামসুল কামাল', '', '2025-09-07 18:32:53', '2025-09-13 06:19:11');

-- --------------------------------------------------------

--
-- Table structure for table `sections`
--

CREATE TABLE `sections` (
  `id` int NOT NULL,
  `class_id` int NOT NULL,
  `name` varchar(50) COLLATE utf8mb4_general_ci NOT NULL,
  `capacity` int DEFAULT NULL,
  `room_number` varchar(20) COLLATE utf8mb4_general_ci DEFAULT NULL,
  `section_teacher_id` int DEFAULT NULL,
  `status` enum('active','inactive') COLLATE utf8mb4_general_ci DEFAULT 'active',
  `created_at` timestamp NOT NULL DEFAULT CURRENT_TIMESTAMP,
  `updated_at` timestamp NOT NULL DEFAULT CURRENT_TIMESTAMP ON UPDATE CURRENT_TIMESTAMP
) ENGINE=InnoDB DEFAULT CHARSET=utf8mb4 COLLATE=utf8mb4_general_ci;

--
-- Dumping data for table `sections`
--

INSERT INTO `sections` (`id`, `class_id`, `name`, `capacity`, `room_number`, `section_teacher_id`, `status`, `created_at`, `updated_at`) VALUES
(1, 1, 'ক', 25, '১০১-ক', NULL, 'active', '2025-09-07 19:53:37', '2025-09-07 20:41:52'),
(3, 2, 'ক', 15, '১০২-ক', NULL, 'active', '2025-09-07 19:53:37', '2025-09-07 19:53:37'),
(12, 9, 'ক', 50, '', 17, 'active', '2025-09-07 21:21:45', '2025-09-12 18:01:05'),
(13, 6, 'ক', 0, '', NULL, 'active', '2025-09-07 21:21:58', '2025-09-07 21:21:58'),
(14, 7, 'ক', 0, '', NULL, 'active', '2025-09-07 21:22:15', '2025-09-07 21:22:15'),
(15, 8, 'ক', 0, '', NULL, 'active', '2025-09-07 21:22:25', '2025-09-07 21:22:25'),
(16, 10, 'ক', 0, '', NULL, 'active', '2025-09-07 21:22:34', '2025-09-07 21:22:34');

-- --------------------------------------------------------

--
-- Table structure for table `sms_logs`
--

CREATE TABLE `sms_logs` (
  `id` int NOT NULL,
  `template_id` int DEFAULT NULL,
  `recipient_number` varchar(20) COLLATE utf8mb4_general_ci NOT NULL,
  `message` text COLLATE utf8mb4_general_ci NOT NULL,
  `status` enum('sent','failed') COLLATE utf8mb4_general_ci NOT NULL,
  `sent_by` int NOT NULL,
  `sent_at` timestamp NOT NULL DEFAULT CURRENT_TIMESTAMP
) ENGINE=InnoDB DEFAULT CHARSET=utf8mb4 COLLATE=utf8mb4_general_ci;

-- --------------------------------------------------------

--
-- Table structure for table `sms_templates`
--

CREATE TABLE `sms_templates` (
  `id` int NOT NULL,
  `title` varchar(100) COLLATE utf8mb4_general_ci NOT NULL,
  `content` text COLLATE utf8mb4_general_ci NOT NULL,
  `created_at` timestamp NOT NULL DEFAULT CURRENT_TIMESTAMP,
  `updated_at` timestamp NOT NULL DEFAULT CURRENT_TIMESTAMP ON UPDATE CURRENT_TIMESTAMP
) ENGINE=InnoDB DEFAULT CHARSET=utf8mb4 COLLATE=utf8mb4_general_ci;

--
-- Dumping data for table `sms_templates`
--

INSERT INTO `sms_templates` (`id`, `title`, `content`, `created_at`, `updated_at`) VALUES
(1, 'উপস্থিতি নোটিফিকেশন', 'প্রিয় অভিভাবক, আপনার সন্তান {student_name} আজ {date} তারিখে {status} রয়েছে। ধন্যবাদান্তে, {school_name}', '2025-09-07 18:32:54', '2025-09-07 18:32:54'),
(2, 'ফি অনুস্মারক', 'প্রিয় অভিভাবক, {month} মাসের ফি {amount} টাকা প্রদানের জন্য অনুরোধ করা হলো। ধন্যবাদান্তে, {school_name}', '2025-09-07 18:32:54', '2025-09-07 18:32:54'),
(3, 'পরীক্ষা নোটিফিকেশন', 'প্রিয় অভিভাবক, {exam_name} পরীক্ষা {exam_date} তারিখে নির্ধারিত হয়েছে। ধন্যবাদান্তে, {school_name}', '2025-09-07 18:32:54', '2025-09-07 18:32:54');

-- --------------------------------------------------------

--
-- Table structure for table `students`
--

CREATE TABLE `students` (
  `id` int NOT NULL,
  `student_id` varchar(20) COLLATE utf8mb4_general_ci NOT NULL,
  `first_name` varchar(50) COLLATE utf8mb4_general_ci NOT NULL,
  `last_name` varchar(50) COLLATE utf8mb4_general_ci NOT NULL,
  `father_name` varchar(100) COLLATE utf8mb4_general_ci DEFAULT NULL,
  `mother_name` varchar(100) COLLATE utf8mb4_general_ci DEFAULT NULL,
  `guardian_relation` varchar(50) COLLATE utf8mb4_general_ci DEFAULT NULL,
  `birth_certificate_no` varchar(50) COLLATE utf8mb4_general_ci DEFAULT NULL,
  `date_of_birth` date NOT NULL,
  `gender` enum('male','female','other') COLLATE utf8mb4_general_ci NOT NULL,
  `blood_group` varchar(5) COLLATE utf8mb4_general_ci DEFAULT NULL,
  `religion` varchar(20) COLLATE utf8mb4_general_ci DEFAULT NULL,
  `present_address` text COLLATE utf8mb4_general_ci,
  `permanent_address` text COLLATE utf8mb4_general_ci,
  `mobile_number` varchar(20) COLLATE utf8mb4_general_ci DEFAULT NULL,
  `address` text COLLATE utf8mb4_general_ci,
  `city` varchar(50) COLLATE utf8mb4_general_ci DEFAULT NULL,
  `country` varchar(50) COLLATE utf8mb4_general_ci DEFAULT NULL,
  `photo` varchar(255) COLLATE utf8mb4_general_ci DEFAULT NULL,
  `class_id` int NOT NULL,
  `section_id` int NOT NULL,
  `roll_number` int DEFAULT NULL,
  `guardian_id` int DEFAULT NULL,
  `admission_date` date DEFAULT NULL,
  `status` enum('active','inactive','graduated') COLLATE utf8mb4_general_ci DEFAULT 'active',
  `created_at` timestamp NOT NULL DEFAULT CURRENT_TIMESTAMP,
  `updated_at` timestamp NOT NULL DEFAULT CURRENT_TIMESTAMP ON UPDATE CURRENT_TIMESTAMP
) ENGINE=InnoDB DEFAULT CHARSET=utf8mb4 COLLATE=utf8mb4_general_ci;

--
-- Dumping data for table `students`
--

INSERT INTO `students` (`id`, `student_id`, `first_name`, `last_name`, `father_name`, `mother_name`, `guardian_relation`, `birth_certificate_no`, `date_of_birth`, `gender`, `blood_group`, `religion`, `present_address`, `permanent_address`, `mobile_number`, `address`, `city`, `country`, `photo`, `class_id`, `section_id`, `roll_number`, `guardian_id`, `admission_date`, `status`, `created_at`, `updated_at`) VALUES
(1, 'STU20255317', 'আব্দুস', 'সালাম', 'খবির উদ্দীন', 'জাহানারা খাতুন', 'পিতা', '20125714773114142', '2012-02-21', 'male', 'O+', 'Islam', 'জোড়পুকুরিয়া, গাংনী, মেহেরপুর', 'জোড়পুকুরিয়া, গাংনী, মেহেরপুর', '01762396713', NULL, NULL, NULL, '1757338153_1757304574714.jpg', 1, 1, 1, NULL, '2025-09-08', 'active', '2025-09-07 21:00:41', '2025-09-08 13:29:13'),
(3, 'STU20254030', 'মাহি', 'খাতুন', 'আব্দুল মমিন', 'নয়নতারা', 'পিতা', '20115714784112141', '2011-06-27', 'female', 'A-', 'Islam', 'বামুন্দী, গাংনী, মেহেরপুর', 'বামুন্দী, গাংনী, মেহেরপুর', '01885926363', NULL, NULL, NULL, '1757337777_aadadfff.jpg', 2, 3, 2, NULL, '2025-09-08', 'active', '2025-09-07 21:10:17', '2025-09-08 13:29:34'),
(4, 'STU20259491', 'আয়মান', 'হোসেন', 'খাইবার হোসেন', 'জান্নাতুল খাতুন', 'মাতা', '20155714773112541', '2015-02-06', 'male', 'B+', 'Islam', 'জোড়পুকুরিয়া, গাংনী, মেহেরপুর', 'জোড়পুকুরিয়া, গাংনী, মেহেরপুর', '01762396713', NULL, NULL, NULL, '1757340672_1757308652924.jpg', 9, 12, 5, NULL, '2025-09-08', 'active', '2025-09-08 11:45:12', '2025-09-08 16:46:06'),
(5, 'STU20256603', 'আহমদ ', 'কাবরান', 'আয়ুব আলী ', 'কামরুন্নাহার ', 'পিতা', '', '2025-09-02', 'male', 'B-', 'Islam', 'তেরাইল, জোড়পুকুরিয়া,  গাংনী, মেহেরপুর ', 'তেরাইল, জোড়পুকুরিয়া,  গাংনী, মেহেরপুর ', '01762396713', NULL, NULL, NULL, '1757357279_IMG-20250907-WA0003.jpg', 1, 1, 15, NULL, '2025-09-08', 'active', '2025-09-08 17:14:02', '2025-09-08 18:59:08'),
(6, 'STU20250001', 'Atlatun Marzana', 'Nimu', 'Md Sharif Uddin', 'Mst Anjuman Ara Khatun', '', '', '2012-05-21', 'female', '', 'Islam', 'Bhomordah', 'Bhomordah', '1716791512', '', '', 'Bangladesh', '', 1, 1, 1, NULL, '2025-01-01', 'active', '2025-09-07 21:00:41', '2025-09-07 21:00:41'),
(7, 'STU20250002', 'Miss Sayma', 'Rahman', 'Md Sayedur Rahman', 'Mst Meherun Nessa', '', '', '2012-05-21', 'female', '', 'Islam', 'Terail', 'Terail', '1917942667', '', '', 'Bangladesh', '', 1, 1, 2, NULL, '2025-01-01', 'active', '2025-09-07 21:00:41', '2025-09-07 21:00:41'),
(8, 'STU20250003', 'Md Senzeed Zaman', 'Rafi', 'Md Asaduzzaman', 'Miss Sadia Farjana', '', '', '2012-05-21', 'male', '', 'Islam', 'Shohorabaria', 'Shohorabaria', '1747777359', '', '', 'Bangladesh', '', 1, 1, 3, NULL, '2025-01-01', 'active', '2025-09-07 21:00:41', '2025-09-07 21:00:41'),
(9, 'STU20250004', 'Mst Razia', 'Sultana', 'Md Shamim Asraf', 'Mst Nargis Parvin', '', '', '2012-05-21', 'female', '', 'Islam', 'Bhrat', 'Bhrat', '1321585600', '', '', 'Bangladesh', '', 1, 1, 4, NULL, '2025-01-01', 'active', '2025-09-07 21:00:41', '2025-09-07 21:00:41'),
(10, 'STU20250005', 'Wasfiya Jannat', 'Othe', 'Md shahidul Islam', 'Miss Jahanara Khatun', '', '', '2012-05-21', 'female', '', 'Islam', 'Nisipur Bamondi', 'Nisipur Bamondi', '1721749703', '', '', 'Bangladesh', '', 1, 1, 5, NULL, '2025-01-01', 'active', '2025-09-07 21:00:41', '2025-09-07 21:00:41'),
(11, 'STU20250006', 'Arisha', 'Islam', 'Md Ariful Islam', 'Mst Bobita Khatun', '', '', '2012-05-21', 'female', '', 'Islam', 'Matmura', 'Matmura', '1724844154', '', '', 'Bangladesh', '', 1, 1, 6, NULL, '2025-01-01', 'active', '2025-09-07 21:00:41', '2025-09-07 21:00:41'),
(12, 'STU20250007', 'Umme Jarin', 'Tabassum', 'Kh. Mohiuddin Bitas', 'Mst Jahanara Khatun', '', '', '2012-05-21', 'female', '', 'Islam', 'Jorepukuria', 'Jorepukuria', '1875337670', '', '', 'Bangladesh', '', 1, 1, 7, NULL, '2025-01-01', 'active', '2025-09-07 21:00:41', '2025-09-07 21:00:41'),
(13, 'STU20250008', 'Lima Parvin', 'Sammi', 'Md Sanarul Islam', 'Mst Fahima Khatun', '', '', '2012-05-21', 'female', '', 'Islam', 'Bhomordad', 'Bhomordad', '1724454240', '', '', 'Bangladesh', '', 1, 1, 8, NULL, '2025-01-01', 'active', '2025-09-07 21:00:41', '2025-09-07 21:00:41'),
(14, 'STU20250009', 'Mursalin Ahamed', 'Riju', 'Md Mokul Hossian', 'Mst Chompa Khatun', '', '', '2012-05-21', 'male', '', 'Islam', 'Moheshpur', 'Moheshpur', '1773544372', '', '', 'Bangladesh', '', 1, 1, 9, NULL, '2025-01-01', 'active', '2025-09-07 21:00:41', '2025-09-07 21:00:41'),
(15, 'STU20250010', 'Mst Mollika', 'Khatun', 'Md Osman Goni', 'Mst Champa Khatun', '', '', '2012-05-21', 'female', '', 'Islam', 'Akubpur', 'Akubpur', '1767732137', '', '', 'Bangladesh', '', 1, 1, 10, NULL, '2025-01-01', 'active', '2025-09-07 21:00:41', '2025-09-07 21:00:41'),
(16, 'STU20250011', 'Mst Roja', 'Islam', 'Md Asraful Islam', 'Sharmin', '', '', '2012-05-21', 'female', '', 'Islam', 'Sholotaka', 'Sholotaka', '1763757311', '', '', 'Bangladesh', '', 1, 1, 11, NULL, '2025-01-01', 'active', '2025-09-07 21:00:41', '2025-09-07 21:00:41'),
(17, 'STU20250012', 'Md Sagor', 'Hossain', 'Md Shaiful Islam', 'Mst Maniara Parven', '', '', '2012-05-21', 'male', '', 'Islam', 'jorepukuria', 'jorepukuria', '1762373868', '', '', 'Bangladesh', '', 1, 1, 12, NULL, '2025-01-01', 'active', '2025-09-07 21:00:41', '2025-09-07 21:00:41'),
(18, 'STU20250013', 'Mst', 'Monira', 'Md Abdus Salam', 'Mst Mala', '', '', '2012-05-21', 'female', '', 'Islam', 'Bamondi', 'Bamondi', '1755705709', '', '', 'Bangladesh', '', 1, 1, 13, NULL, '2025-01-01', 'active', '2025-09-07 21:00:41', '2025-09-07 21:00:41'),
(19, 'STU20250014', 'Mst Fariha', 'Khatun', 'Md Selim Hossen', 'Mst Chompa Khatun', '', '', '2012-05-21', 'female', '', 'Islam', 'Bamondi', 'Bamondi', '1311732906', '', '', 'Bangladesh', '', 1, 1, 14, NULL, '2025-01-01', 'active', '2025-09-07 21:00:41', '2025-09-07 21:00:41'),
(20, 'STU20250015', 'Mst Abu Ismat', 'Brinty', 'Md Abu Bokor', 'Mst ', '', '', '2012-05-21', 'female', '', 'Islam', 'Garabaria', 'Garabaria', '1727158852', '', '', 'Bangladesh', '', 1, 1, 15, NULL, '2025-01-01', 'active', '2025-09-07 21:00:41', '2025-09-07 21:00:41'),
(21, 'STU20250016', 'Mst Sadia', 'Afrin', 'Mohammad Ali', 'Mst Kakoli Khatun', '', '', '2012-05-21', 'female', '', 'Islam', 'Bhomordah', 'Bhomordah', '1720140141', '', '', 'Bangladesh', '', 1, 1, 16, NULL, '2025-01-01', 'active', '2025-09-07 21:00:41', '2025-09-07 21:00:41'),
(22, 'STU20250017', 'Jannatul', 'Rose', 'Mohammad Hasannuzzaman Hasan', 'Mst Lovely Khatun', '', '', '2012-05-21', 'female', '', 'Islam', 'Jorepukuria', 'Jorepukuria', '1771843793', '', '', 'Bangladesh', '', 1, 1, 17, NULL, '2025-01-01', 'active', '2025-09-07 21:00:41', '2025-09-07 21:00:41'),
(23, 'STU20250018', 'Mst Nusrat Jahan', 'Summa', 'Md Saiful Islam', 'Mst Asma Khatun', '', '', '2012-05-21', 'female', '', 'Islam', 'Jorepukuria', 'Jorepukuria', '1720908150', '', '', 'Bangladesh', '', 1, 1, 18, NULL, '2025-01-01', 'active', '2025-09-07 21:00:41', '2025-09-07 21:00:41'),
(24, 'STU20250019', 'Md Yeasin', 'Arafat', 'Md Zahidul Islam', 'Mst Runa Nasrin', '', '', '2012-05-21', 'male', '', 'Islam', 'Terail', 'Terail', '1770626028', '', '', 'Bangladesh', '', 1, 1, 19, NULL, '2025-01-01', 'active', '2025-09-07 21:00:41', '2025-09-07 21:00:41'),
(25, 'STU20250020', 'Mst Tawrin', 'Tabassum', 'Md Gahangir Hasan', 'Mst Fuljhori Khatun', '', '', '2012-05-21', 'female', '', 'Islam', 'Moheshpur', 'Moheshpur', '1718655703', '', '', 'Bangladesh', '', 1, 1, 20, NULL, '2025-01-01', 'active', '2025-09-07 21:00:41', '2025-09-07 21:00:41'),
(26, 'STU20250021', 'Mst Ahosana Akter', 'Mim', 'Md Aklach', 'Mst Razia Sultana', '', '', '2012-05-21', 'female', '', 'Islam', 'Hogoalbaria', 'Hogoalbaria', '1762743462', '', '', 'Bangladesh', '', 1, 1, 21, NULL, '2025-01-01', 'active', '2025-09-07 21:00:41', '2025-09-07 21:00:41'),
(27, 'STU20250022', 'Md Abu', 'Huzaifa', 'Md Earul Islam', 'Mst Jasmin Khatun', '', '', '2012-05-21', 'male', '', 'Islam', 'Sholotaka', 'Sholotaka', '1719307026', '', '', 'Bangladesh', '', 1, 1, 22, NULL, '2025-01-01', 'active', '2025-09-07 21:00:41', '2025-09-07 21:00:41'),
(28, 'STU20250023', 'Mst. Elma', 'Khatun', 'Md Abdur Rahim ', 'Mst Kaniz Fatema', '', '', '2012-05-21', 'female', '', 'Islam', 'Akubpur ', 'Akubpur ', '1737846928', '', '', 'Bangladesh', '', 1, 1, 23, NULL, '2025-01-01', 'active', '2025-09-07 21:00:41', '2025-09-07 21:00:41'),
(29, 'STU20250024', 'Sinfa Noor', 'Esha', 'Md.Raihan', 'Mst.Sharmin', '', '', '2012-05-21', 'female', '', 'Islam', 'Akubpur ', 'Akubpur ', '1329364959', '', '', 'Bangladesh', '', 1, 1, 24, NULL, '2025-01-01', 'active', '2025-09-07 21:00:41', '2025-09-07 21:00:41'),
(30, 'STU20250025', 'Md Limon', 'Ali', 'Md Liton Ali', 'Mst Jasmen Akter', '', '', '2012-05-21', 'male', '', 'Islam', 'Mailmaria', 'Mailmaria', '1714367983', '', '', 'Bangladesh', '', 1, 1, 25, NULL, '2025-01-01', 'active', '2025-09-07 21:00:41', '2025-09-07 21:00:41'),
(31, 'STU20250026', 'Mst Abu Israt', 'Bushra', 'Md Abu Bakar ', 'Sreemoti Mita Rani Karmokar', '', '', '2012-05-21', 'female', '', 'Islam', 'Garabaria', 'Garabaria', '1727158852', '', '', 'Bangladesh', '', 1, 1, 26, NULL, '2025-01-01', 'active', '2025-09-07 21:00:41', '2025-09-07 21:00:41'),
(32, 'STU20250027', 'Md Tahmid', 'Islam', 'Md Masud Rana', 'Mst.Jasmen Akter', '', '', '2012-05-21', 'male', '', 'Islam', 'Chargoalgram', 'Chargoalgram', '1323237591', '', '', 'Bangladesh', '', 1, 1, 27, NULL, '2025-01-01', 'active', '2025-09-07 21:00:41', '2025-09-07 21:00:41'),
(33, 'STU20250028', 'Md Arafat', 'Rahman', 'MD Hasan Ali ', 'Mst Halima Khanom', '', '', '2012-05-21', 'male', '', 'Islam', 'Jorepukuria', 'Jorepukuria', '1726127613', '', '', 'Bangladesh', '', 1, 1, 28, NULL, '2025-01-01', 'active', '2025-09-07 21:00:41', '2025-09-07 21:00:41'),
(34, 'STU20250029', 'Md Jihad', 'Ali', 'Md Mobarak', 'Mst Kamrunnahar', '', '', '2012-05-21', 'male', '', 'Islam', 'Sholotaka', 'Sholotaka', '1325201102', '', '', 'Bangladesh', '', 1, 1, 29, NULL, '2025-01-01', 'active', '2025-09-07 21:00:41', '2025-09-07 21:00:41'),
(35, 'STU20250030', 'Md Galib', 'Ahmed', 'Md Ariful Islam', 'Mst Shathiara ', '', '', '2012-05-21', 'male', '', 'Islam', 'Sholotaka', 'Sholotaka', '1770704861', '', '', 'Bangladesh', '', 1, 1, 30, NULL, '2025-01-01', 'active', '2025-09-07 21:00:41', '2025-09-07 21:00:41'),
(36, 'STU20250031', 'Mst Sadea', 'Khatun', 'Md Esraf Hossen ', 'Mst.Shamoli Khatun', '', '', '2012-05-21', 'female', '', 'Islam', 'Terail ', 'Terail ', '1967332948', '', '', 'Bangladesh', '', 2, 3, 1, NULL, '2025-01-01', 'active', '2025-09-07 21:00:41', '2025-09-07 21:00:41'),
(37, 'STU20250032', 'Mst Sabiha Jahan', 'Mim', 'Md Jahidul Islam', 'Mst Razia Khatun', '', '', '2012-05-21', 'female', '', 'Islam', 'Shohorabaria Jugir Gofa', 'Shohorabaria Jugir Gofa', '1719970704', '', '', 'Bangladesh', '', 2, 3, 2, NULL, '2025-01-01', 'active', '2025-09-07 21:00:41', '2025-09-07 21:00:41'),
(38, 'STU20250033', 'Md Junaid', 'Islam', 'MD Rafikul Islam ', 'Mst Helena Khatun', '', '', '2012-05-21', 'male', '', 'Islam', 'Durlovpur', 'Durlovpur', '1887837584', '', '', 'Bangladesh', '', 2, 3, 3, NULL, '2025-01-01', 'active', '2025-09-07 21:00:41', '2025-09-07 21:00:41'),
(39, 'STU20250034', 'Md.Abdullah Bin Abdus', 'Satter', 'Md.Abdus Satter', 'Mst.Sabina Yesmin', '', '', '2012-05-21', 'male', '', 'Islam', '', '', '1763335834', '', '', 'Bangladesh', '', 2, 3, 4, NULL, '2025-01-01', 'active', '2025-09-07 21:00:41', '2025-09-07 21:00:41'),
(40, 'STU20250035', 'Nur Mohammud', 'Naim', 'Md Shaharul Islam ', 'Priya Rahaman', '', '', '2012-05-21', 'male', '', 'Islam', 'Bhomordha', 'Bhomordha', '1713917286', '', '', 'Bangladesh', '', 2, 3, 5, NULL, '2025-01-01', 'active', '2025-09-07 21:00:41', '2025-09-07 21:00:41'),
(41, 'STU20250036', 'Mst.Summa', 'Khatun', 'Md.Abdul Karim', 'Mst.Rehana Khatun', '', '', '2012-05-21', 'female', '', 'Islam', '', '', '1703507267', '', '', 'Bangladesh', '', 2, 3, 6, NULL, '2025-01-01', 'active', '2025-09-07 21:00:41', '2025-09-07 21:00:41'),
(42, 'STU20250037', 'Md Mahmudul Hasan', 'Fahim', 'Md Mamunur Rashid', 'Mst Champa Khatun Akhi', '', '', '2012-05-21', 'male', '', 'Islam', 'Darmochaki', 'Darmochaki', '1783401164', '', '', 'Bangladesh', '', 2, 3, 7, NULL, '2025-01-01', 'active', '2025-09-07 21:00:41', '2025-09-07 21:00:41'),
(43, 'STU20250038', 'Mst Kamona', 'Khatun', 'Md Fazlu', 'Mst Ratna Khatun', '', '', '2012-05-21', 'female', '', 'Islam', 'Jorepukuria', 'Jorepukuria', '1315990762', '', '', 'Bangladesh', '', 2, 3, 8, NULL, '2025-01-01', 'active', '2025-09-07 21:00:41', '2025-09-07 21:00:41'),
(44, 'STU20250039', 'Mst khadija', 'khatun', 'Md Hamidul Islam', 'Mst Lovely Khatun', '', '', '2012-05-21', 'female', '', 'Islam', 'Shohorabaria Manikdia', 'Shohorabaria Manikdia', '1727159221', '', '', 'Bangladesh', '', 2, 3, 9, NULL, '2025-01-01', 'active', '2025-09-07 21:00:41', '2025-09-07 21:00:41'),
(45, 'STU20250040', 'Mst Sumaiya', 'Khatun', 'Md Eleas Hossain ', 'Mst', '', '', '2012-05-21', 'female', '', 'Islam', 'Bhomordaha', 'Bhomordaha', '1752715990', '', '', 'Bangladesh', '', 2, 3, 10, NULL, '2025-01-01', 'active', '2025-09-07 21:00:41', '2025-09-07 21:00:41'),
(46, 'STU20250041', 'Mst Ayasha', 'Khatun', 'Md Anisur Rahman', 'Mst Yesmin', '', '', '2012-05-21', 'female', '', 'Islam', 'Hogalbaria', 'Hogalbaria', '1721506654', '', '', 'Bangladesh', '', 2, 3, 11, NULL, '2025-01-01', 'active', '2025-09-07 21:00:41', '2025-09-07 21:00:41'),
(47, 'STU20250042', 'Mst Raisa', 'Afrin', 'MD Biplab Hossen ', 'Mst Fahima Khan', '', '', '2012-05-21', 'female', '', 'Islam', 'Jorpukuria', 'Jorpukuria', '1873683593', '', '', 'Bangladesh', '', 2, 3, 12, NULL, '2025-01-01', 'active', '2025-09-07 21:00:41', '2025-09-07 21:00:41'),
(48, 'STU20250043', 'Mst Alifa', 'Israt', 'Md Ashraful Islam', 'Mst Rita Khatun', '', '', '2012-05-21', 'female', '', 'Islam', 'Moheshpur', 'Moheshpur', '1758555314', '', '', 'Bangladesh', '', 2, 3, 13, NULL, '2025-01-01', 'active', '2025-09-07 21:00:41', '2025-09-07 21:00:41'),
(49, 'STU20250044', 'Mst Mim', 'Khatun', 'MD Minaru Islam', 'Mst Asura Khatun', '', '', '2012-05-21', 'female', '', 'Islam', 'Sindurkouta', 'Sindurkouta', '1777886025', '', '', 'Bangladesh', '', 2, 3, 14, NULL, '2025-01-01', 'active', '2025-09-07 21:00:41', '2025-09-07 21:00:41'),
(50, 'STU20250045', 'MSt Tahsina', 'Tafannum', 'Md Al Mamun ', 'Mst farshia Aktar', '', '', '2012-05-21', 'female', '', 'Islam', 'Chatian', 'Chatian', '1771172658', '', '', 'Bangladesh', '', 2, 3, 15, NULL, '2025-01-01', 'active', '2025-09-07 21:00:41', '2025-09-07 21:00:41'),
(51, 'STU20250046', 'Md As', 'Saif', 'Md Uzzal Hossain', 'Mst Sharmin Sultana', '', '', '2012-05-21', 'male', '', 'Islam', 'Hogoalbaria', 'Hogoalbaria', '1880439767', '', '', 'Bangladesh', '', 2, 3, 16, NULL, '2025-01-01', 'active', '2025-09-07 21:00:41', '2025-09-07 21:00:41'),
(52, 'STU20250047', 'Mst Lamia', 'Aktar', 'Md Gaffarul Islam', 'MSt Nilufa Easmin', '', '', '2012-05-21', 'female', '', 'Islam', 'Moheshpur', 'Moheshpur', '1300324193', '', '', 'Bangladesh', '', 2, 3, 17, NULL, '2025-01-01', 'active', '2025-09-07 21:00:41', '2025-09-07 21:00:41'),
(53, 'STU20250048', 'Nur Mohammud', 'Jubayer', 'MD Abul Kalam Azad', 'Mst Champa Khatun ', '', '', '2012-05-21', 'male', '', 'Islam', 'jorepukuria', 'jorepukuria', '1733039546', '', '', 'Bangladesh', '', 2, 3, 18, NULL, '2025-01-01', 'active', '2025-09-07 21:00:41', '2025-09-07 21:00:41'),
(54, 'STU20250049', 'Md', 'Hamim', 'Md Zillur Rohoman', 'Mst Khadija Khatun', '', '', '2012-05-21', 'male', '', 'Islam', 'Bamondi', 'Bamondi', '1893272448', '', '', 'Bangladesh', '', 2, 3, 19, NULL, '2025-01-01', 'active', '2025-09-07 21:00:41', '2025-09-07 21:00:41'),
(55, 'STU20250050', 'Fardin', 'Rishan', 'Joynal Abadin', 'Mst Firoja Khatun', '', '', '2012-05-21', 'male', '', 'Islam', '0', '0', '1766233152', '', '', 'Bangladesh', '', 2, 3, 20, NULL, '2025-01-01', 'active', '2025-09-07 21:00:41', '2025-09-07 21:00:41'),
(56, 'STU20250051', 'Kumari Supti', 'Karmokar', 'Kamol Karmakar', 'Sreemoti Mita Rani Karmokar', '', '', '2012-05-21', 'female', '', 'Hindu', 'Sholotaka', 'Sholotaka', '1719456376', '', '', 'Bangladesh', '', 6, 13, 1, NULL, '2025-01-01', 'active', '2025-09-07 21:00:41', '2025-09-07 21:00:41'),
(57, 'STU20250052', 'Mst Chadni', 'Khatun', 'Md Kalu', 'Mst Taslima Khatun', '', '', '2012-05-21', 'female', '', 'Islam', 'Bhorat', 'Bhorat', '1742830085', '', '', 'Bangladesh', '', 6, 13, 2, NULL, '2025-01-01', 'active', '2025-09-07 21:00:41', '2025-09-07 21:00:41'),
(58, 'STU20250053', 'Md Junaid', 'Bagdadi', 'Md Jahidul Islam', 'Miss Sadia Farjana', '', '', '2012-05-21', 'male', '', 'Islam', 'Shohorabaria', 'Shohorabaria', '1719970704', '', '', 'Bangladesh', '', 6, 13, 3, NULL, '2025-01-01', 'active', '2025-09-07 21:00:41', '2025-09-07 21:00:41'),
(59, 'STU20250054', 'Sree Hemendro', 'Dash', 'Mohadeb Chandro Das', 'Sreemoti Himarani Dashi', '', '', '2012-05-21', 'male', '', 'Hindu', 'Bhomordah', 'Bhomordah', '1915359071', '', '', 'Bangladesh', '', 6, 13, 4, NULL, '2025-01-01', 'active', '2025-09-07 21:00:41', '2025-09-07 21:00:41'),
(60, 'STU20250055', 'Mst Mimma', 'Khatun', 'Md Mijanur Rohman', 'Mst Khushiara', '', '', '2012-05-21', 'female', '', 'Islam', 'Bhorat', 'Bhorat', '1326457505', '', '', 'Bangladesh', '', 6, 13, 5, NULL, '2025-01-01', 'active', '2025-09-07 21:00:41', '2025-09-07 21:00:41'),
(61, 'STU20250056', 'Mst Shefa', 'Khatun', 'MD Shahazan', 'Mst Champa Khatun ', '', '', '2012-05-21', 'female', '', 'Islam', 'jorepukuria', 'jorepukuria', '1822623336', '', '', 'Bangladesh', '', 6, 13, 6, NULL, '2025-01-01', 'active', '2025-09-07 21:00:41', '2025-09-07 21:00:41'),
(62, 'STU20250057', 'Md Sakibul', 'Islam', 'Md Jatirul Islam', 'Mst Shahanaz Parvin', '', '', '2012-05-21', 'male', '', 'Islam', 'Terail', 'Terail', '1720564656', '', '', 'Bangladesh', '', 6, 13, 7, NULL, '2025-01-01', 'active', '2025-09-07 21:00:41', '2025-09-07 21:00:41'),
(63, 'STU20250058', 'MD', 'Hossain', 'Md Mohabul Alom', 'Mst Forida Khatun', '', '', '2012-05-21', 'male', '', 'Islam', 'Shimultola ', 'Shimultola ', '1771748633', '', '', 'Bangladesh', '', 6, 13, 8, NULL, '2025-01-01', 'active', '2025-09-07 21:00:41', '2025-09-07 21:00:41'),
(64, 'STU20250059', 'Mst', 'Jenat', 'Md Abubakkor Siddique', 'Mst Kamrunnahar', '', '', '2012-05-21', 'female', '', 'Islam', 'Jorepukuria', 'Jorepukuria', '1744212256', '', '', 'Bangladesh', '', 6, 13, 9, NULL, '2025-01-01', 'active', '2025-09-07 21:00:41', '2025-09-07 21:00:41'),
(65, 'STU20250060', 'Md', 'Muttakin', 'Md Atiar Rohman', 'Mst Hosneara Khatun', '', '', '2012-05-21', 'male', '', 'Islam', 'Jorepukuria', 'Jorepukuria', '1813628335', '', '', 'Bangladesh', '', 6, 13, 10, NULL, '2025-01-01', 'active', '2025-09-07 21:00:41', '2025-09-07 21:00:41'),
(66, 'STU20250061', 'Mst Nusrat Jahan', 'Nur', 'Md Rayhan Uddin', 'Mst Kakoli Khatun', '', '', '2012-05-21', 'female', '', 'Islam', 'Jorepukuria', 'Jorepukuria', '1855682075', '', '', 'Bangladesh', '', 6, 13, 11, NULL, '2025-01-01', 'active', '2025-09-07 21:00:41', '2025-09-07 21:00:41'),
(67, 'STU20250062', 'Md Sajjad Hossain', 'Jisan', 'MD Ripon Ali', 'Mst Tumpa Khatun', '', '', '2012-05-21', 'male', '', 'Islam', 'Shimultola ', 'Shimultola ', '1724843866', '', '', 'Bangladesh', '', 6, 13, 12, NULL, '2025-01-01', 'active', '2025-09-07 21:00:41', '2025-09-07 21:00:41'),
(68, 'STU20250063', 'Raj', 'Ahmed', 'Md Nazmul Haque', 'Shatiara', '', '', '2012-05-21', 'male', '', 'Islam', 'Akubpur ', 'Akubpur ', '1307306796', '', '', 'Bangladesh', '', 6, 13, 13, NULL, '2025-01-01', 'active', '2025-09-07 21:00:41', '2025-09-07 21:00:41'),
(69, 'STU20250064', 'Md', 'sanaullah', 'Md Mohibul Huqe', 'Murashida', '', '', '2012-05-21', 'male', '', 'Islam', 'Terail Jorepukuria', 'Terail Jorepukuria', '1305956657', '', '', 'Bangladesh', '', 6, 13, 14, NULL, '2025-01-01', 'active', '2025-09-07 21:00:41', '2025-09-07 21:00:41'),
(70, 'STU20250065', 'Mst Rotna', 'Khatun', 'Md Rofikul Islam', 'Mst Nargisa Begom', '', '', '2012-05-21', 'female', '', 'Islam', 'Dharmochaki', 'Dharmochaki', '1767914653', '', '', 'Bangladesh', '', 6, 13, 15, NULL, '2025-01-01', 'active', '2025-09-07 21:00:41', '2025-09-07 21:00:41'),
(71, 'STU20250066', 'Md', 'Tamim', 'Md Zillur Rohoman', 'Mst Khadija Khatun', '', '', '2012-05-21', 'male', '', 'Islam', 'Terail Jorepukuria', 'Terail Jorepukuria', '1893272418', '', '', 'Bangladesh', '', 6, 13, 16, NULL, '2025-01-01', 'active', '2025-09-07 21:00:41', '2025-09-07 21:00:41'),
(72, 'STU20250067', 'Md', 'Abdullah', 'Md Ashraful Islam', 'Mst Roni Ara Khatun 74', '', '', '2012-05-21', 'male', '', 'Islam', 'Durlavpur', 'Durlavpur', '1740112172', '', '', 'Bangladesh', '', 6, 13, 17, NULL, '2025-01-01', 'active', '2025-09-07 21:00:41', '2025-09-07 21:00:41'),
(73, 'STU20250068', '', 'Saiful', 'Md', 'Mst Asma Khatun', '', '', '2012-05-21', 'male', '', 'Islam', 'Jorepukur', 'Jorepukur', '1765147288', '', '', 'Bangladesh', '', 6, 13, 18, NULL, '2025-01-01', 'active', '2025-09-07 21:00:41', '2025-09-07 21:00:41'),
(74, 'STU20250069', 'Anika Akther', 'Adila', 'Md.Ariful Islam', 'Rumana Khatun', '', '', '2012-05-21', 'female', '', 'Islam', '0', '0', '1766233152', '', '', 'Bangladesh', '', 6, 13, 19, NULL, '2025-01-01', 'active', '2025-09-07 21:00:41', '2025-09-07 21:00:41'),
(75, 'STU20250070', 'Md Sumaiya', 'Khatun', 'Abdul Hanif', 'Mst Sova Khatun', '', '', '2012-05-21', 'female', '', 'Islam', 'Munda Badiapara', 'Munda Badiapara', '1311299839', '', '', 'Bangladesh', '', 6, 13, 20, NULL, '2025-01-01', 'active', '2025-09-07 21:00:41', '2025-09-07 21:00:41'),
(76, 'STU20250071', 'Md TamIm', 'Iqbal', 'Md Mahabbot Ali', 'Mst Tunuara', '', '', '2012-05-21', 'male', '', 'Islam', 'Olinagor', 'Olinagor', '1969237695', '', '', 'Bangladesh', '', 6, 13, 21, NULL, '2025-01-01', 'active', '2025-09-07 21:00:41', '2025-09-07 21:00:41'),
(77, 'STU20250072', 'Nayeem', 'Hasan', 'Md Kaber Ali', 'Mst Shiuli Khatun', '', '', '2012-05-21', 'male', '', 'Islam', 'Olinagor', 'Olinagor', '1974326652', '', '', 'Bangladesh', '', 6, 13, 22, NULL, '2025-01-01', 'active', '2025-09-07 21:00:41', '2025-09-07 21:00:41'),
(78, 'STU20250073', 'Oliur', 'Rahman', 'Md Mahfuzur Rahman ', 'Mst Rahana Katun ', '', '', '2012-05-21', 'male', '', 'Islam', 'Simultala ', 'Simultala ', '1767962896', '', '', 'Bangladesh', '', 6, 13, 23, NULL, '2025-01-01', 'active', '2025-09-07 21:00:41', '2025-09-07 21:00:41'),
(79, 'STU20250074', 'Md', 'Siam', 'Milon Hosen', 'Mst Shamoly Khatun', '', '', '2012-05-21', 'male', '', 'Islam', 'Durlovpur ', 'Durlovpur ', '1718704252', '', '', 'Bangladesh', '', 7, 14, 1, NULL, '2025-01-01', 'active', '2025-09-07 21:00:41', '2025-09-07 21:00:41'),
(80, 'STU20250075', 'Mst Tahiya', 'Afroj', 'Md Khairul Islam ', 'Mst Ria Khatun', '', '', '2012-05-21', 'female', '', 'Islam', 'Moheshpur', 'Moheshpur', '1642901286', '', '', 'Bangladesh', '', 7, 14, 2, NULL, '2025-01-01', 'active', '2025-09-07 21:00:41', '2025-09-07 21:00:41'),
(81, 'STU20250076', 'Md Jihad', 'Hosen', 'MD Shamsul Haque', 'Mst Angura Kahtun', '', '', '2012-05-21', 'male', '', 'Islam', 'Jorpukuria', 'Jorpukuria', '1852879100', '', '', 'Bangladesh', '', 7, 14, 3, NULL, '2025-01-01', 'active', '2025-09-07 21:00:41', '2025-09-07 21:00:41'),
(82, 'STU20250077', 'Mst Sneha Aktar', 'Suraiya', 'Md Shohel Rana', 'MSt Bina Khatun', 'পিতা', '', '2012-05-21', 'female', '', 'Islam', 'Jorepukuria ', 'Jorepukuria ', '1779065423', '', '', 'Bangladesh', '1757641538_halim.jpg', 7, 14, 4, NULL, '2025-01-01', 'active', '2025-09-07 21:00:41', '2025-09-12 01:45:38'),
(83, 'STU20250078', 'Md Mustakin', 'Ahmed', 'Md Nasim Ahammed', 'Mst Bobita Khatun', '', '', '2012-05-21', 'male', '', 'Islam', 'Chatian', 'Chatian', '1727379973', '', '', 'Bangladesh', '', 7, 14, 5, NULL, '2025-01-01', 'active', '2025-09-07 21:00:41', '2025-09-07 21:00:41'),
(84, 'STU20250079', 'Md Shafin', 'Reja', 'Md Hamidul Haque', 'Mst Majada Khatun ', '', '', '2012-05-21', 'male', '', 'Islam', 'Bhomordaha', 'Bhomordaha', '1876843351', '', '', 'Bangladesh', '', 7, 14, 6, NULL, '2025-01-01', 'active', '2025-09-07 21:00:41', '2025-09-07 21:00:41'),
(85, 'STU20250080', 'Md Abu', 'Laich', 'Bozlu Rahman', 'Mst Munmun Faarjana', '', '', '2012-05-21', 'male', '', 'Islam', 'Dharmochaki', 'Dharmochaki', '1939215580', '', '', 'Bangladesh', '', 7, 14, 7, NULL, '2025-01-01', 'active', '2025-09-07 21:00:41', '2025-09-07 21:00:41'),
(86, 'STU20250081', 'Mst Khatune', 'Jannat', 'Md Baridul ', 'Mst Rozina Begum ', '', '', '2012-05-21', 'female', '', 'Islam', 'Terail', 'Terail', '1742605237', '', '', 'Bangladesh', '', 7, 14, 8, NULL, '2025-01-01', 'active', '2025-09-07 21:00:41', '2025-09-07 21:00:41'),
(87, 'STU20250082', 'Mst', 'Nisat', 'Md Bokul ali', 'Mst Taslima Aktar Chumki', '', '', '2012-05-21', 'female', '', 'Islam', 'Nishipur Bamondi', 'Nishipur Bamondi', '1973638261', '', '', 'Bangladesh', '', 7, 14, 9, NULL, '2025-01-01', 'active', '2025-09-07 21:00:41', '2025-09-07 21:00:41'),
(88, 'STU20250083', '', 'Md', 'Md', '', '', '', '2012-05-21', 'male', '', 'Islam', '', '', '0', '', '', 'Bangladesh', '', 7, 14, 10, NULL, '2025-01-01', 'active', '2025-09-07 21:00:41', '2025-09-07 21:00:41'),
(89, 'STU20250084', 'Md', 'Siam', 'Md Kaosar Ali', 'Mst Nur Easmin ', '', '', '2012-05-21', 'male', '', 'Islam', 'Terail', 'Terail', '1316266806', '', '', 'Bangladesh', '', 7, 14, 11, NULL, '2025-01-01', 'active', '2025-09-07 21:00:41', '2025-09-07 21:00:41'),
(90, 'STU20250085', 'Md TamIm', 'Iqbal', 'Ziaur', 'Mst Tunuara', '', '', '2012-05-21', 'male', '', 'Islam', 'Nowda Motmura', 'Nowda Motmura', '1779070967', '', '', 'Bangladesh', '', 7, 14, 12, NULL, '2025-01-01', 'active', '2025-09-07 21:00:41', '2025-09-07 21:00:41'),
(91, 'STU20250086', '', 'Shahria', 'Md.Montu', 'Mst Nasrin', '', '', '2012-05-21', 'male', '', 'Islam', '', '', '1782594628', '', '', 'Bangladesh', '', 7, 14, 13, NULL, '2025-01-01', 'active', '2025-09-07 21:00:41', '2025-09-07 21:00:41'),
(92, 'STU20250087', 'Mst Jinia', 'aktar', 'Md Jinarul Islam ', 'Mst sharmin Aktar', '', '', '2012-05-21', 'female', '', 'Islam', 'Motmura', 'Motmura', '1319940408', '', '', 'Bangladesh', '', 7, 14, 14, NULL, '2025-01-01', 'active', '2025-09-07 21:00:41', '2025-09-07 21:00:41'),
(93, 'STU20250088', 'MD Mostakim Hoseen', 'Siam', 'Md Sohel Rana', 'Mst Shirina Begum', '', '', '2012-05-21', 'male', '', 'Islam', 'Jorpukuria', 'Jorpukuria', '1773189964', '', '', 'Bangladesh', '', 7, 14, 15, NULL, '2025-01-01', 'active', '2025-09-07 21:00:41', '2025-09-07 21:00:41'),
(94, 'STU20250089', 'Tasmia', 'Tahmid', 'Md Azad Ali', 'Mst champa Kali', '', '', '2012-05-21', 'female', '', 'Islam', '', '', '1787283350', '', '', 'Bangladesh', '', 7, 14, 16, NULL, '2025-01-01', 'active', '2025-09-07 21:00:41', '2025-09-07 21:00:41'),
(95, 'STU20250090', 'Md', 'Nahid', 'Shamsher Ali ', 'MSt champa Kali', '', '', '2012-05-21', 'male', '', 'Islam', 'M', 'M', '1742863788', '', '', 'Bangladesh', '', 7, 14, 17, NULL, '2025-01-01', 'active', '2025-09-07 21:00:41', '2025-09-07 21:00:41'),
(96, 'STU20250091', '', 'Sabbir', 'Md Sohel Rana', 'Mst.Rupa', '', '', '2012-05-21', 'male', '', 'Islam', '', '', '1967563772', '', '', 'Bangladesh', '', 7, 14, 18, NULL, '2025-01-01', 'active', '2025-09-07 21:00:41', '2025-09-07 21:00:41'),
(97, 'STU20250092', 'Mst', 'Ruhi', 'Rasel ', 'Mst Nahida Aktar Riya', '', '', '2012-05-21', 'female', '', 'Islam', 'Motmura ', 'Motmura ', '1838479552', '', '', 'Bangladesh', '', 7, 14, 19, NULL, '2025-01-01', 'active', '2025-09-07 21:00:41', '2025-09-07 21:00:41'),
(98, 'STU20250093', '', 'Sonjib', 'Md', '', '', '', '2012-05-21', 'male', '', 'Islam', '', '', '1798453110', '', '', 'Bangladesh', '', 7, 14, 20, NULL, '2025-01-01', 'active', '2025-09-07 21:00:41', '2025-09-07 21:00:41'),
(99, 'STU20250094', 'Md Rifat', 'Hosen', 'Md Rahin ', 'Mst Sanjida Khatun', '', '', '2012-05-21', 'male', '', 'Islam', 'Jorepukuria', 'Jorepukuria', '1931237279', '', '', 'Bangladesh', '', 7, 14, 21, NULL, '2025-01-01', 'active', '2025-09-07 21:00:41', '2025-09-07 21:00:41'),
(100, 'STU20250095', '', 'Ranok', 'Md', '', '', '', '2012-05-21', 'male', '', 'Islam', '', '', '1788974370', '', '', 'Bangladesh', '', 8, 15, 1, NULL, '2025-01-01', 'active', '2025-09-07 21:00:41', '2025-09-07 21:00:41'),
(101, 'STU20250096', '', 'Sumaiya', 'Md', '', '', '', '2012-05-21', 'female', '', 'Islam', '', '', '1797067719', '', '', 'Bangladesh', '', 8, 15, 2, NULL, '2025-01-01', 'active', '2025-09-07 21:00:41', '2025-09-07 21:00:41'),
(102, 'STU20250097', 'MD Al', 'Imran', 'MdMaruf Hossain', 'Mst Esmotara', '', '', '2012-05-21', 'male', '', 'Islam', 'Jorepukuria', 'Jorepukuria', '1754999166', '', '', 'Bangladesh', '', 8, 15, 3, NULL, '2025-01-01', 'active', '2025-09-07 21:00:41', '2025-09-07 21:00:41'),
(103, 'STU20250098', 'Sadifur', 'Rohman', 'Md Mijanur Rohman', 'Sathi Aktar', '', '', '2012-05-21', 'male', '', 'Islam', 'jorepukuria', 'jorepukuria', '1779634877', '', '', 'Bangladesh', '', 8, 15, 4, NULL, '2025-01-01', 'active', '2025-09-07 21:00:41', '2025-09-07 21:00:41'),
(104, 'STU20250099', 'Mst Mukta', 'Khatun', 'Md Abudl Motin', 'Mst Arzina Khatun', '', '', '2012-05-21', 'female', '', 'Islam', 'Bhorat ', 'Bhorat ', '1751102567', '', '', 'Bangladesh', '', 8, 15, 5, NULL, '2025-01-01', 'active', '2025-09-07 21:00:41', '2025-09-07 21:00:41'),
(105, 'STU20250100', '', 'Alif', 'Md', '', '', '', '2012-05-21', 'male', '', 'Islam', '', '', '1963742940', '', '', 'Bangladesh', '', 8, 15, 6, NULL, '2025-01-01', 'active', '2025-09-07 21:00:41', '2025-09-07 21:00:41'),
(106, 'STU20250101', 'MSt Samia', 'Aktar', 'Md Bacchu Mia', 'Mst Sabina Easmin', '', '', '2012-05-21', 'female', '', 'Islam', 'Moheshpur', 'Moheshpur', '1706270520', '', '', 'Bangladesh', '', 8, 15, 7, NULL, '2025-01-01', 'active', '2025-09-07 21:00:41', '2025-09-07 21:00:41'),
(107, 'STU20250102', '', 'Alif', 'Md ', '', '', '', '2012-05-21', 'male', '', 'Islam', '', '', '1330525489', '', '', 'Bangladesh', '', 8, 15, 8, NULL, '2025-01-01', 'active', '2025-09-07 21:00:41', '2025-09-07 21:00:41'),
(108, 'STU20250103', 'Md Al', '', 'Md Khirul Islam ', 'Mst Rahina Khatun', '', '', '2012-05-21', 'male', '', 'Islam', 'Bhomordah', 'Bhomordah', '1724143853', '', '', 'Bangladesh', '', 8, 15, 9, NULL, '2025-01-01', 'active', '2025-09-07 21:00:41', '2025-09-07 21:00:41'),
(109, 'STU20250104', 'Md Rabiul', 'Islam', 'Ziaul', 'Mst Bilkis Khatun', '', '', '2012-05-21', 'male', '', 'Islam', 'Jorepukuria', 'Jorepukuria', '1821110431', '', '', 'Bangladesh', '', 8, 15, 10, NULL, '2025-01-01', 'active', '2025-09-07 21:00:41', '2025-09-07 21:00:41'),
(110, 'STU20250105', '', 'Jisan', 'Md', '', '', '', '2012-05-21', 'male', '', 'Islam', '', '', '1768050596', '', '', 'Bangladesh', '', 8, 15, 11, NULL, '2025-01-01', 'active', '2025-09-07 21:00:41', '2025-09-07 21:00:41'),
(111, 'STU20250106', 'Md', 'Shalfi', 'MD Tahaz Uddin ', 'Mst Taslima Khatun', '', '', '2012-05-21', 'male', '', 'Islam', 'Terail', 'Terail', '1723164293', '', '', 'Bangladesh', '', 8, 15, 12, NULL, '2025-01-01', 'active', '2025-09-07 21:00:41', '2025-09-07 21:00:41'),
(112, 'STU20250107', 'Md', 'Tamim', 'Md Eklach Ali', 'Mst kanchon Khatun', '', '', '2012-05-21', 'male', '', 'Islam', 'Sholotaka', 'Sholotaka', '1731221475', '', '', 'Bangladesh', '', 8, 15, 13, NULL, '2025-01-01', 'active', '2025-09-07 21:00:41', '2025-09-07 21:00:41'),
(113, 'STU20250108', 'Mst Maria', 'Khatun', 'Md Helal ', 'Mst Helena Khatun', '', '', '2012-05-21', 'female', '', 'Islam', 'Chatian', 'Chatian', '1300367871', '', '', 'Bangladesh', '', 8, 15, 14, NULL, '2025-01-01', 'active', '2025-09-07 21:00:41', '2025-09-07 21:00:41'),
(114, 'STU20250109', 'MD Firoz Ahmed', 'famim', 'Md Based Mondol', 'Mst Firoza Khatun', '', '', '2012-05-21', 'male', '', 'Islam', 'jorepukuria', 'jorepukuria', '1798243130', '', '', 'Bangladesh', '', 8, 15, 15, NULL, '2025-01-01', 'active', '2025-09-07 21:00:41', '2025-09-07 21:00:41'),
(115, 'STU20250110', 'Jerin', 'Tasnim', 'Md Zamat Ali', 'Mst Sathi Khatun', '', '', '2012-05-21', 'female', '', 'Islam', 'Jorpukuria', 'Jorpukuria', '1703245343', '', '', 'Bangladesh', '', 8, 15, 16, NULL, '2025-01-01', 'active', '2025-09-07 21:00:41', '2025-09-07 21:00:41'),
(116, 'STU20250111', 'Md Junaeid', 'Ahmad', 'Md Shiman ', 'Mst Khalede Khatun ', '', '', '2012-05-21', 'male', '', 'Islam', 'Durlovpur ', 'Durlovpur ', '1842429214', '', '', 'Bangladesh', '', 8, 15, 17, NULL, '2025-01-01', 'active', '2025-09-07 21:00:41', '2025-09-07 21:00:41'),
(117, 'STU20250112', 'Md Jeshan', 'Hossain', 'Md Tutul Hossain', 'Mst Rajia Khatun', '', '', '2012-05-21', 'male', '', 'Islam', 'Jorepukuria', 'Jorepukuria', '1768050596', '', '', 'Bangladesh', '', 8, 15, 18, NULL, '2025-01-01', 'active', '2025-09-07 21:00:41', '2025-09-07 21:00:41'),
(118, 'STU20250113', 'Md Safid Hossen', 'Sohan', 'Md Sadekur Rahman ', 'Shimu Akhtar', '', '', '2012-05-21', 'male', '', 'Islam', 'Durlovpur Bamondi', 'Durlovpur Bamondi', '1869904247', '', '', 'Bangladesh', '', 8, 15, 19, NULL, '2025-01-01', 'active', '2025-09-07 21:00:41', '2025-09-07 21:00:41'),
(119, 'STU20250114', 'Md Safi', 'Reza', 'Nd Shahin reza', 'Mst Lotifa Khatun', '', '', '2012-05-21', 'male', '', 'Islam', 'Sholotaka', 'Sholotaka', '1989785515', '', '', 'Bangladesh', '', 8, 15, 20, NULL, '2025-01-01', 'active', '2025-09-07 21:00:41', '2025-09-07 21:00:41'),
(120, 'STU20250115', 'Md Parvej', 'Hasan', 'Md Mehedi Hasan ', 'Mst Parvina Khatun', '', '', '2012-05-21', 'male', '', 'Islam', 'Chatian', 'Chatian', '1608433801', '', '', 'Bangladesh', '', 8, 15, 21, NULL, '2025-01-01', 'active', '2025-09-07 21:00:41', '2025-09-07 21:00:41'),
(121, 'STU20250116', '', 'Borsha', 'Md ', '', '', '', '2012-05-21', 'female', '', 'Islam', '', '', '1795034137', '', '', 'Bangladesh', '', 8, 15, 22, NULL, '2025-01-01', 'active', '2025-09-07 21:00:41', '2025-09-07 21:00:41'),
(122, 'STU20250117', 'Md', 'Limon', 'Md Habibur Rohman', 'Mst Lima Khatun', '', '', '2012-05-21', 'male', '', 'Islam', 'Bholardar Haravanga', 'Bholardar Haravanga', '1752115824', '', '', 'Bangladesh', '', 8, 15, 23, NULL, '2025-01-01', 'active', '2025-09-07 21:00:41', '2025-09-07 21:00:41'),
(123, 'STU20250118', '', 'Masum', 'Md ', '', '', '', '2012-05-21', 'male', '', 'Islam', '', '', '1741936923', '', '', 'Bangladesh', '', 8, 15, 24, NULL, '2025-01-01', 'active', '2025-09-07 21:00:41', '2025-09-07 21:00:41'),
(124, 'STU20250119', 'Mst Kamini', 'Khatun', 'Md kamal Hosen', 'Mst Sikha Khatun', '', '', '2012-05-21', 'female', '', 'Islam', 'Moheshpur', 'Moheshpur', '1918435135', '', '', 'Bangladesh', '', 9, 12, 1, NULL, '2025-01-01', 'active', '2025-09-07 21:00:41', '2025-09-07 21:00:41'),
(125, 'STU20250120', 'Md', 'Abdullah', 'MD sahidul ', 'Mst Rikta Khatun', '', '', '2012-05-21', 'male', '', 'Islam', ' Sholotaka', ' Sholotaka', '1608213900', '', '', 'Bangladesh', '', 9, 12, 2, NULL, '2025-01-01', 'active', '2025-09-07 21:00:41', '2025-09-07 21:00:41'),
(126, 'STU20250121', '', 'Sadia', 'Md ', '', '', '', '2012-05-21', 'female', '', 'Islam', '', '', '1722635933', '', '', 'Bangladesh', '', 9, 12, 3, NULL, '2025-01-01', 'active', '2025-09-07 21:00:41', '2025-09-07 21:00:41'),
(127, 'STU20250122', '', 'Ahona', 'Md Jamat Ali', 'Rita Khatun', '', '', '2012-05-21', 'female', '', 'Islam', '', '', '1722162429', '', '', 'Bangladesh', '', 9, 12, 4, NULL, '2025-01-01', 'active', '2025-09-07 21:00:41', '2025-09-07 21:00:41'),
(128, 'STU20250123', 'Md Siam', 'Farhan', 'Jalal Uddin', 'Mis Shabnur Aktar', '', '', '2012-05-21', 'male', '', 'Islam', 'Bharat', 'Bharat', '1301225005', '', '', 'Bangladesh', '', 9, 12, 5, NULL, '2025-01-01', 'active', '2025-09-07 21:00:41', '2025-09-07 21:00:41'),
(129, 'STU20250124', '', 'Ripon', 'Md', '', '', '', '2012-05-21', 'male', '', 'Islam', '', '', '1727439171', '', '', 'Bangladesh', '', 9, 12, 6, NULL, '2025-01-01', 'active', '2025-09-07 21:00:41', '2025-09-07 21:00:41'),
(130, 'STU20250125', 'Md', 'Mutazzihan', ' Ali', 'Mst Nilufa Khatun', '', '', '2012-05-21', 'male', '', 'Islam', 'Bhorat', 'Bhorat', '1768002309', '', '', 'Bangladesh', '', 9, 12, 7, NULL, '2025-01-01', 'active', '2025-09-07 21:00:41', '2025-09-07 21:00:41'),
(131, 'STU20250126', 'Md Sabbir', 'Husain', 'MD Mohon Hossain', 'Shathiara Khatun', '', '', '2012-05-21', 'male', '', 'Islam', 'Bharat', 'Bharat', '1627902334', '', '', 'Bangladesh', '', 9, 12, 8, NULL, '2025-01-01', 'active', '2025-09-07 21:00:41', '2025-09-07 21:00:41'),
(132, 'STU20250127', 'Md Sakibul', 'Islam', 'Md Faroque', 'Mst Sumi Aktar', '', '', '2012-05-21', 'male', '', 'Islam', 'Olinagor', 'Olinagor', '1409154944', '', '', 'Bangladesh', '', 9, 12, 9, NULL, '2025-01-01', 'active', '2025-09-07 21:00:41', '2025-09-07 21:00:41'),
(133, 'STU20250128', '', 'Lamim', 'Md', 'Mst', '', '', '2012-05-21', 'male', '', 'Islam', 'G', 'G', '1777820539', '', '', 'Bangladesh', '', 9, 12, 10, NULL, '2025-01-01', 'active', '2025-09-07 21:00:41', '2025-09-07 21:00:41'),
(134, 'STU20250129', 'Md Ali', '', 'Md Rubel Hsen ', 'Mst Rita Khatun', '', '', '2012-05-21', 'male', '', 'Islam', 'Olinagor', 'Olinagor', '1409105569', '', '', 'Bangladesh', '', 9, 12, 11, NULL, '2025-01-01', 'active', '2025-09-07 21:00:41', '2025-09-07 21:00:41'),
(135, 'STU20250130', '', '', 'Md Golam Kibria', 'Mst Rikta Khatun', '', '', '2012-05-21', 'male', '', 'Islam', 'Bhorat', 'Bhorat', '1924126503', '', '', 'Bangladesh', '', 9, 12, 12, NULL, '2025-01-01', 'active', '2025-09-07 21:00:41', '2025-09-07 21:00:41'),
(136, 'STU20250131', 'Md Shimul', '', 'Md Shariful Islam ', 'Mst Sumita Khatun', '', '', '2012-05-21', 'male', '', 'Islam', 'House  no-47 Karamdi ', 'House  no-47 Karamdi ', '1321954114', '', '', 'Bangladesh', '', 9, 12, 13, NULL, '2025-01-01', 'active', '2025-09-07 21:00:41', '2025-09-07 21:00:41'),
(137, 'STU20250132', 'Al Mahmud', 'Abdullah', 'Md Asraful Islam ', 'Mst Dalia Khatun', '', '', '2012-05-21', 'male', '', 'Islam', 'Jorpukuria', 'Jorpukuria', '1770607926', '', '', 'Bangladesh', '', 9, 12, 14, NULL, '2025-01-01', 'active', '2025-09-07 21:00:41', '2025-09-07 21:00:41'),
(138, 'STU20250133', 'Md', 'Mujahid', 'Md Israfil  Hossain', 'Mst Momena Khatun', '', '', '2012-05-21', 'male', '', 'Islam', 'Chatian', 'Chatian', '1761604315', '', '', 'Bangladesh', '', 9, 12, 15, NULL, '2025-01-01', 'active', '2025-09-07 21:00:41', '2025-09-07 21:00:41'),
(139, 'STU20250134', 'Md JunaId', 'Ahmmed', 'Md Sahab Uddin', 'Mst Asma Khatun', '', '', '2012-05-21', 'male', '', 'Islam', 'Jorepukuria', 'Jorepukuria', '1817162621', '', '', 'Bangladesh', '', 9, 12, 16, NULL, '2025-01-01', 'active', '2025-09-07 21:00:41', '2025-09-07 21:00:41'),
(140, 'STU20250135', 'Md Jubaid', 'Ahmed', 'MD Jomsed Ali', 'Rotna Khatun', '', '', '2012-05-21', 'male', '', 'Islam', 'Terail', 'Terail', '1710117702', '', '', 'Bangladesh', '', 9, 12, 17, NULL, '2025-01-01', 'active', '2025-09-07 21:00:41', '2025-09-07 21:00:41'),
(141, 'STU20250136', 'MD Neyeem', '', 'Md Nazrul Islam ', 'Mst Farjana Shopna', '', '', '2012-05-21', 'male', '', 'Islam', 'Terail', 'Terail', '1790235111', '', '', 'Bangladesh', '', 9, 12, 18, NULL, '2025-01-01', 'active', '2025-09-07 21:00:41', '2025-09-07 21:00:41'),
(142, 'STU20250137', 'Md Abdullahil', 'Maruf', 'Md Tipu Sultan', 'Mst Halima Khatun', '', '', '2012-05-21', 'male', '', 'Islam', 'Jorepukuria', 'Jorepukuria', '1624193377', '', '', 'Bangladesh', '', 9, 12, 19, NULL, '2025-01-01', 'active', '2025-09-07 21:00:41', '2025-09-07 21:00:41'),
(143, 'STU20250138', 'Md', 'Saim', 'Md Eajul ', 'Mst shilpi', '', '', '2012-05-21', 'male', '', 'Islam', 'Terail ', 'Terail ', '1758837875', '', '', 'Bangladesh', '', 9, 12, 20, NULL, '2025-01-01', 'active', '2025-09-07 21:00:41', '2025-09-07 21:00:41'),
(144, 'STU20250139', 'Md', 'Hossain', 'Md Ripon ', 'Mst Ruma Khatun', '', '', '2012-05-21', 'male', '', 'Islam', 'Bholardar Haravanga', 'Bholardar Haravanga', '1745359765', '', '', 'Bangladesh', '', 10, 16, 1, NULL, '2025-01-01', 'active', '2025-09-07 21:00:41', '2025-09-07 21:00:41'),
(145, 'STU20250140', '', 'Hussain', 'Md.Kamrul Islam', 'Mst.Sharmina Khatun', '', '', '2012-05-21', 'male', '', 'Islam', '', '', '1764162984', '', '', 'Bangladesh', '', 10, 16, 2, NULL, '2025-01-01', 'active', '2025-09-07 21:00:41', '2025-09-07 21:00:41'),
(146, 'STU20250141', '', 'Jisan', 'Md.Aslam Hossain', 'Mst.Rani Begum', '', '', '2012-05-21', 'male', '', 'Islam', '', '', '1764657516', '', '', 'Bangladesh', '', 10, 16, 3, NULL, '2025-01-01', 'active', '2025-09-07 21:00:41', '2025-09-07 21:00:41'),
(147, 'STU20250142', 'Omor', 'Faruk', 'Md Osman Ali', 'Mst.Julekha Khatun', '', '', '2012-05-21', 'male', '', 'Islam', '', '', '1806960212', '', '', 'Bangladesh', '', 10, 16, 4, NULL, '2025-01-01', 'active', '2025-09-07 21:00:41', '2025-09-07 21:00:41'),
(148, 'STU20250143', 'Md Hamim', 'Ali', 'Md Ekramul Hoque', 'Mst Helena Khatun', '', '', '2012-05-21', 'male', '', 'Islam', 'Bharat', 'Bharat', '1799592772', '', '', 'Bangladesh', '', 10, 16, 5, NULL, '2025-01-01', 'active', '2025-09-07 21:00:41', '2025-09-07 21:00:41'),
(149, 'STU20250144', 'Sohel', 'Rana', 'Md.Sahin', 'Mst.Rojifa', 'পিতা', '', '2012-05-21', 'male', '', 'Islam', 'জোড়পুকুরিয়া', 'জোড়পুকুরিয়া', '1753112028', '', '', 'Bangladesh', '1757602648_1757304574714.jpg', 10, 16, 6, NULL, '2025-01-01', 'active', '2025-09-07 21:00:41', '2025-09-11 14:57:28'),
(150, 'STU20250145', 'MD Manzarul', 'Islam', 'Md Aslam Ali', 'Mst Shalina Khatun', '', '', '2012-05-21', 'male', '', 'Islam', 'Bhomordah', 'Bhomordah', '1752495616', '', '', 'Bangladesh', '', 10, 16, 7, NULL, '2025-01-01', 'active', '2025-09-07 21:00:41', '2025-09-07 21:00:41'),
(151, 'STU20250146', '', 'Siyam', 'Md Eamin ', 'Mst.Shamoly Khatun', '', '', '2012-05-21', 'male', '', 'Islam', '', '', '1723355243', '', '', 'Bangladesh', '', 10, 16, 8, NULL, '2025-01-01', 'active', '2025-09-07 21:00:41', '2025-09-07 21:00:41'),
(152, 'STU20250147', 'Md Abdullah', 'Hossian', 'Md Jeaur Rahaman', 'Mst Mukta Khayun', '', '', '2012-05-21', 'male', '', 'Islam', 'Jorepukuria', 'Jorepukuria', '1731787862', '', '', 'Bangladesh', '', 10, 16, 9, NULL, '2025-01-01', 'active', '2025-09-07 21:00:41', '2025-09-07 21:00:41'),
(153, 'STU20250148', '', 'Sohan', 'Md', '', '', '', '2012-05-21', 'male', '', 'Islam', '', '', '0', '', '', 'Bangladesh', '', 10, 16, 10, NULL, '2025-01-01', 'active', '2025-09-07 21:00:41', '2025-09-07 21:00:41'),
(154, 'STU20250149', 'Mst', 'sadiya', 'Md Golam Mostofa', 'Mst Rebeka Khatun', '', '', '2012-05-21', 'female', '', 'Islam', 'Moheshpur', 'Moheshpur', '1730891303', '', '', 'Bangladesh', '', 10, 16, 11, NULL, '2025-01-01', 'active', '2025-09-07 21:00:41', '2025-09-07 21:00:41'),
(155, 'STU20250150', '', 'Mahfuj', 'Md Easer', 'Mst.Jolama', '', '', '2012-05-21', 'male', '', 'Islam', '', '', '1703613407', '', '', 'Bangladesh', '', 10, 16, 12, NULL, '2025-01-01', 'active', '2025-09-07 21:00:41', '2025-09-07 21:00:41'),
(156, 'STU20250151', 'Md Imran', 'Ali', 'Md Ripon Ali', 'Mst Morzina Khatun', '', '', '2012-05-21', 'male', '', 'Islam', 'Moheshpur', 'Moheshpur', '1798010770', '', '', 'Bangladesh', '', 10, 16, 13, NULL, '2025-01-01', 'active', '2025-09-07 21:00:41', '2025-09-07 21:00:41'),
(157, 'STU20250152', 'Md Naeem', 'Islam', 'Md Raihan Ali ', 'Mst Laki Khatun ', '', '', '2012-05-21', 'male', '', 'Islam', 'Jorepukuria ', 'Jorepukuria ', '1315014107', '', '', 'Bangladesh', '', 10, 16, 14, NULL, '2025-01-01', 'active', '2025-09-07 21:00:41', '2025-09-07 21:00:41'),
(158, 'STU20250153', 'Abu', 'Hurayra', 'Md.Shoriful', 'Mst.Layli Khatun', '', '', '2012-05-21', 'male', '', 'Islam', '', '', '1743285050', '', '', 'Bangladesh', '', 10, 16, 15, NULL, '2025-01-01', 'active', '2025-09-07 21:00:41', '2025-09-07 21:00:41'),
(159, 'STU20250154', 'Md', 'Sazim', 'Md Torikul', 'Mst Shamoly Khatun', '', '', '2012-05-21', 'male', '', 'Islam', 'Terail Jorpukuria', 'Terail Jorpukuria', '1796511240', '', '', 'Bangladesh', '', 10, 16, 16, NULL, '2025-01-01', 'active', '2025-09-07 21:00:41', '2025-09-07 21:00:41'),
(160, 'STU20250155', '', 'Istiak', 'Md.Baral', 'Mst.Chaina', '', '', '2012-05-21', 'male', '', 'Islam', '', '', '1758902731', '', '', 'Bangladesh', '', 10, 16, 17, NULL, '2025-01-01', 'active', '2025-09-07 21:00:41', '2025-09-07 21:00:41'),
(161, 'STU20250156', '', 'Shoyaib', 'Md', 'Mst', '', '', '2012-05-21', 'male', '', 'Islam', '', '', '0', '', '', 'Bangladesh', '', 10, 16, 18, NULL, '2025-01-01', 'active', '2025-09-07 21:00:41', '2025-09-07 21:00:41'),
(162, 'STU20250157', 'Md', 'Shafinull', 'Md Hamidul Haque', 'Mst.Shima', '', '', '2012-05-21', 'male', '', 'Islam', 'Bhomordaha', 'Bhomordaha', '1317522731', '', '', 'Bangladesh', '', 10, 16, 19, NULL, '2025-01-01', 'active', '2025-09-07 21:00:41', '2025-09-07 21:00:41'),
(163, 'STU20250158', '', 'Mahmudullah', 'Md', '', '', '', '2012-05-21', 'male', '', 'Islam', '', '', '0', '', '', 'Bangladesh', '', 10, 16, 20, NULL, '2025-01-01', 'active', '2025-09-07 21:00:41', '2025-09-07 21:00:41'),
(164, 'STU20250159', 'Md TamIm', 'Iqbal', 'Md Faruk Ali', 'Julaka Khatun', '', '', '2012-05-21', 'male', '', 'Islam', 'Olinagor', 'Olinagor', '1777497318', '', '', 'Bangladesh', '', 10, 16, 21, NULL, '2025-01-01', 'active', '2025-09-07 21:00:41', '2025-09-07 21:00:41'),
(165, 'STU20250160', 'Md Jibon', 'Hossain', 'Md Jintu Mia ', 'Mst Tania Khatun ', '', '', '2012-05-21', 'male', '', 'Islam', 'Maheshpur ', 'Maheshpur ', '1706176080', '', '', 'Bangladesh', '', 10, 16, 22, NULL, '2025-01-01', 'active', '2025-09-07 21:00:41', '2025-09-07 21:00:41'),
(166, 'STU20250161', '', 'Arafat', 'Md.Alhag', 'Mst.Ati', '', '', '2012-05-21', 'male', '', 'Islam', '', '', '1788735582', '', '', 'Bangladesh', '', 10, 16, 23, NULL, '2025-01-01', 'active', '2025-09-07 21:00:41', '2025-09-07 21:00:41'),
(167, 'STU20250162', 'Md Pollob', 'Hossen', 'Md Romzan Ali', 'Mst Poly Khatun', '', '', '2012-05-21', 'male', '', 'Islam', 'Durlovpur ', 'Durlovpur ', '1734515144', '', '', 'Bangladesh', '', 10, 16, 24, NULL, '2025-01-01', 'active', '2025-09-07 21:00:41', '2025-09-07 21:00:41'),
(168, 'STU20250163', '', 'Nurnbi', 'Jaynal', 'Mst chompa Khatun', '', '', '2012-05-21', 'male', '', 'Islam', 'Bhomordah', 'Bhomordah', '1705085424', '', '', 'Bangladesh', '', 10, 16, 25, NULL, '2025-01-01', 'active', '2025-09-07 21:00:41', '2025-09-07 21:00:41'),
(169, 'STU20250164', 'Mst Jannatul', 'Mouwa', 'Md.Abdur Rasid', 'Mst Nahida Aktar Riya', '', '', '2012-05-21', 'female', '', 'Islam', '', '', '1786286167', '', '', 'Bangladesh', '', 10, 16, 26, NULL, '2025-01-01', 'active', '2025-09-07 21:00:41', '2025-09-07 21:00:41'),
(170, 'STU20250165', 'Yeasir Arafat', 'Araf', 'Md Masum', 'Mst Umme Habiba Sultana ', '', '', '2012-05-21', 'male', '', 'Islam', '', '', '1733279377', '', '', 'Bangladesh', '', 10, 16, 27, NULL, '2025-01-01', 'active', '2025-09-07 21:00:41', '2025-09-07 21:00:41'),
(171, 'STU20250166', 'Umme', 'Habiba', 'Md', 'Mst', '', '', '2012-05-21', 'female', '', 'Islam', 'G', 'G', '1732803330', '', '', 'Bangladesh', '', 10, 16, 28, NULL, '2025-01-01', 'active', '2025-09-07 21:00:41', '2025-09-07 21:00:41'),
(173, 'STU20256633', 'আহমেদ ', 'বাশার', 'হক মওলা', 'বিবি জান', 'মাতা', '', '2025-09-01', 'female', 'B-', 'Islam', 'জোড়পুকুরিয়া ', 'জোড়পুকুরিয়া ', '০১৭৬২৩৯৬৭১৩', NULL, NULL, NULL, '1757649532_halim.jpg', 1, 1, 80, NULL, '2025-09-09', 'active', '2025-09-12 03:57:38', '2025-09-12 03:58:52');

-- --------------------------------------------------------

--
-- Table structure for table `subjects`
--

CREATE TABLE `subjects` (
  `id` int NOT NULL,
  `name` varchar(100) COLLATE utf8mb4_general_ci NOT NULL,
  `code` varchar(20) COLLATE utf8mb4_general_ci DEFAULT NULL,
  `description` text COLLATE utf8mb4_general_ci,
  `status` varchar(10) COLLATE utf8mb4_general_ci DEFAULT NULL,
  `created_at` timestamp NOT NULL DEFAULT CURRENT_TIMESTAMP,
  `updated_at` timestamp NOT NULL DEFAULT CURRENT_TIMESTAMP ON UPDATE CURRENT_TIMESTAMP
) ENGINE=InnoDB DEFAULT CHARSET=utf8mb4 COLLATE=utf8mb4_general_ci;

--
-- Dumping data for table `subjects`
--

INSERT INTO `subjects` (`id`, `name`, `code`, `description`, `status`, `created_at`, `updated_at`) VALUES
(1, 'বাংলা', 'BAN', NULL, 'active', '2025-09-07 18:32:53', '2025-09-08 16:39:07'),
(2, 'ইংরেজি', 'ENG', NULL, 'active', '2025-09-07 18:32:53', '2025-09-08 16:43:53'),
(3, 'গণিত', 'MATH', NULL, 'active', '2025-09-07 18:32:53', '2025-09-08 16:43:56'),
(4, 'বিজ্ঞান', 'SCI', NULL, 'active', '2025-09-07 18:32:53', '2025-09-08 16:43:58'),
(5, 'সামাজিক বিজ্ঞান', 'SSC', NULL, 'active', '2025-09-07 18:32:53', '2025-09-08 16:44:01'),
(6, 'ধর্ম শিক্ষা', 'REL', NULL, 'active', '2025-09-07 18:32:53', '2025-09-08 16:44:03'),
(7, 'চিত্রাঙ্কন', 'ART', NULL, 'active', '2025-09-07 18:32:53', '2025-09-08 16:44:05'),
(8, 'শারীরিক শিক্ষা', 'PE', NULL, 'active', '2025-09-07 18:32:53', '2025-09-08 16:44:07'),
(9, 'সঙ্গীত', 'MUSIC', NULL, 'active', '2025-09-07 18:32:53', '2025-09-08 16:44:09');

-- --------------------------------------------------------

--
-- Table structure for table `teacher_evaluations`
--

CREATE TABLE `teacher_evaluations` (
  `id` int NOT NULL,
  `teacher_id` int NOT NULL,
  `student_id` int NOT NULL,
  `class_id` int NOT NULL,
  `section_id` int NOT NULL,
  `evaluation_date` date NOT NULL,
  `rating` int NOT NULL,
  `comments` text COLLATE utf8mb4_general_ci,
  `created_at` timestamp NOT NULL DEFAULT CURRENT_TIMESTAMP,
  `updated_at` timestamp NOT NULL DEFAULT CURRENT_TIMESTAMP ON UPDATE CURRENT_TIMESTAMP
) ;

-- --------------------------------------------------------

--
-- Stand-in structure for view `teacher_list_view`
-- (See below for the actual view)
--
CREATE TABLE `teacher_list_view` (
`id` int
,`username` varchar(50)
,`email` varchar(100)
,`phone` varchar(20)
,`full_name` varchar(100)
,`address` text
,`status` enum('active','inactive')
,`user_photo` varchar(255)
,`profile_photo` varchar(255)
,`father_name` varchar(255)
,`mother_name` varchar(255)
,`date_of_birth` date
,`gender` enum('male','female','other')
,`blood_group` enum('A+','A-','B+','B-','AB+','AB-','O+','O-')
,`religion` enum('Islam','Hinduism','Christianity','Buddhism','Other')
,`joining_date` date
,`qualification` text
,`experience` text
,`total_classes` bigint
,`total_subjects` bigint
,`created_at` timestamp
,`updated_at` timestamp
);

-- --------------------------------------------------------

--
-- Table structure for table `teacher_profiles`
--

CREATE TABLE `teacher_profiles` (
  `id` int NOT NULL,
  `teacher_id` int NOT NULL,
  `father_name` varchar(255) DEFAULT NULL,
  `mother_name` varchar(255) DEFAULT NULL,
  `date_of_birth` date DEFAULT NULL,
  `gender` enum('male','female','other') DEFAULT NULL,
  `blood_group` enum('A+','A-','B+','B-','AB+','AB-','O+','O-') DEFAULT NULL,
  `religion` enum('Islam','Hinduism','Christianity','Buddhism','Other') DEFAULT NULL,
  `address` text,
  `joining_date` date DEFAULT NULL,
  `qualification` text,
  `experience` text,
  `photo` varchar(255) DEFAULT NULL,
  `created_at` timestamp NULL DEFAULT CURRENT_TIMESTAMP,
  `updated_at` timestamp NULL DEFAULT CURRENT_TIMESTAMP ON UPDATE CURRENT_TIMESTAMP
) ENGINE=InnoDB DEFAULT CHARSET=utf8mb4 COLLATE=utf8mb4_0900_ai_ci;

--
-- Dumping data for table `teacher_profiles`
--

INSERT INTO `teacher_profiles` (`id`, `teacher_id`, `father_name`, `mother_name`, `date_of_birth`, `gender`, `blood_group`, `religion`, `address`, `joining_date`, `qualification`, `experience`, `photo`, `created_at`, `updated_at`) VALUES
(2, 3, 'মো: আব্দুল করিম', 'রহিমা বেগম', '1980-11-20', 'male', 'B+', 'Islam', 'গুলশান, ঢাকা', '2012-03-05', 'বিএড, এমএসসি (গণিত)', '১৫ বছর', NULL, '2025-09-08 15:57:07', '2025-09-08 15:57:07'),
(7, 14, 'খেদের আলী', 'মিনিয়ারা বেগম', '1996-06-20', 'male', 'O+', 'Islam', 'জোড়পুকুরিয়া, গাংনী, মেহেরপুর', '2025-09-01', 'এমবিএ', '১০ বছর', NULL, '2025-09-08 17:00:19', '2025-09-08 17:00:19'),
(8, 17, 'Ggsn', 'Fkvbu', '1996-07-20', 'male', 'B-', 'Islam', 'Hhv', '2025-09-11', '15bhgv', 'Dvbh', NULL, '2025-09-12 16:39:33', '2025-09-12 16:39:33');

-- --------------------------------------------------------

--
-- Table structure for table `users`
--

CREATE TABLE `users` (
  `id` int NOT NULL,
  `username` varchar(50) COLLATE utf8mb4_general_ci NOT NULL,
  `password` varchar(255) COLLATE utf8mb4_general_ci NOT NULL,
  `role` enum('super_admin','teacher','guardian') COLLATE utf8mb4_general_ci NOT NULL,
  `email` varchar(100) COLLATE utf8mb4_general_ci DEFAULT NULL,
  `phone` varchar(20) COLLATE utf8mb4_general_ci DEFAULT NULL,
  `full_name` varchar(100) COLLATE utf8mb4_general_ci NOT NULL,
  `address` text COLLATE utf8mb4_general_ci,
  `photo` varchar(255) COLLATE utf8mb4_general_ci DEFAULT NULL,
  `status` enum('active','inactive') COLLATE utf8mb4_general_ci DEFAULT 'active',
  `last_login` timestamp NULL DEFAULT NULL,
  `created_at` timestamp NOT NULL DEFAULT CURRENT_TIMESTAMP,
  `updated_at` timestamp NOT NULL DEFAULT CURRENT_TIMESTAMP ON UPDATE CURRENT_TIMESTAMP
) ENGINE=InnoDB DEFAULT CHARSET=utf8mb4 COLLATE=utf8mb4_general_ci;

--
-- Dumping data for table `users`
--

INSERT INTO `users` (`id`, `username`, `password`, `role`, `email`, `phone`, `full_name`, `address`, `photo`, `status`, `last_login`, `created_at`, `updated_at`) VALUES
(1, 'admin', '$2y$10$92IXUNpkjO0rOQ5byMi.Ye4oKoEa3Ro9llC/.og/at2.uheWG/igi', 'super_admin', 'admin@school.com', '+8801XXXXXXXXX', 'সুপার অ্যাডমিন', NULL, NULL, 'active', NULL, '2025-09-07 18:32:53', '2025-09-07 18:32:53'),
(3, 'karim', '$2y$10$92IXUNpkjO0rOQ5byMi.Ye4oKoEa3Ro9llC/.og/at2.uheWG/igi', 'teacher', 'karim@school.com', '01722222222', 'করিম উদ্দিন', 'গুলশান, ঢাকা', '1757349604_erasebg-transformed (19) (1).png', 'active', NULL, '2025-09-08 15:57:07', '2025-09-08 18:45:37'),
(14, 'abul', '$2y$10$La66X.OPwkLTvurU8jaR6eKL7l1xCnNiTprjB5g/jnbLtNiMwMXOq', 'teacher', 'abul@mail.com', '017885926363', 'আবুল হোসেন', 'জোড়পুকুরিয়া, গাংনী, মেহেরপুর', '1757350819_1757310266070.jpg', 'active', NULL, '2025-09-08 17:00:19', '2025-09-08 18:16:25'),
(17, 'sun.halim', '$2y$10$iG4i23M270oY58t34ibXT.pisXbrtcb4a9GnRzRp5nKz3zl/e.HDS', 'teacher', 'halimtalk9@gmail.com', '01762396713', 'আব্দুল হালিম', 'Hhv', '1757695173_1757687833720.png', 'active', NULL, '2025-09-12 16:39:33', '2025-09-12 16:39:33');

-- --------------------------------------------------------

--
-- Table structure for table `weekly_holidays`
--

CREATE TABLE `weekly_holidays` (
  `id` int NOT NULL,
  `day_name` varchar(20) NOT NULL,
  `day_number` tinyint(1) NOT NULL COMMENT '1=Sunday, 2=Monday, ..., 7=Saturday',
  `status` enum('active','inactive') NOT NULL DEFAULT 'active',
  `created_at` timestamp NOT NULL DEFAULT CURRENT_TIMESTAMP,
  `updated_at` timestamp NOT NULL DEFAULT CURRENT_TIMESTAMP ON UPDATE CURRENT_TIMESTAMP
) ENGINE=InnoDB DEFAULT CHARSET=utf8mb3;

--
-- Dumping data for table `weekly_holidays`
--

INSERT INTO `weekly_holidays` (`id`, `day_name`, `day_number`, `status`, `created_at`, `updated_at`) VALUES
(1, 'রবিবার', 7, 'inactive', '2025-09-08 19:37:38', '2025-09-12 07:51:21'),
(2, 'সোমবার', 1, 'inactive', '2025-09-08 19:37:38', '2025-09-12 07:51:02'),
(3, 'মঙ্গলবার', 2, 'inactive', '2025-09-08 19:37:38', '2025-09-12 07:51:05'),
(4, 'বুধবার', 3, 'inactive', '2025-09-08 19:37:38', '2025-09-12 07:51:08'),
(5, 'বৃহস্পতিবার', 4, 'inactive', '2025-09-08 19:37:38', '2025-09-12 07:51:39'),
(6, 'শুক্রবার', 5, 'active', '2025-09-08 19:37:38', '2025-09-12 07:51:39'),
(7, 'শনিবার', 6, 'active', '2025-09-08 19:37:38', '2025-09-12 07:51:39');

-- --------------------------------------------------------

--
-- Structure for view `teacher_list_view`
--
DROP TABLE IF EXISTS `teacher_list_view`;

CREATE ALGORITHM=UNDEFINED DEFINER=`jorepuku`@`localhost` SQL SECURITY DEFINER VIEW `teacher_list_view`  AS SELECT `u`.`id` AS `id`, `u`.`username` AS `username`, `u`.`email` AS `email`, `u`.`phone` AS `phone`, `u`.`full_name` AS `full_name`, `u`.`address` AS `address`, `u`.`status` AS `status`, `u`.`photo` AS `user_photo`, `tp`.`photo` AS `profile_photo`, `tp`.`father_name` AS `father_name`, `tp`.`mother_name` AS `mother_name`, `tp`.`date_of_birth` AS `date_of_birth`, `tp`.`gender` AS `gender`, `tp`.`blood_group` AS `blood_group`, `tp`.`religion` AS `religion`, `tp`.`joining_date` AS `joining_date`, `tp`.`qualification` AS `qualification`, `tp`.`experience` AS `experience`, count(distinct `ct`.`class_id`) AS `total_classes`, count(distinct `cst`.`subject_id`) AS `total_subjects`, `u`.`created_at` AS `created_at`, `u`.`updated_at` AS `updated_at` FROM (((`users` `u` left join `teacher_profiles` `tp` on((`u`.`id` = `tp`.`teacher_id`))) left join `class_teachers` `ct` on((`u`.`id` = `ct`.`teacher_id`))) left join `class_subject_teachers` `cst` on((`u`.`id` = `cst`.`teacher_id`))) WHERE (`u`.`role` = 'teacher') GROUP BY `u`.`id` ;

--
-- Indexes for dumped tables
--

--
-- Indexes for table `academic_years`
--
ALTER TABLE `academic_years`
  ADD PRIMARY KEY (`id`);

--
-- Indexes for table `attendance`
--
ALTER TABLE `attendance`
  ADD PRIMARY KEY (`id`),
  ADD KEY `student_id` (`student_id`),
  ADD KEY `class_id` (`class_id`),
  ADD KEY `section_id` (`section_id`),
  ADD KEY `recorded_by` (`recorded_by`);

--
-- Indexes for table `classes`
--
ALTER TABLE `classes`
  ADD PRIMARY KEY (`id`),
  ADD KEY `class_teacher_id` (`class_teacher_id`);

--
-- Indexes for table `class_subjects`
--
ALTER TABLE `class_subjects`
  ADD PRIMARY KEY (`id`),
  ADD KEY `class_id` (`class_id`),
  ADD KEY `subject_id` (`subject_id`),
  ADD KEY `teacher_id` (`teacher_id`);

--
-- Indexes for table `class_subject_teachers`
--
ALTER TABLE `class_subject_teachers`
  ADD PRIMARY KEY (`id`),
  ADD UNIQUE KEY `unique_class_subject_teacher` (`class_id`,`subject_id`,`teacher_id`),
  ADD KEY `subject_id` (`subject_id`),
  ADD KEY `teacher_id` (`teacher_id`);

--
-- Indexes for table `class_teachers`
--
ALTER TABLE `class_teachers`
  ADD PRIMARY KEY (`id`),
  ADD UNIQUE KEY `unique_class_teacher` (`class_id`,`teacher_id`),
  ADD KEY `teacher_id` (`teacher_id`);

--
-- Indexes for table `events`
--
ALTER TABLE `events`
  ADD PRIMARY KEY (`id`),
  ADD KEY `created_by` (`created_by`);

--
-- Indexes for table `exams`
--
ALTER TABLE `exams`
  ADD PRIMARY KEY (`id`),
  ADD KEY `class_id` (`class_id`),
  ADD KEY `subject_id` (`subject_id`);

--
-- Indexes for table `exam_results`
--
ALTER TABLE `exam_results`
  ADD PRIMARY KEY (`id`),
  ADD KEY `exam_id` (`exam_id`),
  ADD KEY `student_id` (`student_id`);

--
-- Indexes for table `fee_categories`
--
ALTER TABLE `fee_categories`
  ADD PRIMARY KEY (`id`);

--
-- Indexes for table `fee_payments`
--
ALTER TABLE `fee_payments`
  ADD PRIMARY KEY (`id`),
  ADD KEY `student_id` (`student_id`),
  ADD KEY `fee_structure_id` (`fee_structure_id`),
  ADD KEY `collected_by` (`collected_by`);

--
-- Indexes for table `fee_structures`
--
ALTER TABLE `fee_structures`
  ADD PRIMARY KEY (`id`),
  ADD KEY `class_id` (`class_id`),
  ADD KEY `fee_category_id` (`fee_category_id`);

--
-- Indexes for table `guardian_relations`
--
ALTER TABLE `guardian_relations`
  ADD PRIMARY KEY (`id`);

--
-- Indexes for table `holidays`
--
ALTER TABLE `holidays`
  ADD PRIMARY KEY (`id`),
  ADD UNIQUE KEY `date` (`date`);

--
-- Indexes for table `leave_applications`
--
ALTER TABLE `leave_applications`
  ADD PRIMARY KEY (`id`),
  ADD KEY `student_id` (`student_id`),
  ADD KEY `guardian_id` (`guardian_id`),
  ADD KEY `approved_by` (`approved_by`);

--
-- Indexes for table `notices`
--
ALTER TABLE `notices`
  ADD PRIMARY KEY (`id`),
  ADD KEY `created_by` (`created_by`);

--
-- Indexes for table `routines`
--
ALTER TABLE `routines`
  ADD PRIMARY KEY (`id`),
  ADD KEY `class_id` (`class_id`),
  ADD KEY `section_id` (`section_id`),
  ADD KEY `subject_id` (`subject_id`),
  ADD KEY `teacher_id` (`teacher_id`);

--
-- Indexes for table `school_info`
--
ALTER TABLE `school_info`
  ADD PRIMARY KEY (`id`);

--
-- Indexes for table `sections`
--
ALTER TABLE `sections`
  ADD PRIMARY KEY (`id`),
  ADD KEY `class_id` (`class_id`),
  ADD KEY `section_teacher_id` (`section_teacher_id`);

--
-- Indexes for table `sms_logs`
--
ALTER TABLE `sms_logs`
  ADD PRIMARY KEY (`id`),
  ADD KEY `template_id` (`template_id`),
  ADD KEY `sent_by` (`sent_by`);

--
-- Indexes for table `sms_templates`
--
ALTER TABLE `sms_templates`
  ADD PRIMARY KEY (`id`);

--
-- Indexes for table `students`
--
ALTER TABLE `students`
  ADD PRIMARY KEY (`id`),
  ADD UNIQUE KEY `student_id` (`student_id`),
  ADD KEY `class_id` (`class_id`),
  ADD KEY `section_id` (`section_id`),
  ADD KEY `guardian_id` (`guardian_id`);

--
-- Indexes for table `subjects`
--
ALTER TABLE `subjects`
  ADD PRIMARY KEY (`id`),
  ADD UNIQUE KEY `code` (`code`);

--
-- Indexes for table `teacher_evaluations`
--
ALTER TABLE `teacher_evaluations`
  ADD PRIMARY KEY (`id`),
  ADD KEY `teacher_id` (`teacher_id`),
  ADD KEY `student_id` (`student_id`),
  ADD KEY `class_id` (`class_id`),
  ADD KEY `section_id` (`section_id`);

--
-- Indexes for table `teacher_profiles`
--
ALTER TABLE `teacher_profiles`
  ADD PRIMARY KEY (`id`),
  ADD UNIQUE KEY `unique_teacher_profile` (`teacher_id`);

--
-- Indexes for table `users`
--
ALTER TABLE `users`
  ADD PRIMARY KEY (`id`),
  ADD UNIQUE KEY `username` (`username`);

--
-- Indexes for table `weekly_holidays`
--
ALTER TABLE `weekly_holidays`
  ADD PRIMARY KEY (`id`),
  ADD UNIQUE KEY `day_number` (`day_number`);

--
-- AUTO_INCREMENT for dumped tables
--

--
-- AUTO_INCREMENT for table `academic_years`
--
ALTER TABLE `academic_years`
  MODIFY `id` int NOT NULL AUTO_INCREMENT, AUTO_INCREMENT=2;

--
-- AUTO_INCREMENT for table `attendance`
--
ALTER TABLE `attendance`
  MODIFY `id` int NOT NULL AUTO_INCREMENT, AUTO_INCREMENT=493;

--
-- AUTO_INCREMENT for table `classes`
--
ALTER TABLE `classes`
  MODIFY `id` int NOT NULL AUTO_INCREMENT, AUTO_INCREMENT=11;

--
-- AUTO_INCREMENT for table `class_subjects`
--
ALTER TABLE `class_subjects`
  MODIFY `id` int NOT NULL AUTO_INCREMENT;

--
-- AUTO_INCREMENT for table `class_subject_teachers`
--
ALTER TABLE `class_subject_teachers`
  MODIFY `id` int NOT NULL AUTO_INCREMENT, AUTO_INCREMENT=92;

--
-- AUTO_INCREMENT for table `class_teachers`
--
ALTER TABLE `class_teachers`
  MODIFY `id` int NOT NULL AUTO_INCREMENT, AUTO_INCREMENT=31;

--
-- AUTO_INCREMENT for table `events`
--
ALTER TABLE `events`
  MODIFY `id` int NOT NULL AUTO_INCREMENT;

--
-- AUTO_INCREMENT for table `exams`
--
ALTER TABLE `exams`
  MODIFY `id` int NOT NULL AUTO_INCREMENT;

--
-- AUTO_INCREMENT for table `exam_results`
--
ALTER TABLE `exam_results`
  MODIFY `id` int NOT NULL AUTO_INCREMENT;

--
-- AUTO_INCREMENT for table `fee_categories`
--
ALTER TABLE `fee_categories`
  MODIFY `id` int NOT NULL AUTO_INCREMENT, AUTO_INCREMENT=6;

--
-- AUTO_INCREMENT for table `fee_payments`
--
ALTER TABLE `fee_payments`
  MODIFY `id` int NOT NULL AUTO_INCREMENT;

--
-- AUTO_INCREMENT for table `fee_structures`
--
ALTER TABLE `fee_structures`
  MODIFY `id` int NOT NULL AUTO_INCREMENT;

--
-- AUTO_INCREMENT for table `guardian_relations`
--
ALTER TABLE `guardian_relations`
  MODIFY `id` int NOT NULL AUTO_INCREMENT, AUTO_INCREMENT=10;

--
-- AUTO_INCREMENT for table `holidays`
--
ALTER TABLE `holidays`
  MODIFY `id` int NOT NULL AUTO_INCREMENT, AUTO_INCREMENT=7;

--
-- AUTO_INCREMENT for table `leave_applications`
--
ALTER TABLE `leave_applications`
  MODIFY `id` int NOT NULL AUTO_INCREMENT;

--
-- AUTO_INCREMENT for table `notices`
--
ALTER TABLE `notices`
  MODIFY `id` int NOT NULL AUTO_INCREMENT;

--
-- AUTO_INCREMENT for table `routines`
--
ALTER TABLE `routines`
  MODIFY `id` int NOT NULL AUTO_INCREMENT;

--
-- AUTO_INCREMENT for table `school_info`
--
ALTER TABLE `school_info`
  MODIFY `id` int NOT NULL AUTO_INCREMENT, AUTO_INCREMENT=2;

--
-- AUTO_INCREMENT for table `sections`
--
ALTER TABLE `sections`
  MODIFY `id` int NOT NULL AUTO_INCREMENT, AUTO_INCREMENT=18;

--
-- AUTO_INCREMENT for table `sms_logs`
--
ALTER TABLE `sms_logs`
  MODIFY `id` int NOT NULL AUTO_INCREMENT;

--
-- AUTO_INCREMENT for table `sms_templates`
--
ALTER TABLE `sms_templates`
  MODIFY `id` int NOT NULL AUTO_INCREMENT, AUTO_INCREMENT=4;

--
-- AUTO_INCREMENT for table `students`
--
ALTER TABLE `students`
  MODIFY `id` int NOT NULL AUTO_INCREMENT, AUTO_INCREMENT=174;

--
-- AUTO_INCREMENT for table `subjects`
--
ALTER TABLE `subjects`
  MODIFY `id` int NOT NULL AUTO_INCREMENT, AUTO_INCREMENT=10;

--
-- AUTO_INCREMENT for table `teacher_evaluations`
--
ALTER TABLE `teacher_evaluations`
  MODIFY `id` int NOT NULL AUTO_INCREMENT;

--
-- AUTO_INCREMENT for table `teacher_profiles`
--
ALTER TABLE `teacher_profiles`
  MODIFY `id` int NOT NULL AUTO_INCREMENT, AUTO_INCREMENT=9;

--
-- AUTO_INCREMENT for table `users`
--
ALTER TABLE `users`
  MODIFY `id` int NOT NULL AUTO_INCREMENT, AUTO_INCREMENT=18;

--
-- AUTO_INCREMENT for table `weekly_holidays`
--
ALTER TABLE `weekly_holidays`
  MODIFY `id` int NOT NULL AUTO_INCREMENT, AUTO_INCREMENT=8;

--
-- Constraints for dumped tables
--

--
-- Constraints for table `attendance`
--
ALTER TABLE `attendance`
  ADD CONSTRAINT `attendance_ibfk_1` FOREIGN KEY (`student_id`) REFERENCES `students` (`id`) ON DELETE CASCADE,
  ADD CONSTRAINT `attendance_ibfk_2` FOREIGN KEY (`class_id`) REFERENCES `classes` (`id`),
  ADD CONSTRAINT `attendance_ibfk_3` FOREIGN KEY (`section_id`) REFERENCES `sections` (`id`),
  ADD CONSTRAINT `attendance_ibfk_4` FOREIGN KEY (`recorded_by`) REFERENCES `users` (`id`);

--
-- Constraints for table `classes`
--
ALTER TABLE `classes`
  ADD CONSTRAINT `classes_ibfk_1` FOREIGN KEY (`class_teacher_id`) REFERENCES `users` (`id`) ON DELETE SET NULL;

--
-- Constraints for table `class_subjects`
--
ALTER TABLE `class_subjects`
  ADD CONSTRAINT `class_subjects_ibfk_1` FOREIGN KEY (`class_id`) REFERENCES `classes` (`id`) ON DELETE CASCADE,
  ADD CONSTRAINT `class_subjects_ibfk_2` FOREIGN KEY (`subject_id`) REFERENCES `subjects` (`id`) ON DELETE CASCADE,
  ADD CONSTRAINT `class_subjects_ibfk_3` FOREIGN KEY (`teacher_id`) REFERENCES `users` (`id`) ON DELETE SET NULL;

--
-- Constraints for table `class_subject_teachers`
--
ALTER TABLE `class_subject_teachers`
  ADD CONSTRAINT `class_subject_teachers_ibfk_1` FOREIGN KEY (`class_id`) REFERENCES `classes` (`id`) ON DELETE CASCADE,
  ADD CONSTRAINT `class_subject_teachers_ibfk_2` FOREIGN KEY (`subject_id`) REFERENCES `subjects` (`id`) ON DELETE CASCADE,
  ADD CONSTRAINT `class_subject_teachers_ibfk_3` FOREIGN KEY (`teacher_id`) REFERENCES `users` (`id`) ON DELETE CASCADE;

--
-- Constraints for table `class_teachers`
--
ALTER TABLE `class_teachers`
  ADD CONSTRAINT `class_teachers_ibfk_1` FOREIGN KEY (`class_id`) REFERENCES `classes` (`id`) ON DELETE CASCADE,
  ADD CONSTRAINT `class_teachers_ibfk_2` FOREIGN KEY (`teacher_id`) REFERENCES `users` (`id`) ON DELETE CASCADE;

--
-- Constraints for table `events`
--
ALTER TABLE `events`
  ADD CONSTRAINT `events_ibfk_1` FOREIGN KEY (`created_by`) REFERENCES `users` (`id`);

--
-- Constraints for table `exams`
--
ALTER TABLE `exams`
  ADD CONSTRAINT `exams_ibfk_1` FOREIGN KEY (`class_id`) REFERENCES `classes` (`id`),
  ADD CONSTRAINT `exams_ibfk_2` FOREIGN KEY (`subject_id`) REFERENCES `subjects` (`id`);

--
-- Constraints for table `exam_results`
--
ALTER TABLE `exam_results`
  ADD CONSTRAINT `exam_results_ibfk_1` FOREIGN KEY (`exam_id`) REFERENCES `exams` (`id`) ON DELETE CASCADE,
  ADD CONSTRAINT `exam_results_ibfk_2` FOREIGN KEY (`student_id`) REFERENCES `students` (`id`) ON DELETE CASCADE;

--
-- Constraints for table `fee_payments`
--
ALTER TABLE `fee_payments`
  ADD CONSTRAINT `fee_payments_ibfk_1` FOREIGN KEY (`student_id`) REFERENCES `students` (`id`),
  ADD CONSTRAINT `fee_payments_ibfk_2` FOREIGN KEY (`fee_structure_id`) REFERENCES `fee_structures` (`id`),
  ADD CONSTRAINT `fee_payments_ibfk_3` FOREIGN KEY (`collected_by`) REFERENCES `users` (`id`);

--
-- Constraints for table `fee_structures`
--
ALTER TABLE `fee_structures`
  ADD CONSTRAINT `fee_structures_ibfk_1` FOREIGN KEY (`class_id`) REFERENCES `classes` (`id`),
  ADD CONSTRAINT `fee_structures_ibfk_2` FOREIGN KEY (`fee_category_id`) REFERENCES `fee_categories` (`id`);

--
-- Constraints for table `leave_applications`
--
ALTER TABLE `leave_applications`
  ADD CONSTRAINT `leave_applications_ibfk_1` FOREIGN KEY (`student_id`) REFERENCES `students` (`id`),
  ADD CONSTRAINT `leave_applications_ibfk_2` FOREIGN KEY (`guardian_id`) REFERENCES `users` (`id`),
  ADD CONSTRAINT `leave_applications_ibfk_3` FOREIGN KEY (`approved_by`) REFERENCES `users` (`id`);

--
-- Constraints for table `notices`
--
ALTER TABLE `notices`
  ADD CONSTRAINT `notices_ibfk_1` FOREIGN KEY (`created_by`) REFERENCES `users` (`id`);

--
-- Constraints for table `routines`
--
ALTER TABLE `routines`
  ADD CONSTRAINT `routines_ibfk_1` FOREIGN KEY (`class_id`) REFERENCES `classes` (`id`),
  ADD CONSTRAINT `routines_ibfk_2` FOREIGN KEY (`section_id`) REFERENCES `sections` (`id`),
  ADD CONSTRAINT `routines_ibfk_3` FOREIGN KEY (`subject_id`) REFERENCES `subjects` (`id`),
  ADD CONSTRAINT `routines_ibfk_4` FOREIGN KEY (`teacher_id`) REFERENCES `users` (`id`);

--
-- Constraints for table `sections`
--
ALTER TABLE `sections`
  ADD CONSTRAINT `sections_ibfk_1` FOREIGN KEY (`class_id`) REFERENCES `classes` (`id`) ON DELETE CASCADE,
  ADD CONSTRAINT `sections_ibfk_2` FOREIGN KEY (`section_teacher_id`) REFERENCES `users` (`id`) ON DELETE SET NULL;

--
-- Constraints for table `sms_logs`
--
ALTER TABLE `sms_logs`
  ADD CONSTRAINT `sms_logs_ibfk_1` FOREIGN KEY (`template_id`) REFERENCES `sms_templates` (`id`),
  ADD CONSTRAINT `sms_logs_ibfk_2` FOREIGN KEY (`sent_by`) REFERENCES `users` (`id`);

--
-- Constraints for table `students`
--
ALTER TABLE `students`
  ADD CONSTRAINT `students_ibfk_1` FOREIGN KEY (`class_id`) REFERENCES `classes` (`id`),
  ADD CONSTRAINT `students_ibfk_2` FOREIGN KEY (`section_id`) REFERENCES `sections` (`id`),
  ADD CONSTRAINT `students_ibfk_3` FOREIGN KEY (`guardian_id`) REFERENCES `users` (`id`);

--
-- Constraints for table `teacher_evaluations`
--
ALTER TABLE `teacher_evaluations`
  ADD CONSTRAINT `teacher_evaluations_ibfk_1` FOREIGN KEY (`teacher_id`) REFERENCES `users` (`id`),
  ADD CONSTRAINT `teacher_evaluations_ibfk_2` FOREIGN KEY (`student_id`) REFERENCES `students` (`id`),
  ADD CONSTRAINT `teacher_evaluations_ibfk_3` FOREIGN KEY (`class_id`) REFERENCES `classes` (`id`),
  ADD CONSTRAINT `teacher_evaluations_ibfk_4` FOREIGN KEY (`section_id`) REFERENCES `sections` (`id`);

--
-- Constraints for table `teacher_profiles`
--
ALTER TABLE `teacher_profiles`
  ADD CONSTRAINT `teacher_profiles_ibfk_1` FOREIGN KEY (`teacher_id`) REFERENCES `users` (`id`) ON DELETE CASCADE;
COMMIT;

/*!40101 SET CHARACTER_SET_CLIENT=@OLD_CHARACTER_SET_CLIENT */;
/*!40101 SET CHARACTER_SET_RESULTS=@OLD_CHARACTER_SET_RESULTS */;
/*!40101 SET COLLATION_CONNECTION=@OLD_COLLATION_CONNECTION */;
